Name,City,Cuisines,Average Cost,Aggregate Rating,latitude,longitude
101번지남산돈까스 본점,서울 중구,"돈까스,우동",13030.76923,3.3,37.55694945,126.9857467
10꼬르소꼬모 청담점,서울 강남구,카페,17100,3.3,37.52692769,127.0424057
1940금문,서울 종로구,중국요리,12250,2.7,37.58539563,127.000634
1인1잔,서울 은평구,카페,6016.666667,3.6,37.64097031,126.9379326
2카페,서울 영등포구,카페,8763.333333,5,37.52835121,126.8983845
31금룡 삼일빌딩점,서울 종로구,중국요리,144333.3333,4.3,37.56859139,126.9871639
33에이커,서울 강동구,양식,33421.05263,4,37.56316852,127.1498298
3대삼계장인,서울 서초구,삼계탕,24250,3.8,37.49135587,127.0115564
3일한우국밥,서울 영등포구,국밥,12178.57143,3.6,37.51992618,126.9040519
566라멘,서울 마포구,일본식라면,11833.33333,4.1,37.56056293,126.9208808
5TO7,서울 성동구,카페,9333.333333,3.8,37.54608263,127.0433219
63뷔페 파빌리온 용산점,서울 용산구,뷔페,53555.55556,3.8,37.52905546,126.9646062
943킹스크로스,서울 마포구,테마카페,14166.66667,4.1,37.5529891,126.9208095
BBC어스,서울 중구,스포츠의류,0,4,37.56358319,126.9834285
BK볏짚직화구이 장안동본점,서울 동대문구,"육류,고기",15800,3.1,37.57055526,127.0716023
보메청담,서울 중구,양식,0,4.5,37.56549942,127.0230339
블랙랩,서울 강남구,카페,4180,3.7,37.506703,127.0490536
카페종로시장,서울 종로구,카페,4833.333333,4.4,37.56945411,126.9836887
다피타,서울 서초구,이탈리안,21800,3.5,37.48284714,127.006422
그라운드62,서울 종로구,갤러리카페,8000,3.2,37.60832012,126.963204
HDD,서울 성동구,피자,22333.33333,3.7,37.54297374,127.0532166
아이오유,서울 용산구,이탈리안,72000,3.7,37.53515253,126.9456236
저스트스테이크,서울 강남구,"스테이크,립",14266.66667,3.5,37.52313167,127.0344034
로와이드 서울숲점,서울 성동구,카페,6100,4.1,37.54694119,127.0410467
무오키,서울 강남구,양식,190000,4.4,37.51902956,127.0422384
우현증메르시,서울 강남구,메이크업,189526.3158,4.2,37.5222044,127.0316632
33rpm,서울 중구,양식,19666.66667,5,37.56464964,127.0117941
RSG,서울 성동구,카페,5233.333333,3.9,37.54259209,127.0599659
쎈느,서울 성동구,카페,6660,3.8,37.54489277,127.0534442
써머레인,서울 용산구,디저트카페,16714.28571,3.1,37.53635437,126.9992646
더라운드 삼성점,서울 강남구,중식,36647.05882,3,37.52005652,127.0575995
카멜 성수점,서울 강남구,카페,5307.692308,3.4,37.53724034,127.055894
카모플라쥬,서울 성동구,카페,0,4.6,37.54898656,127.0456841
미누씨,서울 성동구,양식,20840,4.1,37.4817004,127.0435628
mtl 효창,서울 강남구,카페,7345,3.4,37.54200619,126.9609169
가나돈까스의집,서울 용산구,"돈까스,우동",12900,3,37.50986786,127.0377995
가담,서울 강남구,중식,28038.46154,3.3,37.52637641,127.0302689
가락골마산아구찜,서울 강남구,아구,59117.64706,3.7,37.49746742,127.1217255
가람국시 논현동점 (휴업중),서울 송파구,국수,21250,3.7,37.52437305,127.040704
가마골,서울 강남구,한식,54200,4.4,37.49936787,127.0337513
가마로강정 신길삼거리점,서울 종로구,닭강정,9937.5,4.9,37.51458727,126.9177656
가문,서울 영등포구,중국요리,11404.7619,4.1,37.55876366,126.937435
가미분식,서울 강북구,분식,9000,4,37.60644444,127.0946956
가미우동,서울 서대문구,"돈까스,우동",7450,4.4,37.55468317,126.9238577
가산물갈비&즉석소불고기,서울 마포구,"불고기,두루치기",66500,4,37.47727586,126.8836615
가야밀냉면해물칼국수 본점,서울 금천구,한식,10916.66667,4.5,37.65578001,126.9477048
가야성,서울 은평구,중식,20618.91892,4.4,37.56650031,126.9885089
가양칼국수,서울 동작구,한식,15000,4.2,37.52093631,126.9313694
가정식당,서울 영등포구,한식,10300,5,37.52122645,126.8946792
가조쿠,서울 강남구,일식,11156.25,3.9,37.54319904,127.0531013
가쯔야 무교본점,서울 성동구,"돈까스,우동",18666.66667,4.3,37.56785634,126.981595
각시보쌈,서울 중구,"족발,보쌈",31363.63636,3.7,37.54751127,126.9134497
대성갈비,서울 마포구,갈비,24555.55556,3.3,37.59289917,126.9176048
갈비명가이상 돈암본관,서울 성동구,갈비,53428.57143,3,37.6014129,127.0236451
갈비사랑,서울 성동구,갈비,60300,5,37.49563131,127.0270902
갈현동할머니떡볶이,서울 성북구,떡볶이,2875,3.4,37.57061289,126.9610378
감꽃당,서울 서초구,디저트카페,7115,2.8,37.57379762,126.9900836
감나무집기사식당,서울 은평구,기사식당,12800,3.9,37.56170894,126.9221585
감동식당,서울 종로구,한식,9175,4.8,37.57933329,126.982088
감미옥,서울 마포구,한식,12025.64103,2.4,37.87802517,127.7378407
소고기땡기는날 값진식육,서울 노원구,한식,22933.33333,4,37.51902885,126.8896859
갓덴스시 강남점,서울 서초구,"초밥,롤",5838.461538,4.1,37.49877715,127.0290907
갓잇 송리단길점,서울 영등포구,양식,23250,4.2,37.51001826,127.1079867
갓파스시 구로점,서울 강남구,"초밥,롤",9903.703704,2.8,37.48373843,126.8958173
갓포마코토,서울 송파구,일식,36200,4.1,37.52661685,127.034034
갓포아키 도산공원점,서울 구로구,일식집,23800,4.3,37.52299417,127.036236
갓포준X에스테반,서울 강남구,일식,28000,4,37.52415792,127.0274998
강가네돌솥밥추어탕,서울 강남구,추어,9500,3.3,37.48035759,126.9085706
강강술래 신림점,서울 강남구,갈비,25079.16667,2.9,37.48458101,126.9350321
강남목장,서울 금천구,"육류,고기",31043.47826,3.8,37.5004272,127.0402997
강남진해장,서울 관악구,"찌개,전골",38777.77778,3.3,37.49958439,127.0293081
강동반상,서울 강남구,한식,18300,3.3,37.54977434,127.1753261
강동해물찜해천탕,서울 강남구,"매운탕,해물탕",59818.18182,3.4,37.53224198,127.1385853
강서면옥,서울 강동구,냉면,27400,2.3,37.56209302,126.9739225
강수사,서울 강동구,일식,50166.66667,4.3,37.57134702,126.9342187
강촌쌈밥,서울 중구,쌈밥,12000,5,37.60216644,127.0219829
강한만두,서울 서대문구,분식,0,5,37.5693158,127.012731
개뿔,서울 성북구,갤러리카페,7300,4.1,37.57819101,127.0080695
개성만두 궁,서울 중구,한식,21187.5,4.1,37.57428367,126.9853924
개화,서울 종로구,중국요리,10500,2.9,37.56210893,126.9818771
개화산장,서울 종로구,오리,58333.33333,4.3,37.57380097,126.8039176
개화옥,서울 중구,한식,36300,1.8,37.5277399,127.0386095
갤러리더스퀘어,서울 강서구,카페,8500,4.3,37.58296584,126.987012
갤러리카페3안,서울 강남구,갤러리카페,0,4,37.58695492,126.9829987
갯마을,서울 종로구,"해물,생선",39500,4.1,37.56872939,126.9885901
갯마을풍천장어,서울 종로구,장어,35857.14286,4.4,37.6877901,127.0431729
거울한옥미러룸,서울 성북구,카페,7652.173913,3.4,37.58006024,126.9811425
거창왕돈가스전문점,서울 도봉구,"돈까스,우동",13600,2.9,37.52172273,126.9266062
숯불부자곱창,서울 종로구,"곱창,막창",15258.33333,3.6,37.54222588,127.0704776
게방식당,서울 영등포구,"게,대게",17500,3.1,37.52604137,126.9282989
경동함흥냉면,서울 광진구,냉면,11333.33333,3.6,37.58009566,127.0395841
경복궁 창동점,서울 강남구,한정식,53400,3.1,37.65889098,127.0412307
경복궁에맛있는부엌,서울 동대문구,한식,8000,3.4,37.57623777,126.9701819
경복식당,서울 도봉구,한식,5500,4.6,37.62377229,127.0786991
경천애인2237 삼성본점,서울 종로구,"육류,고기",12400,4.1,37.50596086,127.0525569
경천애인2237 삼성본점,서울 노원구,"육류,고기",12400,4.1,37.50596086,127.0525569
경회루,서울 강남구,한정식,46090.90909,2.7,37.61994575,127.0746048
종로계림닭도리탕 충무로직영점,서울 강남구,닭요리,39000,3.2,37.56238414,126.9955179
계림 종로본점,서울 강남구,닭요리,42000,3.9,37.57015789,126.9945032
샤브촌by계백집,서울 강남구,샤브샤브,11666.66667,3.3,37.51196551,127.0594177
계월곰탕,서울 강남구,곰탕,14750,3.6,37.53956044,127.0476313
숯불닭갈비 계자람 성수 본점,서울 강남구,닭요리,12800,4.5,37.53775876,127.0551601
카페고고스,서울 강남구,카페,6500,4.2,37.48646348,127.0232244
서윤피부맑음 명동점,서울 강남구,피부관리,0,4.4,37.56876511,126.9795618
경복궁 고궁뜨락,서울 노원구,카페,4300,3.8,37.57659207,126.9749771
고궁의아침,서울 중구,"육류,고기",22300,3.7,37.57624151,126.9975774
고기다,서울 종로구,"육류,고기",20628.57143,3.3,37.57051813,127.0167417
고기창고,서울 송파구,"육류,고기",23833.33333,4.4,37.48096865,127.1212646
고대앞멸치국수,서울 성동구,국수,6875,2.7,37.58626766,127.0330693
고도식 잠실점,서울 성동구,"육류,고기",18538.46154,3.7,37.51035372,127.1086579
고두리 용산점,서울 서초구,두부전문점,14214.28571,4.1,37.53124162,126.9689779
고든램지버거 롯데월드몰,서울 중구,햄버거,30823.52941,3.7,37.51318389,127.1014309
고라니커피클럽,서울 종로구,카페,4500,4.2,37.54167084,126.9732043
고래불 강남역삼본점,서울 종로구,회,76866.66667,3.6,37.49625663,127.0339614
고래맥주창고 공릉경춘선숲길점,서울 성동구,주류판매,9900,2,37.62308157,127.0795355
고려삼계탕,서울 서초구,삼계탕,31285.71429,4.7,37.50388211,127.0257722
고려정,서울 동대문구,"사철탕,영양탕",26833.33333,4.5,37.65442593,127.0631325
고른햇살,서울 송파구,분식,8400,4.3,37.58700023,127.0294465
고모네원조콩탕황태탕,서울 용산구,한식,22764.70588,4.3,37.52966821,127.1359287
고미소곱창,서울 송파구,"곱창,막창",13160,4.5,37.58181443,127.0477681
고미정,서울 용산구,한정식,23000,3.9,37.57270365,126.9370339
고바우소곱창 노원점,서울 강남구,"곱창,막창",25400,3.7,37.65305987,127.0582086
고봉삼계탕,서울 노원구,삼계탕,28454.54545,3.7,37.53053049,126.9203706
고성막국수,서울 중구,국수,19200,3.4,37.57745706,126.8161479
고양이똥,서울 노원구,카페,0,3.9,37.55268383,126.8539247
고양이정원,서울 성북구,고양이카페,14000,2.6,37.57569903,126.8031723
고운돈카츠 본점,서울 강동구,"돈까스,우동",13500,4.4,37.54459059,127.0542056
남도사계고운님,서울 동대문구,"해물,생선",21315.78947,3.8,37.50432851,127.0558921
고추장구이,서울 서대문구,"육류,고기",11000,3.5,37.54795365,127.1322615
고티,서울 노원구,"호프,요리주점",10800,4.1,37.53993228,127.069904
고향,서울 영등포구,한식,12600,3.6,37.5172088,126.9075031
고향냉면,서울 강서구,냉면,8000,4.6,37.51144184,126.9127086
고향풍천장어,서울 강서구,장어,0,5,37.55708601,126.8613257
고희,서울 강서구,디저트카페,9605.263158,4.6,37.54790714,127.1556327
골드피쉬딤섬퀴진,서울 성동구,중국요리,13457.14286,4,37.52607082,127.0371006
골목냉면,서울 강남구,냉면,9333.333333,2.7,37.54855727,127.0219898
골목대장,서울 강동구,한식,0,3.8,35.1751369,126.9132274
골목떡볶이,서울 광진구,떡볶이,3000,3.5,37.48902856,127.1234893
골목집,서울 종로구,실내포장마차,20000,4.4,37.57646379,126.9734194
곰국시집,서울 성동구,국수,40000,3.6,37.5680587,126.9794216
곰국시집 명동점,서울 강서구,국수,39800,2.8,37.5630663,126.9856142
곰바위 봉은사 본점,서울 강동구,"곱창,막창",51642.85714,3.3,37.51488687,127.058807
곱 문래점,서울 강남구,"곱창,막창",25000,4.7,37.51746003,126.896465
공기,서울 성동구,한식,32562.5,3.9,37.58067862,127.0491293
공미학 마포홍대점,서울 영등포구,디저트카페,6585,2.8,37.55642931,126.9238696
공평동꼼장어 본점,서울 송파구,장어,11000,3.4,37.57181099,126.9828075
공푸,서울 용산구,중국요리,13142.85714,4.3,37.58878226,127.016114
공항칼국수,서울 중구,한식,16636.36364,2.6,37.56097219,126.8091576
광명수산,서울 중구,회,33400,3.7,37.59416267,127.0182983
광양불고기,서울 강남구,"불고기,두루치기",19950,2.9,37.50185814,127.0660053
광양불고기,서울 영등포구,"불고기,두루치기",19950,2.9,37.50185814,127.0660053
광양불고기본가,서울 용산구,"육류,고기",0,2.9,37.50185814,127.0660053
광장동가온,서울 마포구,국수,30416.66667,2.9,37.56384574,126.9862287
광장싸롱 1961,서울 종로구,카페,0,4,37.57031297,127.0016527
광주똑순이아구찜,서울 성북구,아구,50050,3.9,37.55936806,126.8378458
광화문국밥 본점,서울 강서구,국밥,21285.71429,4,37.56895893,126.9753917
광화문등심 광화문점,서울 성북구,"육류,고기",22300,4,37.57181786,126.9806341
광화문석갈비 코엑스점,서울 송파구,갈비,34400,4.5,37.50946864,127.0597912
광화문한옥집,서울 송파구,한식,27652.17391,2.9,37.57277165,126.9740365
괴르츠,서울 송파구,양식,119000,3.3,37.54998463,127.1101945
교다이야,서울 송파구,"돈까스,우동",12875,3.8,37.54684796,126.9132196
구기동오면,서울 송파구,국수,9900,3.5,37.60716633,126.9588976
구기우육도삭면,서울 송파구,중국요리,12460,4.5,37.59565084,127.0616447
구복만두,서울 송파구,분식,9000,3.7,37.51131078,127.0981404
구수옥설렁탕,서울 송파구,설렁탕,14200,3.1,37.4662753,127.0430621
구스아일랜드 브루하우스,서울 강남구,"호프,요리주점",75000,3.7,37.49333431,127.031997
구욱희씨,서울 광진구,카페,5508.333333,4.1,37.54711029,127.0418695
구월십일,서울 종로구,"돈까스,우동",14838.88889,4,37.64679245,127.0361465
구정만두칼국수,서울 강서구,칼국수,24775,2.8,37.52337866,127.0270188
구텐스테이크하우스,서울 중구,"스테이크,립",17125,4.3,37.52817827,126.8758126
구펠,서울 종로구,카페,5080,4.7,37.54836976,127.0469897
국시랑만두,서울 강남구,국수,22764.70588,4.5,37.52437305,127.040704
국시집,서울 종로구,국수,23250,3.2,37.59812249,126.9624956
국화정원,서울 마포구,한정식,64333.33333,3.3,37.59458552,126.9926852
군산오징어 잠실본점,서울 마포구,"해물,생선",17923.33333,3,37.50626159,127.0970073
군산찜,서울 종로구,"해물,생선",24214.28571,3.8,37.56518477,127.0191401
굴다리식당,서울 동대문구,한식,12444.44444,2.3,37.50533979,127.0264513
굴림,서울 용산구,디저트카페,3540,4.3,37.53627194,127.0535727
굿갓레스토랑 성수역점,서울 관악구,양식,28750,3.9,37.54333187,127.0542375
궁나라냉면묵밥,서울 강남구,냉면,7625,3.9,37.5769054,127.015893
궁전백반삼겹살,서울 성동구,삼겹살,0,4,37.52032889,126.900737
권숙수,서울 도봉구,한식,183333.3333,4.3,37.52437202,127.0435763
권참치,서울 강남구,참치회,60500,4.4,37.58101022,127.0866536
그날의우리,서울 양천구,"사진관,포토스튜디오",0,4.4,37.86468772,127.7243581
즐춤그대,서울 성동구,칵테일바,10800,3.6,37.50398115,127.0509745
그라데이션커피,서울 종로구,커피전문점,4760,4.9,37.55053801,127.0502909
그란구스또,서울 성북구,이탈리안,28160,4.2,37.50198049,127.0595817
그랑씨엘,서울 성북구,이탈리안,28250,3.3,37.52338712,127.0358561
그랜드컨벤션센터,서울 송파구,예식장,0,2.8,37.55510616,127.1108777
그릭조이,서울 마포구,양식,16000,4.1,37.54819625,126.9137522
그린잇 랩,서울 마포구,"식품가공,제조",0,3.3,37.67453843,127.0580599
그릴1492 본점,서울 성동구,"육류,고기",18000,4.2,37.56512619,127.0125639
글로브비스트로,서울 성동구,이탈리안,19200,3.2,37.50922392,127.0608542
글로우,서울 종로구,디저트카페,6885,5,37.61203311,127.0086756
금강수림,서울 영등포구,한식,45500,4.1,37.48520833,127.034455
금고깃집 마곡본점,서울 강남구,"육류,고기",18400,4.8,37.56050945,126.8331973
금동화로숯불구이,서울 중랑구,갈비,0,3.6,37.56328513,126.9954454
금돼지식당,서울 용산구,"육류,고기",14857.14286,4.6,37.55705875,127.0116797
금룡,서울 강남구,중국요리,11227.27273,2.5,37.49390646,127.1109319
금바위감자탕 가락본점,서울 성동구,감자탕,37285.71429,3.2,37.48892826,127.1220317
금성관 나주곰탕,서울 강남구,곰탕,14329.16667,4,37.48277432,126.8999613
금수강산,서울 강남구,삼겹살,13714.28571,4.7,37.4930919,127.0134903
금왕돈까스 본점,서울 영등포구,"돈까스,우동",13800,2.8,37.59483069,126.9943836
금용문,서울 마포구,중국요리,28600,3.3,37.57276084,126.9740456
등촌샤브칼국수 금호점,서울 노원구,샤브샤브,6875,4.6,37.55415652,127.0194089
기미사,서울 중구,커피전문점,5500,4.2,37.54510618,127.0628523
기와,서울 강남구,한정식,26636.36364,3.2,37.52537395,127.0383515
기절초풍왕순대,,순대,17428.57143,3.9,37.47813673,126.9584358
기후,서울 강남구,일식,88000,3.9,37.54061178,127.0561229
긴꼬리초밥 마곡점,서울 강서구,"초밥,롤",29233.33333,2.8,37.55947446,126.8372548
길림성,서울 중구,중국요리,18466.66667,3.6,37.56811431,126.9121536
길목,서울 중구,"육류,고기",13600,4.2,37.56253829,127.0007006
길복정,서울 성동구,복어,36000,3.5,37.57323291,126.9738145
김밥나라,서울 송파구,분식,0,2.2,37.49730186,127.1490422
김북순큰남비집 신사본점,서울 중구,"찌개,전골",11000,3.8,37.52067798,127.0198561
김삼보김치찌개 신촌점,서울 영등포구,"찌개,전골",8750,3.3,37.55889548,126.9396917
김수사,서울 성북구,"초밥,롤",75000,3.8,37.56025,126.9807876
김영섭초밥,서울 종로구,"초밥,롤",19274.46809,3.7,37.57766014,126.8933138
김진목삼,서울 성동구,삼겹살,11714.28571,4.5,37.5771476,126.969517
까델루뽀,서울 성동구,이탈리안,28400,4.1,37.58182424,126.9714204
까르니브라질그릴,서울 용산구,"멕시칸,브라질",28425,4.3,37.48205077,126.9966533
까볼로,서울 관악구,이탈리안,8357.142857,4.4,37.61866075,126.9182967
카페 하이오렌지,서울 성동구,카페,100,4.8,37.4867933,126.9550842
까폼 본점,서울 강서구,태국음식,15850,3.9,37.52485689,127.0379926
깔리,서울 마포구,인도음식,16166.66667,4.4,37.58247551,126.9992664
꺼거 본점,서울 강남구,중식,14269.23077,4.3,37.53155031,126.9711262
꼬숑돈까스,서울 종로구,"돈까스,우동",4000,3.8,37.55790764,126.9372999
에피세리꼴라주,서울 영등포구,양식,30714.28571,3.5,37.53536825,127.0100607
꼼떼 둔촌본점,서울 강남구,이탈리안,39500,4.5,37.53298519,127.1497513
꽁티드툴레아 도산점,서울 서대문구,카페,16900,3.4,37.52556362,127.0368888
꽃밥에피다 인사동,서울 강남구,한식,40818.18182,4.1,37.57527458,126.9840202
꽃새우영번지 역삼점,서울 마포구,"해물,생선",60000,3.4,37.50619417,127.0413716
꽃피는산골,서울 종로구,"호프,요리주점",17904.7619,4.1,37.57109777,126.9855832
꾸띠자르당,서울 종로구,양식,17379.6875,3,37.53345122,126.99461
꾸에바마테라,서울 서초구,카페,4200,4,37.54527154,126.9852216
꾸이꾸이돼지촌쭈꾸미 본점,서울 은평구,"육류,고기",18033.33333,4.3,37.56766824,126.8141515
꿀꿀진순대국 강동본점,서울 관악구,순대,17428.57143,3.9,37.53398328,127.1341975
꿉당 성수점,서울 강남구,"육류,고기",18708.33333,3.9,37.54324197,127.0576298
나누미떡볶이,서울 종로구,떡볶이,3309.090909,5,37.58370174,126.9979168
나능이능이버섯백숙 대치점,서울 용산구,닭요리,72666.66667,4.5,37.50364772,127.055118
나리의집,서울 서대문구,삼겹살,8800,3.4,37.53699048,127.0001267
나리의집,서울 용산구,삼겹살,8800,3.4,37.53699048,127.0001267
나리의집,서울 강동구,삼겹살,8800,3.4,37.53699048,127.0001267
나인온스버거 낙성대점,서울 강남구,햄버거,9785.714286,4,37.47723931,126.9583956
낙동강,서울 종로구,"육류,고기",28000,3.3,37.5676083,126.9799515
낙산냉면,서울 강남구,냉면,10666.66667,2.5,37.57448901,127.0152778
메이필드호텔 낙원,서울 종로구,한정식,89700,3.8,37.54774754,126.8184095
낙원떡집,서울 용산구,"떡,한과",5000,1.9,37.53891449,126.9888526
낙원빈대떡,서울 용산구,한식,6600,4.1,37.57116125,126.9894659
낙원타코 강남역점,서울 강서구,"멕시칸,브라질",28233.33333,3.8,37.4981311,127.0252794
낙원테산도 용산아이파크몰점,서울 강동구,퓨전일식,13300,4.3,37.52885722,126.964518
낙지왕국 본점,서울 성동구,"해물,생선",27200,3.7,37.57213988,126.9912747
낙타날다,서울 동대문구,카페,6950,4.3,37.47520518,126.9807122
난포,서울 강남구,한식,21181.81818,4.1,37.54701449,127.0426842
남도분식 익선점,서울 용산구,분식,13000,3.3,37.5731489,126.9900757
남문토방,서울 용산구,추어,20400,3.3,37.5605406,126.9783779
남미플랜트랩,서울 용산구,양식,15466.66667,4.2,37.48060801,126.9832309
남산산채집,서울 용산구,한식,15087.5,3.4,37.55679263,126.9853642
남산생고기집,서울 용산구,"육류,고기",0,3.3,37.55924341,126.9859533
남서울민물장어,서울 용산구,장어,150600,3.9,37.5062734,127.0295505
남영돈,서울 용산구,"육류,고기",14600,4.5,37.54275036,126.9737754
남원집,서울 용산구,"육류,고기",25812.5,4.5,36.30822611,127.4041587
남원추어탕,서울 용산구,추어,14200,4.2,37.52748762,126.9995384
남원황토추어탕 본점,서울 용산구,추어,14400,3.8,37.52504883,127.1286349
남포면옥,서울 용산구,냉면,27157.89474,3,37.5671653,126.9817536
남한강민물매운탕,서울 용산구,"매운탕,해물탕",43000,3.8,37.54562512,127.0662113
남해굴국밥,서울 용산구,"굴,전복",21764.70588,3.9,37.57134371,127.0016798
남해바다,서울 용산구,회,55718.75,3.3,37.54255774,126.9473744
내가국수다,서울 용산구,국수,11250,4.2,37.47360724,127.108451
오쭈꾸미,서울 관악구,"해물,생선",0,5,37.55576532,126.925346
내자상회,서울 중구,카페,6692.307692,4,37.57578284,126.9704854
너비집,서울 종로구,갈비,49666.66667,3.6,37.56552488,126.9837733
널담은공간,서울 강서구,카페,5807.692308,3.5,37.57804811,126.9798332
네기다이닝라운지,서울 종로구,일식집,22750,4.2,37.51946535,127.0240219
네모집 청담점,서울 종로구,"육류,고기",74600,3.8,37.52260669,127.0418422
네이버후드,서울 서초구,"호프,요리주점",21445,4.1,35.18021264,128.5594318
노다지품바,서울 용산구,"해물,생선",22500,3.9,37.57297266,127.0039031
노들강 본채,서울 종로구,"해물,생선",65796.2963,3.4,37.50622198,127.0259788
노랑저고리 강남점,서울 관악구,한정식,32777.77778,3.6,37.49829327,127.0253485
노조미,서울 성동구,일식,54000,4.2,37.60730449,127.0629058
노천파전,서울 종로구,"호프,요리주점",17714.28571,3.1,37.58966737,127.0562004
논밭골 봉천점,서울 중구,갈비,13000,3.5,37.48049593,126.9459482
논현손칼국수,서울 서초구,칼국수,10250,3.4,37.50763141,127.0322248
농민백암순대 본점,서울 중구,국밥,17571.42857,4.5,37.50370815,127.0530077
농부보쌈,서울 중구,"족발,보쌈",40200,3.6,37.58649631,127.094933
누리,서울 강남구,한정식,0,4,37.51866416,127.0289401
누메로도스,서울 용산구,이탈리안,19818.18182,3.8,37.54635678,127.0473607
누메로뜨레쓰,서울 성동구,이탈리안,12400,4.1,37.54253421,127.0486743
누브티스,서울 강남구,양식,23750,1.3,37.59632283,126.9972461
눈나무집,서울 송파구,한식,8142.857143,3,37.58746562,126.9818822
뉘조,서울 강동구,한정식,35750,3.5,37.57513959,126.9852338
뉴델리,서울 중구,인도음식,15426.66667,4.5,37.52750257,127.0306246
켄싱턴호텔 여의도 뉴욕뉴욕,서울 광진구,"스테이크,립",149900,4.4,37.53029732,126.9220045
뉴웨이브서울,서울 종로구,와인바,18133.33333,3.1,37.57127265,126.9752324
늘봄해물찜손칼국수 답십리본점,서울 마포구,"해물,생선",36294.11765,3.1,37.5685586,127.0568049
늘푸른목장 잠실본점,서울 강남구,"육류,고기",27500,3.5,37.50958909,127.08267
늘푸른식당,서울 마포구,한식,15800,3.3,37.51942031,126.9386104
능라밥상,서울 종로구,한식,32000,3.7,37.57292939,126.9640025
능이버섯백숙,서울 중구,닭요리,55000,4.4,37.56070022,126.996857
니드스윗 송파,서울 종로구,디저트카페,5656.521739,3.5,37.51012261,127.1091553
니와,서울 강남구,일식집,15800,4.1,37.52078411,126.9745161
다과상사,서울 강남구,카페,4714.285714,4.8,37.53938091,126.961647
다동황소막창,서울 서대문구,"곱창,막창",13666.66667,5,37.56266219,126.9822086
다락정,서울 종로구,한식,5833.333333,3.5,37.58723852,126.9815234
다래국수다래파전,서울 강남구,국수,12562.5,4.8,37.57657332,126.9717485
다래함박스텍,서울 서초구,"돈까스,우동",5916.666667,4.3,37.63275731,127.0190328
다로베,서울 영등포구,피자,25500,4,37.54851891,127.0433866
다미죽,서울 동대문구,죽,14909.09091,4,37.56217791,126.9855442
다온바이뱀부,서울 관악구,"육류,고기",0,4.4,37.51607676,127.0277536
나레초밥 거여본점,서울 강남구,"초밥,롤",21400,3.3,37.49276297,127.1465839
다올 숯불구이 명동점,서울 강남구,"육류,고기",23666.66667,4.9,37.56323728,126.9839707
다운타우너 청담,서울 중랑구,햄버거,10052,3.9,37.52405933,127.038525
단디,서울 종로구,"호프,요리주점",16573.68421,4.4,37.5739196,126.9848627
단미그린비,서울 성동구,한정식,52400,2.9,37.47931037,127.1026932
단박왕돈까스,서울 성동구,"돈까스,우동",13214.28571,3.6,37.53788241,126.9705818
단비,서울 성북구,한정식,0,2.9,37.58429052,127.0372982
단스시 논현본점,서울 종로구,"초밥,롤",6221.95122,3.2,37.51510152,127.0357661
단아,서울 종로구,한복,0,5,37.6012496,126.9333816
단일서울,서울 강남구,카페,7666.666667,3.9,37.54303103,127.0454995
달카페,서울 영등포구,무인카페,0,5,37.57719502,126.9245786
달리나인,서울 광진구,양식,12900,3,37.50594173,127.0066276
달링키친,서울 동대문구,양식,25477.27273,3.5,37.52212166,127.0232513
홍춘천치즈닭갈비 회기경희대점,서울 송파구,닭요리,12266.66667,4.3,37.5919366,127.0510661
닭내장집,서울 성북구,닭요리,18000,3.9,37.6130707,127.0647851
닭으로가 압구정본점,서울 종로구,닭요리,16800,2.9,37.52699033,127.038401
닭한마리 공릉본점,서울 영등포구,닭요리,7000,3.9,37.62118813,127.0747273
닭한마리돼지한근탕,서울 송파구,닭요리,20800,3.4,37.56069563,127.0053229
담은갈비 송파잠실점,서울 용산구,갈비,19157.89474,4.3,37.5068522,127.089591
당산오돌 본점,서울 용산구,"육류,고기",21285.71429,3.6,37.52756314,126.8997997
대가방 본점,서울 중구,중국요리,40936.36364,3.2,37.51070224,127.0429293
대가식당,서울 종로구,"육류,고기",40000,3.7,37.56170594,126.9868199
대가원 본점,서울 종로구,"육류,고기",57000,4.5,37.55975293,126.830889
대나무골,서울 강북구,한정식,41538.46154,2.7,37.67703301,127.3207613
대나무와인삼겹살,서울 성동구,삼겹살,12400,3.5,37.55897043,126.9861198
대도식당 왕십리본점,서울 중구,"육류,고기",17000,3.9,37.56741501,127.0306568
대돈집,서울 강남구,삼겹살,12500,3.7,37.54862259,127.0455957
대문,서울 송파구,한정식,26850,3.5,37.48885119,127.1462664
대문점,서울 중구,중국요리,20250,3.3,37.51860349,126.9085783
한우소머리국밥&대박쌈밥두루치기,서울 강남구,국밥,16761.90476,1.7,37.58934553,126.9161413
대방골,서울 마포구,한정식,49000,4.2,37.53099388,126.9207819
대보명가 서울본점,서울 강남구,한정식,47500,3.5,37.64568055,127.0071159
대복,서울 용산구,복어,23800,4.7,37.5253442,126.8679527
대상해,서울 용산구,중국요리,11700,3.6,37.51864342,126.9101189
대성갈비,서울 강남구,갈비,24555.55556,3.3,37.59289917,126.9176048
대성집,서울 강남구,국밥,16750,4.2,37.49539331,127.0312843
대성한정식,서울 성동구,한정식,0,4.8,37.57193396,126.9860721
대여죽집,서울 서대문구,죽,16300,3.7,37.52070126,126.9300144
대우부대찌개,서울 서초구,"찌개,전골",28200,3.8,37.50269666,127.0352174
대원,서울 강남구,제조업,0,5,37.52747004,127.0372246
대장금,서울 동대문구,한식,10250,4,37.57377335,126.9731261
대청마루,서울 서대문구,"육류,고기",21650,3.9,37.5555192,126.9183205
대치동함흥면옥,서울 강남구,냉면,13500,3.1,37.49704313,127.053625
박정희대통령기념관,서울 노원구,도서관,0,2.6,37.57489277,126.886118
대평갈비,서울 중구,갈비,41881.81818,4,37.60700845,126.9701741
대포찜닭,서울 송파구,한식,11000,4.7,37.55810913,126.9366727
생선구이대풍,서울 영등포구,"해물,생선",17125,4.1,37.51077264,127.0179827
대한옥,서울 강남구,설렁탕,41800,3.4,37.5193621,126.910885
대호고깃집,서울 광진구,"육류,고기",11812.5,4,37.57057545,127.0709955
대흥정육식당,서울 강서구,"육류,고기",16515.15152,3.7,37.53415222,126.995041
댓잎갈비 본점,서울 서초구,갈비,20142.85714,2.4,37.52468639,127.0018655
댓짱돈까스 방배본점,서울 중구,"돈까스,우동",9750,3.9,37.47923967,127.0000678
더스팟 패뷸러스,서울 성동구,커피전문점,6255.555556,3.1,37.56233248,126.9826014
더우리곱창,서울 성동구,"곱창,막창",13714.28571,4.7,37.57023722,127.0044327
앰배서더서울풀만 더킹스,서울 도봉구,뷔페,0,4.3,37.56007765,127.0023202
더한옥,서울 도봉구,카페,5240,3.9,37.58062863,126.9867237
더그릴630 주차장,서울 영등포구,주차장,0,2.9,37.52307389,127.043002
더라운드 삼성점,서울 은평구,중식,36647.05882,3,37.52005652,127.0575995
JW메리어트동대문스퀘어서울 더라운지,서울 영등포구,양식,0,2.2,37.57017751,127.0087613
더레스토랑,서울 강북구,이탈리안,6820,3.8,37.58071697,126.9805672
더리버,서울 양천구,카페,0,4.6,37.52385117,126.8823754
더마샬라 디타워점,서울 영등포구,인도음식,34300,3.8,37.5708517,126.9789228
더버스스탑 명동점,서울 성동구,카페,0,3,37.55901635,126.9858583
더블린,서울 성동구,"호프,요리주점",20666.66667,3.2,37.50202859,127.0264637
더스키앤커피,서울 종로구,카페,5248.275862,2.6,37.58103114,127.0041254
더식당 명동본점,서울 종로구,"해물,생선",32700,3.9,37.56225719,126.9855125
더 아너스,서울 영등포구,뷔페,0,4.4,37.58061975,126.8689917
더원,서울 강남구,중식,0,3.7,37.51999162,127.0576662
더코너키친,서울 영등포구,양식,24666.66667,4,37.54182949,127.0165701
더하우스콘서트,서울 종로구,"문화,예술",0,4.6,37.57997161,127.0029752
더클래스 청담,서울 중구,예식장,57800,4,37.52616008,127.0423012
더페이머스램,서울 강남구,카페,6821.428571,4.8,37.55613218,126.9112373
더플레이스다이닝 N서울타워점,서울 마포구,양식,48473.68421,3.5,37.55126533,126.9882216
더한강,서울 종로구,카페,6386.363636,3.1,37.5123105,126.9569838
덕승재 상암동본점,서울 서대문구,한정식,68037.5,4.4,37.57695907,126.8912318
덕후선생,서울 서초구,중국요리,37250,3.5,37.52525621,127.0401739
데이블러,서울 영등포구,카페,7460,4.5,37.5442007,126.9725562
도깨비불고기 동대문본점,서울 은평구,"불고기,두루치기",13687.5,3.1,37.56771787,127.0077152
도깨비코티지 (휴업중),서울 용산구,카페,8000,4.1,37.5532648,126.9770548
도넛정수 창신점,서울 용산구,도넛,4708.333333,4.1,37.5782917,127.0108634
도마유즈라멘,서울 서초구,일본식라면,23529.41176,4.1,37.57782651,126.986517
도봉산양고기,서울 중구,"육류,고기",16555.55556,3.2,37.6898881,127.0417183
밀토스트맘마미아,서울 종로구,디저트카페,6250,3.9,37.5259283,127.0346638
도성,서울 중구,중국요리,11066.66667,3,37.56546881,127.0100104
도쎄멕시칸,서울 종로구,"멕시칸,브라질",21500,4.2,37.54268876,127.045205
도우룸,서울 강남구,이탈리안,35687.5,3.7,37.493825,126.9933464
도원마산아구찜,서울 강남구,아구,0,2.8,37.5737794,126.9879147
도원스타일 서울역점,서울 강남구,중국요리,34791.66667,3.4,37.55489616,126.9713391
도원한우,서울 종로구,"육류,고기",39550,4.5,37.52630388,127.1450114
도읍지 경희대점,서울 종로구,"찌개,전골",27875,3.9,37.59306014,127.0531005
도일처,서울 용산구,중국요리,25454.54545,2.8,37.56195728,126.8076792
도키도키,서울 종로구,일본식주점,21800,4.3,37.54222399,127.0706213
도하정 마포역점,서울 중구,곰탕,16100,4,37.53803077,126.9465856
돈까스의집,서울 강남구,"돈까스,우동",12375,3.6,37.50703515,127.0907109
돈까스잔치 동빙고점,서울 종로구,"돈까스,우동",12083.33333,4.5,37.52123731,126.9963937
돈덩어리,서울 중구,"육류,고기",15350,4.9,37.54868707,127.3216409
돈돼지,서울 중랑구,"육류,고기",15500,2.9,37.5909484,127.0149233
돈족골 본점,서울 강남구,갈비,20928.57143,3.9,37.50305455,127.0974465
돈존참나무장작구이,서울 성동구,"육류,고기",16375,2.6,37.57058584,126.9842295
돈카츠 인정,서울 종로구,"돈까스,우동",6214.285714,3.6,37.55860269,126.8292369
돌곰네,서울 강남구,"해물,생선",34285.71429,3.8,37.52034215,127.0374202
전통원주돌솥추어탕,서울 마포구,추어,10875,4.6,37.57702688,126.9695487
돕,서울 용산구,감자탕,30919.35484,3.1,37.54147876,127.0692809
동경,서울 동작구,"돈까스,우동",8666.666667,4.2,37.48576698,126.9291922
동경,서울 마포구,"돈까스,우동",8666.666667,4.2,37.48576698,126.9291922
동달식당 강남본점,서울 강남구,"육류,고기",13750,3.1,37.49537233,127.0247244
동대문본가가마솥설렁탕,서울 용산구,설렁탕,22300,2.5,37.57195949,127.0110436
동대문정육식당,서울 중구,"육류,고기",40166.66667,4.2,37.57116662,127.0109462
동대문허파집,서울 용산구,"곱창,막창",20000,3.3,37.57163872,126.9887798
동방명주 충무로점,서울 종로구,중국요리,12428.57143,3.3,37.5608667,126.9924033
세븐일레븐 동빙고본점,서울 종로구,편의점,0,2.7,37.52405565,126.9965135
동숭숯불갈비,서울 도봉구,갈비,0,4.2,37.58167633,127.0005706
한정식동심,서울 강남구,한정식,46000,2.7,37.56168117,126.9918961
동아냉면 이태원점,서울 종로구,냉면,10000,3.1,37.53368737,127.0032245
동우설렁탕 본점,서울 성동구,설렁탕,26750,4.2,37.58840858,127.0290486
동원집,서울 서초구,감자탕,18666.66667,3.1,37.56333896,126.9913413
동작구름카페,서울 종로구,카페,0,3.8,37.50577733,126.9811013
동작노을카페,서울 중구,카페,7038.461538,3.9,37.5059943,126.9800539
동적깡통구이 쌍문본점,서울 강동구,갈비,16473.68421,3.8,37.64702979,127.0316911
동촌보리밥돈까스 거여본점,서울 동대문구,양식,15571.42857,4.4,37.49501501,127.1455095
동해도 광화문점,서울 강서구,"초밥,롤",95000,2.5,37.56841551,126.9794713
동해도일식 본점,서울 광진구,일식,31681.81818,2.2,37.52862457,126.9212709
동해복집,서울 마포구,복어,53888.88889,3.7,37.65325044,127.0590904
동화마을잔칫날 직영1호점,서울 송파구,국수,6000,3.4,37.57857956,126.8126176
동흥관,서울 용산구,중국요리,42883.33333,2.8,37.45513195,126.8985831
돝고기506,서울 관악구,삼겹살,18076.92308,3.4,37.50064505,127.0352843
된장예술과술,서울 강동구,한식,19200,3.5,37.56892466,126.9863285
두가헌,서울 송파구,이탈리안,128000,3.3,37.57710839,126.9799353
두레에프엔씨,서울 종로구,한정식,55000,2.6,37.57963662,126.9801996
두레유,서울 강서구,한식,95000,3.6,37.60656524,126.9704982
두바이 레스토랑,서울 강남구,양식,9642.857143,4.1,37.53441533,126.9953442
두어마리 양재점,서울 종로구,장어,10600,4.1,37.4780882,127.0412091
두에꼬제 한남본점,서울 광진구,이탈리안,23111.11111,4.3,37.53414937,127.0077547
뒤뜰,서울 동대문구,장어,20877.77778,3.5,37.50512864,126.8706167
드럼통 참숯석쇠구이,서울 동대문구,"육류,고기",11555.55556,4,37.5057006,127.0965994
들국화떡볶이전문점,서울 동대문구,떡볶이,15000,3.5,37.56251305,127.0147275
들풀한상,서울 동대문구,한식,23363.63636,3.8,37.55550942,126.9198166
등나무집,서울 동대문구,"육류,고기",60181.81818,3.9,37.6334993,127.0214529
등촌샤브칼국수 등촌점,서울 동대문구,샤브샤브,14428.57143,4.4,37.56250335,126.8403608
등촌최월선칼국수,서울 동대문구,칼국수,6000,3.8,37.55603087,126.8567328
디라이프 스타일키친 광화문점,서울 동대문구,양식,31177.77778,3.8,37.5684261,126.9782613
디마떼오 대학로점,서울 서초구,피자,33240,4.6,37.58001483,127.0039307
DNJ레스토랑,서울 종로구,중국요리,25937.5,3.2,37.63947661,127.0743117
디자이너리카페,서울 종로구,카페,4500,3.8,37.48504483,126.9241207
디자인카페허브,서울 종로구,커피전문점,4660,3.9,37.53600813,127.1503955
디토,서울 중구,의류판매,0,4.3,37.58597225,127.0292152
딥커피,서울 용산구,커피전문점,4260,3.3,37.53144941,126.9711659
따봉하우스,서울 종로구,떡볶이,8478.26087,2.8,37.59139363,127.0562923
딸부자네불백 신사본점,서울 중구,"불고기,두루치기",10100,3.7,37.51930563,127.0205311
땅코참숯구이 본점,서울 용산구,"육류,고기",19000,4,37.56068574,127.0329901
땡스오트 연남,서울 성북구,디저트카페,12707.14286,4.2,37.56626737,126.9198956
또순이네 양평동점,서울 중구,"육류,고기",27250,3.4,37.53578087,126.8952969
또순이순대 본점,서울 서초구,순대,25357.14286,1.7,37.48326192,126.9287604
뚜스뚜스 흑석역점,서울 동작구,카페,5360,4.1,37.50976026,126.9638564
뚝도농원,서울 도봉구,"육류,고기",25285.71429,4.3,37.54512711,127.053252
뚝도지기,서울 송파구,"해물,생선",88250,4.6,37.53780407,127.054608
원조뚱보네홍어,서울 중구,회,0,3.5,37.51051828,126.9114656
뜨락,서울 영등포구,"육류,고기",50409.09091,3.5,37.54050111,126.8404484
띠아낭,서울 노원구,베트남음식,11250,4.3,37.55591843,126.8568892
라카페갤러리,서울 강서구,갤러리카페,9250,4.7,37.57929462,126.973029
라쿠치나,서울 금천구,이탈리안,37000,4.2,37.54055298,126.9964471
라도스트,서울 강남구,"호프,요리주점",11436.36364,4.1,37.56964157,126.9840576
라메흐꺄도,서울 종로구,"해물,생선",95538.46154,4.1,37.52124014,126.887065
라멘트럭 상수본점,서울 종로구,일본식라면,4318.181818,4.2,37.54747257,126.9226022
라면점빵,서울 종로구,분식,5448.275862,3.7,37.57660535,126.9701093
라미띠에,서울 종로구,양식,205000,4.4,37.52595742,127.0445501
라브리,서울 용산구,카페,4305,5,36.78038963,126.463943
마뽀즈,서울 서초구,디저트카페,6000,4.2,37.54855565,126.9173956
롯데호텔서울 라세느,서울 용산구,뷔페,104375,4.2,37.56530913,126.9809844
라시에스타,서울 구로구,이탈리안,25142.85714,3.4,37.47844171,126.9813818
라온석갈비 성수본점,서울 송파구,갈비,28400,3.4,37.54573077,127.0571406
라이스앤파스타,서울 중구,이탈리안,17400,2.2,37.51304804,127.1022474
라임,서울 마포구,"초밥,롤",6062.5,4.1,37.55793092,126.9047603
라칸티나,서울 동작구,이탈리안,27560,3.4,37.56621445,126.9799417
라크라센타,서울 강서구,카페,13820,3.6,37.49435924,126.8876652
라크슌,서울 강서구,일본식주점,8400,4.3,37.56852845,126.9884317
라프레플루트,서울 중구,카페,14436.84211,3.5,37.54724988,127.0394366
락희안 가좌본점,서울 종로구,중국요리,29440,3.8,37.57609825,126.924171
락희옥 마포본점,서울 노원구,한식,38861.11111,4.4,37.5442452,126.9491588
란,서울 관악구,"육류,고기",23950,4,37.51063815,126.9230882
랜디스도넛 연남점,서울 강동구,도넛,4833.333333,3.4,37.56202106,126.9241219
마포양고기전문점 램랜드,서울 성북구,"육류,고기",72750,4,37.54349244,126.9387751
러반로제레스토랑 석촌호수점,서울 마포구,양식,0,3.6,37.5102226,127.1062056
러프러프,서울 동대문구,카페,6208.333333,4.3,37.5416965,127.0581434
런던베이글뮤지엄 안국점,서울 강남구,"제과,베이커리",6960,3.5,37.57917797,126.9861998
쇼코엘 광화문점,서울 성동구,카페,6975,4,37.56840093,126.9785522
레드마블하우스,서울 마포구,"육류,고기",19800,3.4,37.49663343,127.0391951
레스쁘아뒤이부,서울 영등포구,양식,200000,3.2,37.52454909,127.0422913
갤러리 & 레스토랑 담,서울 관악구,이탈리안,41400,4.1,37.57363863,126.9860038
레이더,서울 동작구,"제과,베이커리",8116.666667,3.3,37.49374558,126.9169991
레이지파머스,서울 성동구,"미술,공예",0,4.2,37.59096898,127.0549786
호우주의보,서울 성동구,카페,7000,3.6,37.54179174,126.9936691
로리스더프라임립,서울 영등포구,"스테이크,립",89500,3.8,37.49808141,127.0259003
로스트라,서울 강남구,커피전문점,6355.555556,4.3,37.48363128,127.0354176
로씨니,서울 강서구,양식,0,4,37.57841028,126.9858388
로얄맨션,서울 종로구,"빌라,주택",0,4,37.59482359,126.9642071
로얄인디안,서울 용산구,인도음식,14896.66667,5,37.57243957,127.0125334
로얄커피호프,서울 종로구,카페,0,4.7,37.49312179,126.8826554
로우키,서울 영등포구,카페,5427.777778,4.3,37.56686709,126.9277391
로코스 비비큐 경리단길본점,서울 마포구,"스테이크,립",44728.57143,4.1,37.54098723,126.9955407
록멘,서울 종로구,일본식라면,6857.142857,5,37.54212429,127.0485823
롸카두들 내쉬빌 핫치킨 성수점,서울 강남구,햄버거,15476.92308,4.4,37.54225345,127.0520732
루나아시아,서울 중구,인도음식,18363.63636,4.3,37.50990357,127.0566473
루비떡볶이,서울 마포구,떡볶이,6921.052632,3.3,37.56030587,126.9808147
루위,서울 중구,중식,23400,3.6,37.52061011,127.029796
루이,서울 동작구,중식,14600,4.4,37.48813709,126.9100017
루프,서울 성동구,의류판매,0,2.6,37.59387172,127.0178136
류니끄,서울 송파구,양식,225000,4,37.52294829,127.0360108
르몽블랑,서울 서대문구,디저트카페,7425,4,37.54487866,126.984855
르브런쉭 대치점,서울 중구,양식,6045.454545,3.3,37.50285648,127.0591662
르빵 송파본점,서울 구로구,"제과,베이커리",5250,2.9,37.50722502,127.1081275
르뺑블랑,서울 종로구,"제과,베이커리",4291.666667,4.8,37.55095342,126.8357275
르지우,서울 성동구,이탈리안,49625,4.3,37.49833022,126.9989098
르프리크,서울 서대문구,햄버거,8788.888889,4.3,37.5248248,126.96309
르한스,서울 마포구,양식,35200,3.2,37.60413174,126.9985233
리애,서울 영등포구,"서비스,산업",0,5,37.56196351,126.9044191
리커버리커피바,서울 마포구,카페,5750,4,37.55034739,127.0448475
리틀넥 한남,서울 마포구,양식,18400,3.7,37.53962496,127.0030211
리틀포레스트,서울 송파구,양식,12006.25,3.3,37.54831644,127.0537183
린스시,서울 성동구,"초밥,롤",0,3.4,37.48467755,127.011967
릴즈 서울,서울 종로구,양식,17225,4.3,37.56949199,127.0299173
마곡오리,서울 중구,오리,54333.33333,3.2,37.57267045,126.8228702
마노디셰프 명동점,서울 강남구,이탈리안,31592.30769,4.3,37.56344628,126.9837466
마누테라스,서울 강남구,양식,28920,3.9,37.48222223,127.0455643
마당족발,서울 종로구,"족발,보쌈",28900,3.8,37.56362842,126.9958087
마도,서울 성동구,일식,15000,3.9,37.20415681,126.7842096
마드레,서울 동대문구,한식,17700,3.7,37.59104837,127.0045529
마라탄탄면,서울 용산구,중국요리,8318.181818,4.9,37.55792458,126.9246716
마루심 반포점,서울 서초구,일식,31265.94737,4.5,37.50189414,127.0104814
마를리,서울 서초구,카페,6450,3.4,37.54278023,127.0547451
마리오네,서울 종로구,이탈리안,27411.76471,4.3,37.58243677,126.9996875
마망갸또 2공장,서울 강서구,"식품가공,제조",0,4.6,37.46971044,126.8946023
마복림막내아들네,서울 종로구,떡볶이,10500,2.9,37.56293467,127.0150807
마복림떡볶이,서울 구로구,떡볶이,21333.33333,2.9,37.56327524,127.0151215
마부자생삼겹살 합정점,서울 성동구,삼겹살,11250,4.1,37.54980035,126.9117541
마블상회,서울 용산구,"육류,고기",29000,4.3,37.54776263,127.0639488
마산아구찜,서울 성동구,아구,19000,3.8,37.57280278,126.9885442
마산옥,서울 성동구,"해물,생선",44740.74074,3.3,37.51723878,127.0202432
마실 발산점,서울 강남구,한정식,30666.66667,2.9,37.55810256,126.8401212
마얘,서울 강남구,디저트카페,7310,3.7,37.49891766,126.9976342
마오 청담동점,서울 강남구,퓨전중식,30000,3.3,37.52198004,127.0405523
마우스래빗,서울 강동구,카페,4550,3.7,37.54199137,127.0709017
마음을담아내면,서울 마포구,한식,14318.18182,3.4,37.57923147,126.9820767
마이시크릿덴,서울 강남구,카페,0,2.9,37.5647965,126.9762193
마일스톤커피,서울 용산구,커피전문점,5979.166667,4.5,37.53786262,127.0026454
마장갈비 본점,서울 강남구,갈비,28000,2,37.56546162,127.0424004
마장동한우촌,서울 송파구,"육류,고기",8500,2.6,37.57064814,127.041294
마지,서울 강서구,한식,25235.29412,3.5,37.55815352,126.9129937
마쯔야 신세계백화점 본점,서울 서초구,일식,9600,1.8,37.56031036,126.9807729
마초쉐프 강남본점,서울 성동구,이탈리안,18370.58824,3.8,37.50349872,127.027844
마켓오 압구정점,서울 성북구,양식,34400,3.8,37.52161768,127.0354389
마코토 청담점,서울 서초구,일본식주점,48890.90909,4.2,37.52436121,127.0435853
마포소문난원조족발,서울 성동구,"족발,보쌈",24555.55556,3.7,37.54476581,126.9531122
마포숯불갈비,서울 용산구,갈비,17500,3.3,37.54506684,126.9700223
마포양지설렁탕 도화점,서울 성동구,설렁탕,29666.66667,3.4,37.54202931,126.9505068
마포옥,서울 서초구,설렁탕,41125,4.1,37.53988171,126.943338
마포원조떡볶이,서울 성동구,떡볶이,2583.333333,3,37.5403347,126.9487881
마포유가궁중족발 마포본점,서울 강서구,"족발,보쌈",33600,2.5,37.54450996,126.9532085
마포집,서울 중구,갈비,11400,3.1,37.57148427,127.0016663
막내회집 본점,서울 강남구,회,43125,3.8,37.5593726,126.9767303
막내회집 본점,서울 광진구,회,43125,3.8,37.5593726,126.9767303
만가,서울 영등포구,"육류,고기",17700,4.2,37.46512991,126.9032821
만강 수서점,서울 강동구,"해물,생선",55000,2.8,37.47411969,127.1153568
만다린,서울 마포구,중국요리,14833.33333,3.8,37.5295,126.8973511
만다린,서울 서초구,중국요리,14833.33333,3.8,37.5295,126.8973511
만두향,서울 성동구,한식,15133.33333,4.5,37.58888033,127.0879614
만보성,서울 성동구,중국요리,37000,3.3,37.56899664,126.9855112
만족오향족발 시청점,서울 금천구,"족발,보쌈",0,3.9,37.56325755,126.9760138
만족오향족발 홍대역점,서울 중구,"족발,보쌈",37500,3.2,37.55757264,126.9224197
만포막국수,서울 중구,국수,18727.27273,3.5,37.5558301,127.0103186
맛뿔감자탕,서울 마포구,한식,23200,4.8,37.48863737,126.9056614
맛짱조개,서울 성동구,조개,25500,4.1,37.51658059,127.0370111
맛차차 (휴업중),서울 영등포구,카페,17250,3.3,37.54682602,127.0405906
망우찜쌈밥 본점,서울 강남구,쌈밥,11461.53846,5,37.59456833,127.1003376
망원동 즉석우동 전문돈까스 본점,서울 강서구,"돈까스,우동",8000,3.9,37.55424541,126.9111332
매일낙지,서울 서초구,"해물,생선",34111.11111,4,37.51119509,127.0539111
매화반점,서울 강남구,중국요리,13228.57143,5,37.53844284,127.0685041
맥심플랜트,서울 광진구,카페,6060,4.3,37.53698957,127.0009968
맥파이앤타이거 성수티룸,서울 종로구,전통찻집,7470,4.8,37.54363892,127.0565778
맥파이앤타이거 신사티룸,서울 중구,카페,17500,4.8,37.52055724,127.0246332
맨메이드 도산,서울 강남구,의류판매,0,4.3,37.5245411,127.0365422
맷카페,서울 성동구,카페,7442.857143,4,37.51389621,127.0406203
맹순이꽃게아구전문점,서울 성동구,아구,46000,3.3,37.55811026,126.8378395
먹고을전주콩나물국밥 묵동본점,서울 종로구,국밥,24000,2.5,37.61594949,127.0779852
브런치카페 먼데이투선데이,서울 중구,카페,27250,2.9,37.52469527,127.0441568
멍석집,서울 강남구,닭요리,59333.33333,4.8,36.79117737,127.8396354
메쉬커피,서울 강남구,커피전문점,6625,3.6,37.5481192,127.042454
메이린,서울 강남구,중국요리,26966.66667,2.4,37.48936493,127.0689025
메이비,서울 마포구,카페,12430.61224,3,37.50749342,126.8540795
메이플탑 팬케이크클럽,서울 강남구,양식,15000,4.1,37.54163856,127.0568682
메종 사우스케이프,서울 마포구,퓨전한식,41555.55556,2.7,37.52341889,127.0350619
메종한남,서울 마포구,양식,40470.58824,3.5,37.53425073,127.0129207
메종드타르트,서울 마포구,"제과,베이커리",2720,3.8,37.55580086,127.0908062
메종브리크,서울 마포구,양식,16666.66667,3.9,37.56194655,126.9259669
메종엠오,서울 강남구,"제과,베이커리",4400,4.2,37.48934884,126.994188
메종조 서초,서울 중구,프랑스음식,6662.5,4.2,37.4819783,127.0101191
멕시칼리,서울 중구,"멕시칸,브라질",14138.09524,4.6,37.55359857,127.0875578
멘야하나비 서울본점,서울 중구,일식,12000,4.4,37.510915,127.1077222
멜팅샵 치즈룸,서울 중구,양식,18308.33333,3.9,37.5710211,126.9789725
영양센타 본점,서울 종로구,닭요리,16428.57143,3.3,37.56110721,126.9831676
명동관,서울 강남구,한식,26150,3.4,37.49067274,127.0561488
명동교자 본점,서울 서초구,분식,11500,3.5,37.56255453,126.9856143
명동교자 이태원점,서울 서초구,분식,11500,3.9,37.53085612,126.9909491
명동돈가스,서울 서초구,"돈까스,우동",17000,2.8,37.53391706,127.0800641
명동뚱뚱이족발,서울 서초구,"족발,보쌈",14500,5,37.55980922,126.9857812
명동무등산정육식당,서울 서초구,"육류,고기",21200,1,37.56291668,126.9851728
명동부대찌게,서울 서초구,"찌개,전골",10000,2.8,37.49865657,127.0681194
명동서서갈비,서울 서초구,갈비,18000,4,37.56475266,126.9832935
천하제일솥뚜껑,서울 서초구,삼겹살,20250,3.8,37.54150039,127.0536964
명동정,서울 강북구,한식,66400,4.7,37.56146464,126.9884724
명동한우방,서울 종로구,"육류,고기",9555.555556,4.2,37.56537804,126.9839137
명문막국수,서울 중구,국수,13333.33333,3.2,37.58827511,127.004778
명보정,서울 마포구,"육류,고기",14909.09091,2.5,37.52177675,126.9265473
명성,서울 중구,총포사,0,3,37.5582852,126.9729879
명인갈비,서울 영등포구,갈비,7766.666667,5,37.56613225,126.9186201
명인등심 압구정본점,서울 강남구,"육류,고기",37461.53846,4.3,37.52057412,127.029615
명인밥상,서울 성동구,한정식,37550,3.8,37.57308875,126.9738281
명화당,서울 중랑구,한식,0,3.8,37.49506279,127.1224454
모꼬지에,서울 마포구,떡볶이,15812.5,2.5,37.5114877,126.940025
모녀김밥,서울 강남구,한식,8650,3.1,37.57027694,127.0011206
모닥불,서울 양천구,양식,23615.38462,4.9,37.56200955,126.9258593
모도우 여의도점,서울 용산구,"육류,고기",95666.66667,4.3,37.52386015,126.924138
모두랑,서울 성동구,분식,3000,3.6,37.55814562,127.0829647
모래내곱창,서울 강남구,"곱창,막창",13000,4.4,37.57839367,126.9236842
모리티아,서울 강남구,디저트카페,5460,3.7,37.54664109,127.0525855
모모야마,서울 강남구,일식집,0,3.7,37.51780213,127.1017912
모스가든,서울 강서구,양식,29315.78947,3.9,37.55850662,126.8251571
모찌크림,서울 중랑구,"제과,베이커리",3009.090909,1,37.56493805,126.9818266
목금,서울 강남구,양식,15200,4,37.54266405,127.048448
목동분식,서울 은평구,분식,2550,4,37.54615626,126.8735909
목란,서울 성동구,중식,46968.25397,3.2,37.5683824,126.9304769
목멱산방,서울 강북구,한식,8882.352941,3.3,37.55811277,126.9868941
목우촌숯불갈비,서울 구로구,갈비,13562.5,4.1,37.58713629,126.9963724
목포명가,서울 성동구,회,50000,3.6,37.50987443,127.0572852
목포꽃게아구찜,서울 강남구,"게,대게",132500,3.2,37.5426554,127.0858477
몰타참치,서울 용산구,참치회,71000,3.8,37.50495241,127.0550466
몽고네,서울 광진구,이탈리안,116666.6667,3.6,37.52522052,127.0391309
몽실이네명품토종한우,서울 마포구,"육류,고기",8000,3.6,37.57073814,127.0415974
몽중헌 청담점,서울 서초구,중국요리,37264.70588,3.8,37.52429227,127.0448161
몽탄,서울 서초구,"육류,고기",12000,3.1,37.53599612,126.9722458
묘사서울,서울 광진구,디저트카페,6007.692308,3.2,37.54783182,127.039747
무교동북어국집,서울 송파구,해장국,10000,4.5,37.56773442,126.9798518
롯데호텔서울 무궁화,서울 종로구,한식,226666.6667,4.3,37.56519376,126.9807241
서울무도학원,서울 중구,"무용학원,발레학원",0,4.2,37.55888472,126.9746208
무등산,서울 강남구,"육류,고기",51666.66667,4.1,37.5219406,127.0399549
무등산수만리염소탕 강남점,서울 중구,"사철탕,영양탕",25777.77778,4.1,37.49246946,127.0315805
무브모브 카페,서울 용산구,카페,7260,4.3,37.54538783,127.050464
무수아취,서울 중구,"야영,캠핑장",0,3.2,37.67638788,127.0330877
무수옥,서울 중구,"육류,고기",24000,3.5,37.67713477,127.0441643
무안뻘낙지,서울 중구,"해물,생선",51714.28571,3.3,37.55343906,126.9744416
무신사 스탠다드 성수점,서울 중구,의류판매,0,3,37.54168094,127.0586356
무타리,서울 중구,떡볶이,21500,4.2,37.552964,126.9210042
무탄 압구정 본점,서울 중구,중식,46133.33333,4.2,37.52729542,127.0303077
무한쌈밥집,서울 성동구,쌈밥,10791.66667,4,37.51239161,127.0188755
문바리문어세상해천탕 양재점,서울 중구,"해물,생선",0,4.3,37.48140683,127.0378892
문배동 육칼 김포국제공항국내선,서울 중구,칼국수,12250,2.2,37.55897036,126.8026923
문바리문어세상해천탕 양재점,서울 성북구,"해물,생선",0,4.3,37.48140683,127.0378892
문화식당,서울 영등포구,양식,13600,4.3,37.52621916,126.8980593
문화식당,서울 종로구,양식,13600,4.3,37.52621916,126.8980593
뮤직컴플렉스서울,서울 마포구,카페,19500,3,37.57446723,126.983554
미피아체,서울 강남구,양식,0,4.4,37.52146851,127.0448721
미가본캐슬,서울 송파구,"빌라,주택",0,4,37.45385409,127.0556624
미가할매집 제1주차장,서울 송파구,주차장,0,4.1,37.4877284,126.9290592
미나미,서울 송파구,일식,29503.57143,2.6,37.49333005,127.0181199
미니네,서울 종로구,떡볶이,6166.666667,3.6,37.56286709,127.0150954
미락,서울 마포구,"육류,고기",16000,3.3,37.54427252,126.9542803
미락정,서울 영등포구,한식,17000,4.8,35.1120781,129.03984
미림산장,서울 광진구,한식,102684.2105,2.1,37.67384357,127.0044616
미미미가든 청담점,서울 서대문구,이탈리안,10800,4.4,37.52378273,127.0411641
미미옥 신용산점,서울 성동구,한식,29450,4.3,37.52628438,126.9629524
미성옥,서울 송파구,설렁탕,26500,4,37.56417071,126.9839366
미쓰족발 명동점,서울 강남구,"족발,보쌈",19333.33333,2,37.56464276,126.9834203
미아리우동집,서울 중구,"돈까스,우동",6312.5,4.1,37.57095143,127.0705578
미에뜨 도곡점,서울 성동구,이탈리안,27350,3.8,37.4828705,127.0467541
미오도쿄다이닝,서울 강서구,퓨전일식,13666.66667,3.3,37.54408177,127.05367
미우미우,서울 서대문구,"육류,고기",13888.88889,3.5,37.56481826,126.982122
미우야,서울 중구,"돈까스,우동",17200,3.2,37.47404457,127.0353509
미자네식당,서울 종로구,한식,0,4.6,37.56395656,126.9752213
미즐카페엠,서울 강남구,카페,5882.352941,3.4,37.64355438,127.0037845
미진,서울 성동구,의류,0,4.2,37.54780175,127.0521902
민속돌솥설렁탕,서울 강남구,설렁탕,30000,3.3,37.50105539,126.8995298
민정식당 서울숲직영점,서울 강남구,설렁탕,33318.18182,3.1,37.54867836,127.0481011
밀란국수 개포본점,서울 성동구,국수,12727.27273,4.1,37.47853838,127.0491381
밀림,서울 강남구,디저트카페,6100,4.3,37.48202512,127.0425907
밀파니 베이커리 카페,서울 용산구,카페,5477.777778,3.9,37.48912614,127.1424632
밀화 신세계백화점 강남점,서울 성동구,샤브샤브,23600,3.4,37.50505795,127.0043882
밍글스,서울 중구,한식,250000,4.3,37.52537012,127.0441606
바다나라 1박2일포차,서울 중구,실내포장마차,14571.42857,3.7,37.55655847,126.9257753
바다식당,전남 여수시,"찌개,전골",29000,2.6,34.49297853,127.7940686
바다축제 서초점,서울 강남구,"해물,생선",50818.18182,2.6,37.50332919,127.019571
바다회사랑,서울 강남구,회,65000,3.4,37.56041168,126.9210631
남쪽바다 작은섬,서울 성동구,회,21625,3.8,37.52096513,126.9052904
바랗,서울 도봉구,"해물,생선",62000,4.1,37.52231873,127.0352096
바른고기정육점 서래마을본점,서울 도봉구,정육점,49666.66667,4.1,37.49288422,126.9912974
바바인디아 강남역점,서울 용산구,인도음식,17500,3.4,37.49490294,127.0285781
바빌리안테이블,서울 성동구,이탈리안,48000,4.6,37.52796931,127.0368584
바위파스타바,서울 마포구,이탈리안,0,4.8,37.53913323,127.0615631
바이킹스워프 롯데월드몰점,서울 강남구,해산물뷔페,0,3.5,37.51327186,127.1038901
바캉스커피,서울 서초구,카페,6300,3.5,37.51766014,126.9580339
바토스,서울 서초구,정보통신,0,5,37.54670623,127.0477083
박가네빈대떡 본점,서울 서초구,한식,14040,3.3,37.57051661,127.0008444
박가뼈다귀감자탕 묵동점,서울 강서구,감자탕,0,5,37.6156682,127.0782522
박가뼈다귀감자탕 본점,서울 서초구,감자탕,22200,3.3,37.59381288,127.074076
박석고개,서울 서초구,고개,0,5,36.84173326,128.0018441
박재성의 메밀숯불닭갈비,서울 성동구,닭요리,7250,4,37.48151619,126.9294732
반려문화,서울 성동구,반려동물,0,4.2,37.51596361,127.0332916
반룡산,서울 성동구,냉면,19708.33333,3.9,37.50447272,127.055795
반저,서울 성동구,"호프,요리주점",12414.28571,4,37.58299895,127.002853
반짝반짝빛나는,서울 성동구,전통찻집,6714.285714,4.3,37.57327824,126.9860628
반하당,서울 성동구,카페,5600,4.8,37.58927346,127.003202
발렁스,서울 성동구,"제과,베이커리",9700,4.5,37.5795033,126.9868416
발산삼계탕,서울 성동구,삼계탕,24200,3.9,37.55628302,126.8378253
밥장인돼지찌개,서울 종로구,"찌개,전골",11000,4.1,35.17515987,126.9151111
방목,서울 강남구,"육류,고기",21142.85714,4.4,37.48340353,127.1243857
방식꽃예술원,서울 서초구,"꽃집,꽃배달",0,3.9,37.5781264,127.0018974
방이샤브샤브칼국수 방이본점,서울 관악구,샤브샤브,9500,4.5,37.51131749,127.1270301
배꼽집,서울 서초구,"육류,고기",15428.57143,3.5,37.51017149,127.0240439
배나무골 양재본점,서울 중구,한식,42800,4,37.47310272,127.0391331
어도,서울 성북구,일식,161857.1429,2.6,37.63489632,127.0236217
백년손님,서울 노원구,"육류,고기",45625,3.9,35.83428966,129.2129357
백년옥 본관,서울 강북구,두부전문점,21833.33333,3,37.48118505,127.0137709
백년토종삼계탕,서울 강남구,삼계탕,23250,2.8,37.58058424,126.9847516
백년토종삼계탕,서울 용산구,삼계탕,23250,2.8,37.58058424,126.9847516
백두한우곱창,서울 중구,"곱창,막창",19000,4,37.5496905,126.9118504
백리향,서울 중구,중국요리,43750,4,37.57811908,127.0586008
백마김씨네 도곡본점 주차장,서울 동대문구,주차장,0,3.9,37.48700918,127.0458646
백야드빌더 성수점,서울 강남구,카페,5426.086957,4.2,37.55143225,127.0470131
백원,서울 성동구,중국요리,36916.66667,3.5,37.52613023,127.0450299
백제삼계탕,서울 송파구,삼계탕,23181.81818,3.6,37.47546858,127.0447553
백제추어탕 본점,서울 서초구,추어,14384.61538,3.4,37.53141089,127.1381312
밴건디스테이크하우스,서울 금천구,"스테이크,립",18000,4.5,37.49933212,126.9977292
밸런스포케 역삼점,서울 강북구,샐러드,9776.470588,4.5,37.50070685,127.0334511
뱃고동,서울 성북구,"해물,생선",18882.35294,3.8,37.58855231,127.0096919
뱅뱅막국수 역삼본점,서울 영등포구,국수,11880.95238,4.4,37.48967601,127.0327915
버드나무집 서초본점,서울 성동구,"육류,고기",48176.47059,3.6,37.48913764,127.031163
버섯잔치집 본점,서울 강남구,샤브샤브,24000,3.7,37.52828842,127.1256764
벌교한상,서울 양천구,한식,28750,4.1,37.4858401,127.0993915
벌스가든 (VER S GARDEN),서울 송파구,카페,8500,3.9,37.56527674,126.9205917
베나레스,서울 서초구,인도음식,14884.21053,3.5,37.58489458,127.0295725
베네베네2010,서울 강남구,이탈리안,55000,4.1,37.52286907,127.0438062
베라피자나폴리 한남점,서울 마포구,피자,28923.33333,3.1,37.53867443,127.0020457
베이스이즈나이스,서울 용산구,퓨전한식,30000,4.3,37.53962665,126.949102
베이스캠프,서울 서초구,"빌라,주택",0,3.2,37.44299686,127.055677
베이징,서울 마포구,중국요리,12033.33333,3.3,37.58016803,126.8888882
베티버,서울 영등포구,카페,5333.333333,4.4,37.55382183,126.9296756
벤스쿠키 이태원점,서울 강남구,"제과,베이커리",17600,4.4,37.53481722,126.9965831
벨라스가든,서울 서초구,양식,16000,3.2,37.51009902,127.1063694
벨라스가든 서울숲점,서울 서초구,이탈리안,26923.07692,3.8,37.54321683,127.0449768
벽제갈비 방이점,서울 강남구,갈비,68000,3,37.51001914,127.1261841
별미곱창 방이2호점,서울 성동구,"곱창,막창",26000,2.9,37.51418508,127.1083377
별양집,서울 송파구,"곱창,막창",34181.81818,4.4,37.50435442,127.0435737
보광기사식당,서울 중구,기사식당,8400,2.4,37.52606488,126.9963572
보니스피자펍 본점,서울 성동구,피자,18119.04762,4,37.50605549,127.0989071
보따리부대찌개,서울 종로구,"찌개,전골",7833.333333,4.4,37.53325235,126.9022879
보보식당,서울 중랑구,중국요리,43315.78947,3.9,37.61723917,127.0465606
보슬보슬 역삼본점,서울 중랑구,분식,8868.421053,4.9,37.49760654,127.0332699
델리쎄106,,이탈리안,25666.66667,3.9,37.4936196,126.993853
보틀라운지,서울 관악구,카페,5454.545455,4.7,37.48899309,127.0000792
복돈이부추삼겹살 사당본점,서울 강남구,삼겹살,12250,2.6,37.4751656,126.9811203
복성각,서울 강남구,중국요리,11200,3.2,37.55852575,126.9373582
본가설렁탕,서울 종로구,설렁탕,32800,2.9,37.57195949,127.0110436
본가진미간장게장,서울 종로구,"게,대게",67100,4.6,37.5083258,127.1113038
본앤브레드 신관레스토랑,서울 성북구,"육류,고기",229285.7143,3.4,37.56680512,127.0445201
볼라레,서울 종로구,이탈리안,25200,3.6,37.49908703,126.9969104
볼트스테이크하우스,서울 강서구,"스테이크,립",33571.42857,3.5,37.52498418,127.0449794
봄솔레씨네,서울 도봉구,이탈리안,9585.714286,4.1,37.58386954,127.0541582
봉래면옥,서울 성북구,냉면,21181.81818,4.2,37.53648499,127.1466264
메이필드 서울 봉래헌,서울 종로구,한정식,167500,3.7,37.54809493,126.8181529
봉밀가 강남구청점,서울 송파구,한식,23930,4.4,37.51580313,127.0420816
봉브라더스 강아지카페,서울 강남구,애견카페,12700,2.7,37.50733376,127.0262529
봉산옥 서초동본점,서울 서초구,한식,23384.61538,3.6,37.4833413,127.0124767
봉선마라탕,서울 강남구,중국요리,13600,4.2,37.49214835,126.8977913
봉우리 역삼본점,서울 용산구,한정식,32500,3.7,37.50309938,127.0381942
봉이밥,서울 서초구,한식,18833.33333,4.4,37.49812675,127.0542523
봉파레트,서울 종로구,이탈리안,23666.66667,4.2,37.58860038,127.0044316
봉피양 방이점,서울 종로구,냉면,29583.33333,3.9,37.51020765,127.1260046
봉희설렁탕 본점,서울 종로구,설렁탕,24952.38095,2.8,37.59304786,126.9138635
뵈르니,서울 종로구,"제과,베이커리",0,5,37.58094824,127.0043768
부다스벨리,서울 종로구,태국음식,25391.66667,4.4,37.53438962,126.9883691
부민옥,서울 종로구,한식,29133.33333,3.5,37.56750384,126.9803182
부부식당,서울 종로구,분식,14766.66667,3.8,37.58021304,127.004302
부부요리단,서울 종로구,"육류,고기",25400,3,37.54279882,127.017557
부부횟집 서울점,서울 마포구,회,20500,3.3,37.51048875,127.1107257
부부횟집 서울점,서울 영등포구,회,20500,3.3,37.51048875,127.1107257
부빙,,디저트카페,9428.571429,4,37.59275708,126.9654106
계열사,서울 성동구,치킨,22312.5,4,37.59286886,126.9656234
부엉이돈가스 남산서울타워점,서울 영등포구,"돈까스,우동",19322.22222,3.4,37.55131578,126.9882261
부여집,서울 중구,한식,24000,3,37.57046605,127.004924
부영각,서울 강동구,중국요리,24567.56757,3.8,37.54251073,126.9395035
부일갈매기,서울 서초구,"육류,고기",29142.85714,3.7,37.50729165,127.0899105
부일갈비,서울 강남구,갈비,38882.35294,3.4,37.48386201,127.0197005
부첼리하우스,서울 강남구,양식,32600,4.1,37.53683121,127.0128194
부촌육회,서울 강남구,"육류,고기",23000,4.2,37.57037786,126.9999321
부타이 1막,서울 서초구,일식,14538.46154,3.9,37.50617173,127.0600465
북촌김치재,서울 강동구,한식,12250,3.3,37.57782648,126.9862114
북한산큰숲제빵소,서울 강남구,카페,7888.888889,3.6,37.65477751,126.9389547
불맛감자국,서울 마포구,감자탕,9031.034483,3.3,37.58720799,126.9168728
불밥,서울 성북구,한식,10666.66667,4.5,37.55884015,126.9464055
불타는곱창,서울 강남구,"곱창,막창",0,5,37.60519623,127.076538
붓처스컷 광화문점,서울 용산구,"스테이크,립",108500,3.3,37.56832259,126.9788273
붓처스컷 삼성점,서울 마포구,"스테이크,립",108500,3.1,37.5088575,127.0585059
브라운씨 1호점,서울 강서구,카페,4600,2.5,37.55183835,126.8351857
브라운에비뉴,서울 강남구,커피전문점,8628.571429,4.2,37.58593622,127.0002604
브라운치킨,서울 성동구,치킨,0,3.9,37.56593095,126.9656425
브라이언스커피,서울 용산구,디저트카페,6050,3.4,37.4838764,127.0457915
브래디스커피,서울 송파구,카페,9809.52381,4.2,37.56618973,126.9210084
브랜뉴하이몬드,서울 성동구,디저트카페,7123.333333,3.7,37.53642213,127.1261607
브레라,서울 송파구,이탈리안,24072.72727,3.3,37.54826808,127.0069912
브루스리,서울 송파구,중국요리,10750,2.1,37.47976888,127.0428992
브루클린더버거조인트 서래마을점,서울 강남구,햄버거,11315,3.8,37.49612456,126.9997399
브릭레인버거,서울 용산구,햄버거,6031.578947,4.2,37.56592204,127.0174991
비건카페 달냥,서울 송파구,카페,7427.272727,4.8,37.58954019,126.9990829
비노인빌라,서울 영등포구,이탈리안,22640,2.9,37.48086812,127.0116724
비비브라운,서울 강남구,커피전문점,5160,3.9,37.52303596,127.0406976
비사벌 전주콩나물국밥,서울 강남구,국밥,10000,4.2,37.54626489,127.0450307
비스타워커힐서울 피자힐,서울 서초구,피자,78000,3.6,37.55391841,127.1091987
콘메,서울 서대문구,이탈리안,27187.5,4.4,37.50493726,127.1082429
비스트로누,서울 관악구,이탈리안,27033.33333,4.3,37.49910869,126.9987606
비스티버거 한남본점,서울 서대문구,햄버거,10580,2.9,37.53245012,127.00707
비아트 성수,서울 송파구,카페,6750,4.2,37.54710165,127.0542538
BIYA부대찌개 본점,서울 송파구,"찌개,전골",4166.666667,4.4,37.58820306,127.0294108
비어오크 마장점,서울 성동구,"호프,요리주점",0,4.7,37.56565971,127.0427537
비언유주얼,서울 서초구,양식,198600,3.8,37.50955914,127.0446162
비올레타머핀,서울 강남구,"제과,베이커리",5253.846154,4.9,37.54860958,127.0261293
비진도해물뚝배기,서울 동대문구,"해물,생선",22444.44444,3.8,37.56165885,126.9671453
비타포,서울 강동구,베트남음식,8033.333333,4.2,37.58914717,127.0067482
비파티세리 공덕점,서울 강서구,카페,7755.555556,4.2,37.54861746,126.9551195
비하인드,서울 강남구,카페,6700,4.3,37.52614865,127.038827
빈브라더스 합정,서울 강남구,커피전문점,6494.117647,4.3,37.54569417,126.9149839
빌즈 강남,서울 서초구,양식,8872.881356,3.2,37.49974504,127.0349536
빙봉,서울 영등포구,양식,5700,3.5,37.54687382,127.0404582
르브와 종로점,서울 강남구,이탈리안,20283.33333,3.9,37.56944713,126.9853979
빠리가옥,서울 강서구,양식,18100,3.6,37.57328677,126.9902512
빠우 을지로점,서울 성북구,도넛,3000,4.4,37.567145,126.9954497
바게트의 정석,서울 송파구,"제과,베이커리",3904.545455,3.8,37.4885212,127.1018555
뺑드에코,서울 은평구,"제과,베이커리",8280,4.5,37.54226736,127.0490418
뻐꾸기,서울 성동구,실내포장마차,20388.88889,3.7,37.51901102,127.0251304
뼈탄집,서울 용산구,"육류,고기",13500,4.5,37.53579174,126.9729134
뽐모도로,서울 중구,이탈리안,18500,3.7,37.57113939,126.9756513
뽕나무쟁이 선릉본점,서울 종로구,"족발,보쌈",43000,4.2,37.50322746,127.0520099
뽕사부,서울 성동구,중식,14416.66667,3.5,37.51814537,127.0405411
뿌자2,서울 송파구,인도음식,17766.66667,4.1,37.56687098,127.006848
뿡어당,서울 송파구,디저트카페,2546.153846,4.4,37.59122687,127.0205395
사담,서울 송파구,식품서비스업,9525,3.8,37.48129209,129.127733
사동면옥,서울 송파구,냉면,9153.846154,2.2,37.57390981,126.9858555
사랑채,서울 송파구,"육류,고기",24000,3.8,37.50613826,127.1011692
사모님짬뽕,서울 송파구,중국요리,13166.66667,3.2,37.57507596,126.8122822
사색연희,서울 송파구,카페,6400,4,37.56839086,126.9295487
사운드키친,서울 송파구,양식,13000,4.7,37.52206022,127.0317423
사이코우스시 쌍문점,서울 종로구,"초밥,롤",31750,3,37.65794026,127.0362913
사조참치 영등포구청점,서울 종로구,참치회,36526.31579,4.5,37.5267062,126.896554
서울낙업,서울 용산구,일본식주점,14915,4.4,37.54161298,127.0708447
산도토리임자탕,서울 영등포구,한식,12285.71429,4.5,37.63962473,127.0401312
산들애 건강밥상,서울 마포구,한식,15400,4.1,37.65611946,126.9492753
산들해 송파점,서울 송파구,한정식,20666.66667,3.3,37.51673936,127.1132144
산띠,서울 서초구,인도음식,24666.66667,4.5,37.55554617,126.9250169
산모퉁이,서울 용산구,카페,9205.128205,3.1,37.59542472,126.9679231
산삼청각,서울 종로구,갈비,45816.66667,3.2,37.49347805,127.1249034
산수갑산,서울 강남구,건강식품판매,0,3.9,35.10032473,129.0299809
산수고원,서울 종로구,한정식,48333.33333,3.3,37.52691817,127.1480693
산채향,서울 은평구,한식,24937.5,3.9,37.56886574,126.9780268
산촌,서울 은평구,한식,7300,4.5,37.57379724,126.9862619
살구나무집칼국수,서울 서대문구,칼국수,9900,3.5,37.51950085,126.8575718
살롱순라,서울 중랑구,이탈리안,28100,3.8,37.57415093,126.9916797
삼겹살전문점대통령 본점,서울 중구,삼겹살,22600,3.3,37.58382787,127.0027059
삼대할먼네,서울 강남구,떡볶이,17333.33333,4.1,37.56290587,127.0147819
삼성빨간양념,서울 강서구,"육류,고기",17000,4,37.56280009,126.9772273
삼수갑산,서울 종로구,"육류,고기",27000,3.2,37.55775413,126.9753682
제령집,서울 서대문구,삼계탕,0,4.6,37.62463234,127.0181845
삼원가든,서울 강남구,"육류,고기",50769.23077,4.2,37.52482605,127.0326428
삼원일식,서울 마포구,일식집,11400,2.4,37.5659579,126.9653686
삼정복집 본점,서울 강동구,복어,57041.66667,2.3,37.51462293,127.0639081
삼정집,서울 중구,"육류,고기",22320,4.2,37.51484912,126.9378472
삼천리골 돼지집,서울 서초구,"사철탕,영양탕",59736.84211,1.7,37.64330441,126.9425717
삼청각,서울 서초구,"단체,협회",0,2.8,37.59735073,126.9841808
삼청각,서울 중구,"단체,협회",0,2.8,37.59735073,126.9841808
삼청동수제비,서울 종로구,수제비,15500,3.1,37.58459777,126.9819712
삼촌네2호,서울 서초구,순대,21000,3.6,37.48324046,126.9290363
삼학도,서울 강남구,회,0,3.8,37.4853617,127.0170415
삼해집 영등포점,서울 성동구,"족발,보쌈",26470.58824,2.8,37.51883447,126.9089943
삼형제쭈꾸미 대학로점,서울 광진구,"해물,생선",7538.461538,3.1,37.58133387,127.0043157
삼호짱뚱이,서울 송파구,"해물,생선",35666.66667,4.6,37.51963672,127.0310173
삼호복집 신촌점,서울 서초구,복어,50187.5,3.6,37.55652787,126.9350104
삿뽀로 목동점,서울 용산구,일식집,49666.66667,3.1,37.52244386,126.8703831
상락원청계밥상,서울 성동구,한식,27857.14286,2.9,37.44311918,127.0561347
일미락 상암점,서울 성북구,"육류,고기",15562.5,3.7,37.57637342,126.8972551
상인정신,서울 성동구,일본식주점,23428.57143,4.3,37.57127975,126.9747027
새들러하우스,서울 강남구,디저트카페,6470.833333,3.9,37.51938318,127.0249212
새마을식당 동대문점,서울 성동구,"육류,고기",0,1.3,37.567462,127.0074933
새벽집 청담점,서울 강남구,"육류,고기",36000,3.3,37.52552601,127.0528874
새벽집양곱창 신도림점,서울 성북구,"곱창,막창",33111.11111,3.7,37.50728189,126.8843795
새봄떡국국수 서대문직영점,서울 마포구,국수,10888.88889,4.2,37.56739318,126.9685781
새우숲 영등포본점,서울 마포구,퓨전요리,14176.47059,4.4,37.52885813,126.8969493
색동저고리,서울 마포구,한복,0,4.4,37.5409258,126.9488872
남원추어탕,서울 강남구,추어,21142.85714,4.4,37.52748762,126.9995384
생생아구,서울 성동구,아구,84333.33333,3.8,37.50879064,127.080294
샤블리,서울 종로구,샤브샤브,51363.63636,3.9,37.51807095,127.0222116
샤오바오우육면 본점,서울 종로구,중국요리,13071.42857,3.8,37.56907786,126.9866205
서강팔경,서울 중구,양식,90900,3.4,37.54494614,126.9253568
서관면옥 교대본점,서울 강남구,냉면,24454.54545,4,37.4939789,127.0172561
서궁,서울 성동구,중국요리,22125,3.5,37.56873221,126.9691435
서글렁탕,서울 강남구,삼겹살,13000,3.1,37.51942356,126.9329929
서당골 수유본점,서울 종로구,한식,17700,3.3,37.64681481,127.0167702
서래본갈비,서울 종로구,한식,13750,2.7,37.49978263,126.9983398
서래향,서울 강남구,중국요리,38166.66667,4.5,37.49811398,126.9989008
서래향 수서점,서울 송파구,중국요리,70000,2.7,37.48843463,127.1029839
서룡,서울 중구,중국요리,41450,3.9,37.51420625,127.0314641
서린낙지,서울 성북구,"해물,생선",16750,3,37.57059603,126.9801408
서부감자국,서울 관악구,감자탕,31500,2.9,37.60227563,126.9269484
서북면옥,서울 종로구,냉면,12000,3.6,37.5453966,127.0853439
서산간장게장,서울 송파구,"게,대게",71666.66667,4.3,37.57078686,127.0715402
서석대,서울 강서구,"육류,고기",58000,3.8,37.49521744,127.0195067
원조정할머니 기름떡볶이,서울 서대문구,떡볶이,5200,3.6,37.58059856,126.9700986
서울다이닝,서울 마포구,양식,100000,4.3,37.57853677,126.8942748
서울리즘,서울 도봉구,칵테일바,0,4.4,37.50978159,127.1115526
서울서둘째로잘하는집,서울 영등포구,전통찻집,7000,4.1,37.58625017,126.9818339
앵무새카페 버드플라잉,서울 광진구,반려동물,0,5,37.65779932,127.0645973
서울왕돈까스 성북동본점,서울 도봉구,"돈까스,우동",7900,3.4,37.59243778,126.9992799
서울원조아구찜,서울 은평구,아구,24000,4.5,37.57360913,126.98808
홍성원,서울 송파구,중국요리,49558.82353,4.2,37.52573448,127.0521205
서원,서울 마포구,아파트,14.66666667,4.1,37.55385971,126.9008623
서일순대국 별관,서울 종로구,국밥,14166.66667,3.6,37.49784979,126.9211336
서촌돌솥,서울 송파구,한식,8500,3.6,37.57888695,126.9712404
깡순이신쭈꾸미,서울 중랑구,"해물,생선",18566.66667,4.2,37.57643099,126.9718538
서촌친구네,서울 강동구,회,32000,3,37.57653701,126.97063
서화,서울 중구,"육류,고기",18000,4,37.56306595,126.9732793
석파랑,서울 서초구,한정식,96500,2.9,37.59928258,126.9586505
선비옥,서울 양천구,"육류,고기",21400,2.8,37.56894745,126.9888391
설가온,서울 종로구,한정식,58345.16667,4,37.57262064,126.975721
설눈,서울 종로구,냉면,23700,3.9,37.49123349,127.0097698
설레는마중,서울 중구,디저트카페,5620,4.2,37.57455376,126.983794
설마중,서울 중구,갈비,191142.8571,3.6,37.48501004,127.0403694
섬소년자연주의,서울 중구,"해물,생선",23750,4.4,37.55786987,126.9195764
성경만두요리전문점 종로점,서울 강북구,한식,17000,4.3,37.56890879,126.9897118
성균관감자탕,서울 강남구,감자탕,6714.285714,4.2,37.58417745,126.9971786
혜화칼국수,서울 서대문구,칼국수,24000,3.3,37.58657925,127.001503
성미골,서울 강남구,"육류,고기",19941.17647,3.4,37.56021601,126.9060884
성민양꼬치 본점,서울 강서구,양꼬치,11833.33333,3.7,37.47969953,126.9547538
성민촌,서울 은평구,샤브샤브,18800,3.8,37.5237628,126.92693
구포국수 1호점,서울 성북구,국수,25729.72973,3.7,37.59250533,127.0028058
성북동메밀수제비누룽지백숙,서울 성북구,닭요리,26666.66667,3.6,37.59457546,126.99057
성북동돼지갈비 본점,서울 성북구,갈비,18428.57143,2.5,37.59328826,126.9960732
성북동면옥집,서울 성북구,냉면,22000,2.9,37.59589344,126.9886312
성북동빵공장,서울 성북구,디저트카페,6307.692308,2.4,37.59589344,126.9886312
성북동집,서울 성북구,칼국수,19166.66667,4.1,37.59444872,126.9956745
다이소 GS슈퍼동소문점,서울 성북구,생활용품점,0,5,37.5945762,127.011321
아크로서울포레스트아파트,서울 성북구,아파트,94,3.5,37.54443721,127.0438482
피치스 도원,서울 종로구,카페,4500,3.3,37.54442516,127.0513845
성수다락,서울 관악구,양식,13840,4.3,37.53991796,127.0562242
성수동대림창고갤러리,서울 서초구,갤러리카페,8500,3,37.54171995,127.0562482
성수망치버거,서울 영등포구,햄버거,7300,4.4,37.53956134,127.0476313
성수베이킹스튜디오,서울 종로구,"제과,베이커리",3900,4.6,37.54618518,127.0437587
성수부두,서울 강남구,"해물,생선",18300,4.1,37.54342195,127.0542873
성수온실,서울 서대문구,퓨전한식,14575,4.1,37.54685524,127.0468597
성수일미락,서울 양천구,"육류,고기",16818.18182,3.5,37.54763797,127.0496417
성수족발,서울 서초구,"족발,보쌈",50000,3.4,37.54602763,127.0543164
성일한우정육점,서울 마포구,"육류,고기",0,2.8,37.54824005,127.0469262
성하,서울 종로구,한식,0,3.5,37.55918627,126.9776539
세디치,서울 강남구,이탈리안,25307.69231,4.3,37.54392217,127.0613158
세상의모든아침 for ME 롯데월드몰점,서울 중구,양식,29857.14286,3.8,37.51373378,127.1042266
세스크멘슬,서울 강남구,양식,0,4.2,37.50854334,127.0597181
센터커피 서울숲점,서울 구로구,커피전문점,6850,3.8,37.54655176,127.0416202
셀프하우스,서울 중구,분식,3833.333333,3.6,37.53238306,127.1217642
셰프테이너,서울 영등포구,이탈리안,22700,4.3,37.53767153,126.9949152
소금집델리 망원,서울 성북구,샌드위치,11126.31579,4,37.55682365,126.9082362
소금집델리 안국,서울 강남구,샌드위치,12322.22222,3.7,37.57945728,126.9862337
소나무집,서울 송파구,"육류,고기",36727.27273,4.2,37.50207102,127.1033781
소랑호젠,서울 송파구,양식,22187.5,4,37.54268876,127.045205
소르비,서울 강남구,카페,6488.461538,4.6,37.5209474,127.0197283
소문난성수감자탕 별관,서울 종로구,감자탕,17333.33333,3.6,37.54300014,127.0546061
소문난식당,서울 마포구,한식,11000,4.1,37.5162107,126.8898835
소바식당 성수점,서울 서초구,일식,16363.63636,2.9,37.54301167,127.0550044
소바연구소,서울 영등포구,일식,13000,4.3,37.55877102,126.9394541
소백산 양재별관,서울 영등포구,"육류,고기",10400,3.3,37.46847738,127.0430238
소선재푸드,서울 강북구,한정식,23571.42857,2.3,37.58552036,126.9817718
소설한남,서울 서초구,한식,220000,4.1,37.53513767,127.0091306
소소한풍경,서울 서초구,한식,25214.28571,3.8,37.59365464,126.9660306
소수,서울 강남구,"호프,요리주점",15444.44444,4.7,37.52455865,127.0243912
소안도풍경,서울 마포구,한식,42875,4.1,37.54349404,127.0580487
소연,서울 종로구,일본식주점,24095,3.6,37.56636505,126.9650243
소울,서울 은평구,디저트카페,11875,3.4,37.60481631,126.9344327
소이연남,서울 광진구,태국음식,21800,4,37.51040189,127.058377
소인수서울,서울 동대문구,"곱창,막창",17400,4.1,37.54965375,127.0445054
유미분김밥 소정담 당산 본점,서울 서초구,분식,7225,4,37.52923318,126.9003631
소피텔앰배서더 서울 미오,서울 종로구,일식집,69555.55556,4.4,37.51386252,127.1063578
소호정 본점,서울 중구,국수,34700,3.9,37.47326856,127.0486836
손가네곰국수설렁탕,서울 송파구,설렁탕,29416.66667,2.9,37.59313696,127.0003578
손가명가,서울 종로구,"육류,고기",18818.18182,4.2,37.56813452,126.9802185
손국수,서울 노원구,국수,22500,3.7,37.67103052,127.0802554
손수메밀우동손만두,서울 성북구,국수,10000,4.5,37.59977045,126.9155136
솔나무길된장예술,서울 종로구,한식,20833.33333,2.7,37.58211601,127.001114
송가네감자탕,서울 강서구,감자탕,13307.69231,3.2,37.56181921,126.9240667
송강,서울 마포구,장어,92000,3.1,37.51974302,126.9292167
송계옥 교대점,서울 동작구,닭요리,13000,3.8,37.49155404,127.0120404
송림가,서울 종로구,갈비,52400,4.6,37.49702704,126.8644064
송림식당,서울 종로구,기사식당,9875,3.8,37.57497194,127.0152914
송백식당,서울 종로구,한식,8000,1.9,37.57364746,126.9742128
송쉐프 본점,서울 중구,중국요리,12454.54545,3.6,37.51930038,127.0196148
송쉐프 장안점,서울 종로구,중국요리,53326.92308,3.9,37.56185023,127.0663162
송원,서울 종로구,"육류,고기",51750,2.7,37.56366614,126.9782547
송월냉면,서울 종로구,냉면,8000,3.8,37.54237405,127.1295722
송이네,서울 서초구,분식,3968.75,2.2,37.50655692,127.0830806
송죽장,서울 종로구,중국요리,43211.76471,2.6,37.51825084,126.9046988
송추가마골 은평1호점,서울 서초구,갈비,31600,3.6,37.65423391,126.9400974
송파아구찜,서울 마포구,아구,60000,3.5,37.49481157,127.1315186
송화산시도삭면 2호점,서울 종로구,중국요리,14200,4.2,37.5391959,127.0672443
송화유수,서울 종로구,"육류,고기",61222.22222,4.1,37.50476117,127.0229994
수가,서울 종로구,카페,4268,4.3,37.54503683,126.9725932
수담한정식,서울 종로구,한정식,56625,3.6,37.5106038,127.045939
수라선 역삼점,서울 마포구,한정식,50500,2.4,37.50504993,127.0412533
수락이오냉면 본점,서울 관악구,냉면,12878.94737,3.6,37.6739058,127.0525958
수릿날원조장충동할매족발보쌈설렁탕,서울 영등포구,"족발,보쌈",26800,3.2,37.56064878,127.0052935
수빈,서울 성북구,한정식,58600,3.3,37.57891944,127.0696948
수연산방,서울 성북구,전통찻집,15125,3.2,37.59507217,126.9948366
수원집,서울 성북구,갈비,32000,3.7,37.56530687,127.0065762
수유손칼국수,서울 성북구,칼국수,10500,3.2,37.63379968,127.0243012
수정궁,서울 성북구,중국요리,14500,3.7,37.66210109,127.032917
수퍼판,서울 성북구,퓨전한식,38750,3.8,37.52443828,127.0268381
그랑서울,서울 성북구,빌딩,0,4.1,37.5708125,126.9815523
순대실록 대학로본점,서울 성동구,순대,18250,4.5,37.5829719,127.0035776
순댕이네얼큰수제비,서울 성동구,수제비,8714.285714,2.6,37.47234551,126.8993331
순미네행복게장 동대문직영점,서울 성동구,한식,54600,3.2,37.56771066,127.007765
순천가,서울 성동구,"육류,고기",13100,4.4,37.57105311,126.9891818
순천집,서울 성동구,"해물,생선",42200,3.3,37.57219545,126.9879896
순희네빈대떡,서울 성동구,한식,12900,3,37.5706013,127.0007245
숟가락반상 마실,서울 성동구,한식,25464.70588,2.8,37.65340054,127.0681336
숨은골목,서울 성동구,술집,13500,4.4,37.56090796,126.9249515
슈치쿠,서울 성동구,일식,117400,3.7,37.51980227,126.9402458
슈타인도르프,서울 성동구,"호프,요리주점",18952.94118,4,37.5129191,127.1093946
스담,서울 성동구,일식,0,4.1,37.59239991,127.0358484
스미스가 좋아하는 한옥,서울 영등포구,이탈리안,32000,3.4,37.57801481,126.9800642
스시장종현,서울 성동구,"초밥,롤",185000,4.2,37.52547545,127.0489584
스시초희,서울 송파구,"초밥,롤",83125,3.4,37.5237556,127.0359728
스시겐,서울 강남구,"초밥,롤",29600,3.9,37.55160158,126.9156336
스시고,서울 성동구,"초밥,롤",0,4.2,37.49892127,126.9978966
스시도쿠,서울 강동구,"초밥,롤",27250,4.1,37.56666003,127.1573334
스시만,서울 용산구,"초밥,롤",19142.85714,3.5,37.53549482,126.9992895
방이동초밥 스시미노루,서울 마포구,"초밥,롤",13538.46154,3.7,37.51525931,127.1156961
스시선수,서울 종로구,"초밥,롤",66400,4.4,37.52287517,127.0364576
스시야,서울 강북구,"초밥,롤",42600,3.7,37.74059349,127.0477338
스시오오모토,서울 성동구,"초밥,롤",67500,3.7,37.54697688,127.0468372
스시유,서울 강남구,일식,67444.44444,3.3,37.50559277,127.0644433
스시조,서울 성동구,일식,34000,3.4,37.56449086,126.9800338
스시초심,서울 영등포구,일식집,67500,4.6,37.65555021,127.0650713
스시코우지,서울 성동구,"초밥,롤",200000,4.4,37.52188131,127.0366212
스시쿠루미,서울 서대문구,"초밥,롤",0,4.3,37.52190366,127.0425341
스시타노,서울 서초구,"초밥,롤",105000,3.8,37.49373665,126.9924802
스시텐 강변점,서울 종로구,"초밥,롤",28190,4.2,37.53821089,127.093962
스시혼,서울 용산구,"초밥,롤",16600,4.6,35.23598578,128.6865038
스시히로바 삼성동본점,서울 종로구,"초밥,롤",8904.666667,3,37.51491861,127.0526514
스와니예,서울 강서구,양식,195000,4.2,37.5195104,127.0191058
스윗솔트,서울 성동구,디저트카페,9470.588235,4.6,37.54550699,127.1541753
스즈란테이 이촌점,서울 서대문구,일식집,14730.76923,3.6,37.51996235,126.9742992
스카이피자,서울 종로구,피자,10950,4.6,37.50960484,126.9370372
스케줄 청담,서울 마포구,양식,28100,4.1,37.52459669,127.0427031
스타쉐프,서울 성동구,양식,29000,4.7,37.48521384,127.0448923
스태픽스,서울 영등포구,카페,7000,3.4,37.57747694,126.9679082
스트라다146,서울 송파구,카페,5225,4.6,37.52904043,126.8993848
스트로베리32 성수점,서울 서초구,"제과,베이커리",40250,4.4,37.54643698,127.0450523
슬로우파크,서울 성북구,카페,17347.82609,3.1,37.58788453,126.981513
시골감자국,서울 중구,감자탕,35000,2.7,37.58742058,126.9168137
시골보쌈,서울 성북구,"족발,보쌈",19700,3.6,37.62473478,127.0199189
시골전집,서울 은평구,한식,10000,3.7,37.57070459,126.9911763
시골진지상,서울 종로구,한식,48600,3,37.5095756,127.0547458
시그니엘서울 더라운지,서울 마포구,양식,20625,3.5,37.51263692,127.1025443
시도플레이스,서울 서초구,커피전문점,6500,4.6,37.56627279,126.9283283
시멘트,서울 서초구,디자인,0,5,37.48499086,127.0142012
시샘달,서울 구로구,"미술,공예",0,5,37.62202882,126.8317108
시에나에스테이트 주차장,서울 광진구,주차장,0,4.3,37.54658965,127.0653725
시옹마오,서울 영등포구,동남아음식,12025,4.4,37.54347233,127.0544514
시키카츠,서울 강남구,"돈까스,우동",11444.44444,4.4,37.59141323,127.0486936
식당진,서울 동대문구,일식집,9500,3.1,37.56063552,126.9865179
신가네왕코등갈비,서울 중구,갈비,13750,4.3,37.57410211,127.030981
신길동별난아찌짬뽕,서울 강동구,중국요리,9333.333333,2.4,37.51529548,126.9165115
신길양꼬치구이,서울 마포구,양꼬치,14954.54545,4.4,37.51264913,126.920281
신당동천팥죽,서울 영등포구,죽,10666.66667,3.6,37.56515059,127.0187575
신대방닭갈비구이,서울 은평구,중식,11250,5,37.48780958,126.9117965
신대성각,서울 송파구,중국요리,10657.89474,4.3,37.46846117,126.9369316
신도림전주관,서울 광진구,한식,10225,4,37.5070442,126.8902294
신동궁감자탕뼈숯불구이 역삼직영점,서울 서초구,감자탕,35250,3.3,37.49788595,127.0329082
신생루,서울 용산구,중국요리,17375,3,37.49587755,126.8441146
신선한우촌,서울 강남구,"육류,고기",29733.33333,3.7,37.61424703,127.1011807
신성각,서울 강남구,중식,8000,3.6,37.54473422,126.9577335
신성,서울 노원구,일식집,28333.33333,3.6,37.62878783,127.0572358
신승관,서울 중구,중국요리,12233.33333,3.1,37.57077526,126.9797525
신신매운갈비찜,서울 서대문구,갈비,18800,4.4,37.52665694,126.8979343
신안촌 경희궁점,서울 성북구,"해물,생선",30500,3.4,37.57278551,126.9716367
신양로스터스,서울 송파구,카페,3357.142857,4.7,37.51042368,127.1109394
신의주찹쌀순대,서울 강북구,순대,32095.2381,2.9,37.64092489,127.0274125
와우신내떡 노량진점,서울 도봉구,한식,11220,4.5,37.51181634,126.9451316
목동로데오패션거리,서울 강남구,테마거리,0,2.4,37.52788904,126.8627826
신정,서울 종로구,"굴,전복",35000,3.3,37.56718472,127.0011749
신촌수제비,서울 종로구,수제비,3500,3.3,37.55590152,126.9363713
신촌황소곱창 신촌본점,서울 금천구,"곱창,막창",23000,4.3,37.55845243,126.935063
신토불이떡볶이 본점,서울 중구,떡볶이,3875,3.3,37.55256563,127.0904752
신토불이 장안직영점,서울 종로구,오리,68428.57143,3.9,37.57980766,127.0757999
신화쭈꾸미,서울 동작구,"해물,생선",13500,4.1,37.36010556,126.9321256
실크로드,서울 종로구,중국요리,15136.36364,4.1,37.57070649,127.0073283
심원,서울 노원구,"육류,고기",18555.55556,3.4,37.64660871,127.0328399
쌍다리돼지불백 본점,서울 마포구,"육류,고기",11500,3.1,37.59349908,126.9956882
쌍대포,서울 영등포구,한식,11764.70588,4.5,37.52178037,126.926579
썬더버드 청담점,서울 송파구,양식,22285.71429,4,37.52612064,127.0417276
썬스마일,서울 성북구,한식,10206.38298,4.5,37.65788179,127.0152348
썸띵어바웃커피,서울 종로구,디저트카페,7045.454545,3.6,37.50282478,127.0277985
쎄쎄,서울 강남구,중국요리,22265.30612,4.5,37.63444046,127.0183444
쎄콩데live,서울 강남구,양식,13425,5,37.54655332,127.0423082
쑥고개,서울 마포구,"호프,요리주점",14800,4.7,37.50350454,126.8786492
CGV씨네드쉐프 압구정,서울 서초구,영화관,122400,3.6,37.52432057,127.0292748
아구랑꽃게랑,서울 성동구,"해물,생선",10500,2.5,37.56077763,127.0050818
아델라베일리,서울 성북구,패밀리레스토랑,31344.82759,3.3,37.59516583,126.9701924
아랜역물닭갈비 서울본점,서울 송파구,닭요리,26000,4.5,37.55102184,127.0909634
아르모니움,서울 강남구,이탈리안,37000,3.3,37.53384237,127.001739
아름다운차박물관,서울 영등포구,박물관,0,4.2,37.57237001,126.9858818
아리랑,서울 성동구,한식,36333.33333,3.4,37.57015131,127.039786
아리랑,서울 강남구,한식,36333.33333,3.4,37.57015131,127.039786
아리수만찬,서울 노원구,"육류,고기",16181.81818,3.8,37.54532912,126.8936767
아리아,서울 노원구,한식뷔페,0,5,37.66062251,127.0745911
아리차이 신림점,서울 강남구,중국요리,18523.80952,4,37.4876153,126.9282723
아메리칸테이블,서울 강남구,양식,17200,4.2,37.51579862,127.0657687
아방베이커리 서울숲점,서울 서초구,"제과,베이커리",6731.25,2.2,37.54425146,127.044234
아선재,서울 광진구,한정식,51344.82759,4.5,37.50415093,127.0648718
아소정 본점,서울 강동구,냉면,34074.07407,3.7,37.54661901,126.9463893
아승지,서울 강남구,한식,0,4.6,37.5078259,126.9112199
아시안쿠진 경복궁점,서울 강남구,태국음식,8685.185185,4,37.57645354,126.9719455
아시안테이블,서울 강동구,동남아음식,11562.5,4.3,37.58344045,126.9975093
아야진생태찌개 본점,서울 용산구,"매운탕,해물탕",29000,3.5,37.51177134,127.0547621
아야진생태찌개 역삼직영점,서울 동작구,"매운탕,해물탕",23333.33333,3.1,37.49453223,127.0393568
아우네부대찌개&삼겹살 삼성본점,서울 강남구,한식,23200,2.8,37.50929072,127.0570065
아우프글렛 금호점,서울 강남구,커피전문점,6700,3.4,37.54886635,127.02622
아이러브신당동,서울 종로구,떡볶이,25476.19048,2.5,37.56313652,127.0148329
아이오쓰리 에이스하이엔드성수타워점,서울 영등포구,카페,0,4.3,37.54012492,127.0567788
아이해브어드림,서울 성동구,퓨전요리,20200,3.6,37.49927804,127.0293431
아재왔소,서울 종로구,한식,34823.52941,5,37.68771149,127.0412863
아치 서울용산점,서울 은평구,이탈리안,40722.22222,4,37.53198411,126.9728808
아티초크0125,서울 금천구,이탈리안,23566.66667,3.8,37.52372899,127.0557618
악어떡볶이,서울 종로구,떡볶이,4833.333333,3.7,37.56066159,127.041044
안남,서울 강남구,베트남음식,21700,3.7,37.48690128,127.0518629
안녕브릭샌드 인사동점,서울 송파구,디저트카페,3705,3.5,37.57451499,126.9836253
안동국시소람 인사동점,서울 서대문구,국수,12800,2.3,37.57358433,126.9841066
안동반점,서울 마포구,중국요리,20615.38462,4.1,37.58705193,127.0189578
안동장,서울 마포구,중국요리,21074.07407,3.1,37.51188851,126.9174043
안동할매청국장,서울 성동구,한식,23000,4.2,37.58894545,127.0046512
안씨네원조쭈꾸미 경희대직영점,서울 성동구,"해물,생선",13666.66667,4.4,37.59004109,127.054688
안짱,서울 동대문구,"호프,요리주점",12270.83333,3.8,37.58787564,126.9426415
알라프리마,서울 중구,양식,250000,4.5,37.51353813,127.0260266
알마튜나 도곡점,서울 동대문구,일식,24875,4.6,37.48497024,127.0457356
알천생태찌개,서울 영등포구,"찌개,전골",30200,3.6,37.50896762,127.0797241
알페도,서울 영등포구,"제과,베이커리",9800,3.7,37.55378271,126.9205711
암돼지오양식관,서울 중구,"육류,고기",13500,4.5,37.57083469,126.9856104
암사민물장어 암사본점,서울 동작구,장어,26200,4.3,37.55499397,127.1290711
압구정곱창 본점,서울 관악구,"곱창,막창",24375,3.9,37.52700922,127.0356315
압구정면옥,서울 구로구,냉면,26550,4.1,37.5264578,127.0290517
압구정변강쇠떡볶이,서울 강남구,떡볶이,6090.909091,3.8,37.52095036,127.0373119
애란궁,서울 구로구,오리,52470.58824,3.8,37.48483227,127.0978299
애성회관,서울 중랑구,곰탕,38800,4.2,37.56240937,126.9789138
애월의밤,서울 마포구,일본식주점,29333.33333,4.1,37.52664201,126.897337
앤트러사이트 연희점,서울 종로구,커피전문점,6475,3.5,37.5696713,126.9328528
앤헤이븐,서울 종로구,양식,19800,4.2,37.51837527,127.0556764
엘리스리틀이태리,서울 영등포구,이탈리안,22600,4.1,37.50863806,127.1048326
야마토텐동,서울 종로구,일식,13000,3.9,37.58609814,127.0302251
야바이,서울 송파구,퓨전일식,23727.27273,2.7,37.55807016,126.9346061
양반댁,서울 강남구,한정식,23600,4.9,37.5722619,126.9858864
양연화로 종로직영점,서울 동작구,"육류,고기",22062.5,3.6,37.56924904,126.9864937
양인환대,,"육류,고기",56375,4.4,37.53018322,126.9700475
양인환대,서울 서초구,"육류,고기",56375,4.4,37.53018322,126.9700475
양재해장국,서울 서대문구,해장국,20200,2.6,37.46815555,127.0409697
양지촌,서울 서대문구,갈비,27250,4.8,37.59657557,126.8667172
양천뼈다귀 본점,서울 광진구,해장국,14600,3.6,37.52580903,126.8744816
양천옥설렁탕,서울 동대문구,설렁탕,30789.47368,4.2,37.53769412,126.8639029
양촌리 도곡점,서울 노원구,"육류,고기",24133.33333,4.1,37.48551166,127.0435876
양평해장국,서울 구로구,해장국,17184.21053,3.4,37.47941866,126.853103
양푼이포차,서울 중구,실내포장마차,14875,3.5,37.56440785,127.0206725
양화정,서울 성북구,갈비,17888.88889,4.4,37.54939508,126.9119922
어가,서울 영등포구,일식집,57000,3.2,37.4869817,126.8560167
어거스트힐 강남점,서울 강남구,양식,24414.28571,3.5,37.50337623,127.0276132
어글리베이커리,서울 도봉구,"제과,베이커리",0,3.1,37.55502174,126.9060553
어니언 성수,서울 강남구,카페,6750,3.3,37.5447824,127.0582081
어니언 안국,서울 강북구,카페,6500,3.5,37.5776319,126.9865737
어라운드데이,서울 성동구,카페,7200,4.1,37.54686183,127.0412696
어머니대성집,서울 관악구,해장국,29200,3.4,37.57741837,127.0285847
어머니족발,서울 강남구,"족발,보쌈",34200,4.1,37.51017344,127.0575523
어반클리프,서울 중구,디저트카페,14600,4.1,37.54739865,126.9840579
어반플랜트 합정,서울 종로구,카페,8800,4.2,37.54789417,126.9171881
어성,서울 광진구,"초밥,롤",44428.57143,4,37.52573778,127.0329475
어썸로즈 가로수길점,서울 용산구,양식,30415.38462,3.9,37.52091456,127.0220043
어양,서울 종로구,중국요리,36465.11628,3.9,37.51647545,127.1140646
어페어커피,서울 중구,카페,4750,4.3,37.53669654,127.0550473
억조1978,서울 중구,"육류,고기",27923.07692,4,37.51935556,126.8723454
언구비육회 신논현점,서울 중구,"육류,고기",31833.33333,4.5,37.50559211,127.0218845
언노운다이너,서울 중구,양식,220000,4.1,37.48418646,127.0454864
언플러그드,서울 중구,가구,0,3.5,37.55483318,126.9288972
얼스어스 연남,서울 중구,디저트카페,8166.666667,3.5,37.56412163,126.9232562
얼큰수제비,서울 중구,수제비,7000,2.1,37.56275857,126.982032
엄마손떡볶이,서울 중구,떡볶이,3750,4.2,37.57894178,126.9241636
엄마손칼국수,서울 영등포구,칼국수,18400,4.1,37.53005523,126.921068
업사이드커피 뚝섬점,서울 구로구,커피전문점,5500,4.4,37.54875222,127.045899
업사이드커피 뚝섬점,서울 관악구,커피전문점,5500,4.4,37.54875222,127.045899
에도긴,서울 강남구,일식집,44750,2.4,37.49688432,127.0318492
에드엣,서울 성동구,샐러드,13526.31579,4.5,37.52205352,127.0215047
에르제 성수,서울 강남구,"제과,베이커리",8500,4.1,37.54389455,127.0589316
에버그린,서울 마포구,도시형생활주택,26,4.9,37.55948338,126.9082228
에베레스트,서울 영등포구,여행사,0,2.8,37.51598503,126.906093
에베레스트커리월드 레스토랑,서울 종로구,인도음식,17181.81818,4.5,37.57208197,127.0115689
에빗,서울 종로구,양식,133000,4,37.5233834,127.0362339
에이치커피로스터스,서울 강남구,카페,5528.571429,4.3,37.54918279,127.0505616
에페매스,서울 강남구,"미술,공예",0,4.3,37.51373578,126.8980695
에프터워크33,서울 강남구,이탈리안,20833.33333,3.1,37.57655114,126.991179
엔그릴,서울 성동구,양식,246666.6667,4,37.55127974,126.9882397
엘 샌드위치,서울 중구,샌드위치,8818.181818,4.5,37.57505081,126.981763
엘더버거 성수,서울 성동구,햄버거,16900,4.1,37.54631431,127.0429814
엘림들깨수제비칼국수,서울 강남구,칼국수,10000,4.4,37.63999496,127.011806
엘몰리노,서울 도봉구,"멕시칸,브라질",28500,3.5,37.547434,127.0411692
엠브로돈까스 신촌점,서울 용산구,"돈까스,우동",9537.5,3.7,37.55786307,126.9382167
여기가전집,서울 강남구,한식,19760.86957,3.4,37.53710221,127.0652171
여기가좋겠네,서울 성동구,닭요리,15133.33333,3.4,37.59261865,127.0531047
여수오동도,서울 강남구,"해물,생선",60000,4.1,37.5021541,127.0583423
여의도양꼬치,서울 종로구,양꼬치,13000,4.1,37.52159298,126.9265973
여의도생고기 내곡점,서울 종로구,"육류,고기",31240,4,37.45823531,127.0825457
호텔부티크나인,서울 성북구,"여관,모텔",0,2.9,37.57638985,127.0268126
여진곱,서울 중구,"곱창,막창",33375,4.2,37.57307846,126.9882702
역삼동북어집,서울 성북구,"해물,생선",15333.33333,4.1,37.49859121,127.0367308
역전회관,서울 동대문구,"불고기,두루치기",65300,4.2,37.54292158,126.9470075
역촌왕돈까스 역촌본점,서울 서대문구,"돈까스,우동",13333.33333,2.9,37.60763262,126.9236453
연경 연희점,서울 강남구,중국요리,45400,2.7,37.57056463,126.9336331
더티캐디,서울 강남구,다방,6454.545455,4.9,37.56630045,126.9208509
연남서식당,서울 송파구,갈비,18000,3.5,37.53913943,127.1279463
연남장,서울 용산구,"공연장,연극극장",6160,3.8,37.56432979,126.9275831
연남토마 성수점,서울 종로구,퓨전요리,14933.33333,3.9,37.54703446,127.0422994
연변냉면,서울 강동구,냉면,26800,2.7,37.49301657,126.897383
연변냉면 대림2호점,서울 강남구,냉면,20533.33333,4,37.49266923,126.895832
미스터연지동순두부,서울 강남구,두부전문점,12111.11111,3.1,37.57148427,127.0013086
연천왕소갈비,서울 강남구,갈비,8857.142857,4.4,37.61372474,126.9103059
연화산,서울 강남구,중식,10333.33333,2.2,37.50729912,127.0613571
연희김밥 본점,서울 중구,분식,4500,3.5,37.56806011,126.929403
연희동칼국수 본점,서울 영등포구,칼국수,13875,3.3,37.56822399,126.9307487
열빈,서울 서대문구,중국요리,12454.54545,4.1,37.5208642,126.9313129
열정도쭈꾸미,서울 강남구,"해물,생선",15600,4.3,37.53900824,126.9689634
영동교집 청담직영점,서울 송파구,"육류,고기",13500,3.5,37.52264318,127.0405413
영동장어,서울 성북구,장어,20000,3.8,37.52031666,127.0353388
영동설렁탕,서울 서대문구,설렁탕,33500,3.6,37.51615083,127.017372
영동올뱅이집,서울 종로구,한식,18846.15385,4.3,37.47773421,127.0480895
영동족발 4호점,서울 종로구,"족발,보쌈",43500,4.3,37.48404478,127.0385192
영등포복집,서울 용산구,복어,64200,3.9,37.51854338,126.9066022
영스낵,서울 용산구,분식,4666.666667,3.7,37.64984112,127.0763696
영양센타,서울 용산구,삼계탕,18250,3.4,37.52768363,127.0398245
영일분식,서울 용산구,국수,8500,3.4,37.5162916,126.889682
영화장,서울 용산구,중국요리,26320,3,37.59657923,127.0609434
예담한정식,서울 용산구,한정식,95000,3.7,37.50100371,127.0318917
예쁜돼지,서울 용산구,갈비,14000,3.8,37.47932554,126.8844577
옛골토성,서울 용산구,오리,40142.85714,4,37.43045828,127.0709127
옛날소머리국밥집,서울 서초구,국밥,24000,4,37.49254104,127.0162369
옛날연길냉면,서울 중랑구,냉면,19625,3.3,37.57024947,127.0102216
옛날중국집,서울 양천구,중국요리,14555.55556,3.5,37.50006999,126.8822872
옛날집,서울 양천구,"불고기,두루치기",12000,4.1,37.54851154,126.8639217
옛날집낙원아구찜,서울 강남구,아구,22700,4.1,37.57348388,126.9880098
옛날집참숯구이,서울 종로구,"육류,고기",12673.33333,3.7,37.55652958,126.9256757
옛맛서울불고기,서울 중구,"불고기,두루치기",18500,3.5,37.54690335,126.9317111
옛찻집,서울 마포구,전통찻집,7100,2.2,37.57353765,126.9854333
오거트 아현점,서울 강남구,카페,9166.666667,5,37.55687441,126.9511082
오계절남원추어탕,서울 강남구,추어,17333.33333,4.5,37.58095255,126.9359085
오곰커피 한강성심병원점,서울 마포구,카페,0,4,37.52291794,126.9103321
오구반점,서울 성동구,중국요리,10638.88889,2.6,37.56652477,126.9898729
오근내7닭갈비 성수낙낙점,서울 종로구,닭요리,16000,3.8,37.54662616,127.0661556
오근내2닭갈비,서울 성동구,닭요리,6545.454545,3.1,37.52507698,126.9627811
오금버드나무집,서울 동대문구,"육류,고기",19588.23529,3.9,37.50306842,127.1378076
오늘손칼국수앤찜 강동본점,서울 강남구,한식,56700,4,37.52913994,127.1345973
오다리집,서울 용산구,"해물,생선",17800,2.3,37.56143161,126.9834754
오뜨로 성수,서울 마포구,양식,22571.42857,3.8,37.54409113,127.0464585
오라이등심,서울 강남구,갈비,13800,3.9,37.57017963,127.0013991
오레노라멘 합정본점,서울 강남구,일본식라면,12000,4.4,37.54725762,126.9178372
오레노카츠 성수본점,서울 송파구,"돈까스,우동",9692.307692,3.7,37.5447359,127.0495176
오로라베이커리 성수점,서울 성동구,카페,6000,4.1,37.54349855,127.0580543
오리지널팬케이크하우스 가로수길점,서울 양천구,양식,6400,3.9,37.52092273,127.0216638
오리지널팬케이크하우스 도곡점,서울 서초구,양식,15400,3.8,37.48749705,127.0470544
오리지널팬케이크하우스 이태원점,서울 강남구,양식,21320.89552,4.5,37.53467383,126.9935113
오만지아,서울 강북구,이탈리안,47800,4.2,37.53397352,127.0098568
오모리찌개 잠실본점,서울 마포구,"찌개,전골",10050,4.7,37.50801159,127.1041214
오미가,서울 서초구,한정식,0,2.9,37.52283065,127.0278964
오박사네왕돈까스 본점,서울 은평구,"돈까스,우동",13666.66667,2.8,37.59259996,126.9989628
오발탄 송파점,서울 노원구,"곱창,막창",49166.66667,3.7,37.50902009,127.1334211
오버도즈도넛앤커피,서울 성동구,"제과,베이커리",5200,4.1,37.54664359,127.0466355
오버스토리,서울 성동구,커피전문점,9850,4.2,37.59868977,126.9996716
오복함흥냉면,서울 성동구,냉면,10500,3.4,37.54348538,126.9728755
오선채,서울 성동구,한정식,25000,3.1,37.48477274,127.0386778
오소리순대 본점,서울 강남구,순대,13800,2.9,37.59055787,127.0371745
오스테리아 오르조 한남,서울 강남구,"스테이크,립",30500,4.3,37.53488536,127.0094926
오아시스 잠실점,서울 성동구,양식,14336.66667,4.3,37.51748444,127.1034446
오아시스 한남점,서울 구로구,디저트카페,13393.93939,3.1,37.53659762,126.9979634
오양회참치,서울 종로구,참치회,0,2.8,37.56887613,126.9758218
오엔 카페앤레스토랑,서울 종로구,이탈리안,165666.6667,2.4,37.52770254,127.0176643
오엔엘커뮤니케이션,서울 강남구,"광고기획,광고대행",0,4.1,37.52380303,127.0471281
오우가,서울 성동구,"육류,고기",14800,4.4,37.56187896,126.9870971
오우가,서울 영등포구,"육류,고기",14800,4.4,37.56187896,126.9870971
오장동함흥냉면,서울 종로구,냉면,19000,2.6,37.56427091,126.9998778
오코노미스토리,서울 용산구,일식,12214.28571,3.3,37.51216402,126.9376549
투오프커피,서울 종로구,카페,5390,3.3,37.49528627,127.033866
오향가 가락본점,서울 성동구,"족발,보쌈",28285.71429,4.4,37.49675775,127.1214123
오향족발,서울 강북구,"족발,보쌈",28300,4.8,37.48496958,127.1216985
옥경이네건생선,서울 성동구,"해물,생선",55218.75,3.3,37.56609471,127.0195365
옥돌현옥,서울 서대문구,냉면,17833.33333,4.2,37.50151139,127.1240754
옥동식 서교점,서울 구로구,곰탕,11857.14286,3.9,37.55267657,126.9145211
옥류헌릴렉스,서울 동대문구,카페,6781.25,3.2,37.6699827,127.0077847
옥소반 마곡본점,서울 강남구,샤브샤브,18853.33333,3.3,37.56054841,126.832715
옥수해물찜칼국수,서울 영등포구,"해물,생선",15300,3,37.54162027,127.0178238
옥인피자,서울 서초구,피자,19466.66667,3.6,37.51356225,127.1035794
옥정,서울 동대문구,한정식,31666.66667,3.6,37.54350549,127.015543
옥천매운족발 본점,서울 종로구,"족발,보쌈",26714.28571,4,37.57317758,127.0115577
온량,서울 강남구,이탈리안,16600,3.7,37.5080242,127.1100932
온마을,서울 마포구,두부전문점,19166.66667,4.1,37.5866718,126.9815598
온정돈까스 본점,서울 은평구,"돈까스,우동",12000,3.6,37.48354757,126.9091072
온정텐동,서울 서대문구,일식,12000,3.6,37.5593011,126.9257635
온천집 익선,서울 마포구,샤브샤브,30250,3.6,37.57409672,126.9897892
올드델리 수유점,서울 서대문구,인도음식,8700,4.2,37.63930059,127.0266437
올드페리도넛 연남점,서울 서대문구,도넛,5890,4,37.55900399,126.9232942
올로지,서울 성동구,커피전문점,3487.5,4.4,37.56612241,127.0208925
옳음,서울 영등포구,한정식,0,4.3,37.53720466,126.9634313
옷살 서울대입구본점,서울 영등포구,인도음식,0,4.4,37.47976372,126.9529991
옹근달,서울 종로구,카페,6620,2.3,37.54271255,127.0529901
와가리피순대 본점,서울 은평구,순대,25090.90909,4,37.57811771,127.027908
한강와이키키,서울 강남구,한식,40750,3.9,37.55889622,126.8886606
완산정,서울 서대문구,해장국,22714.28571,3.1,37.48165968,126.9535948
완차이,서울 서대문구,중국요리,21045.45455,4.2,37.55871422,126.9393908
왕대박지지미촌 본점,서울 영등포구,한식,14785.71429,4.2,37.55900184,126.9791706
왕돈까스&왕냉면,서울 용산구,"돈까스,우동",9260,4,37.50346144,126.9214104
왕돈까스 왕냉면,서울 강남구,"돈까스,우동",8900,2.9,37.4835512,127.0379762
왕비집 종로직영점,서울 강남구,갈비,55000,4.3,37.56893546,126.9861858
왕뼈해장국 고척점,서울 서초구,감자탕,34800,2.8,37.50641737,126.8598202
왕스덕 논현점,서울 강남구,중국요리,10666.66667,3.7,37.51713646,127.0230201
왕의장어,서울 서초구,장어,22166.66667,3.6,37.5093091,127.0861397
외고집설렁탕,서울 영등포구,설렁탕,37222.22222,3.7,37.51101489,127.0539019
외래향 서울대점,서울 노원구,중국요리,19750,3.8,37.48182055,126.9503838
외양간,서울 강남구,"육류,고기",8250,4.3,37.54729493,126.9237612
요리하는남자,서울 영등포구,이탈리안,6333.333333,4.5,37.48215128,126.940719
용금옥,서울 동대문구,추어,19000,3.9,37.56766245,126.9805084
용두동복집,서울 강남구,복어,18666.66667,4.3,37.57747714,127.0313311
용두동쭈꾸미 본점,서울 금천구,"해물,생선",9250,3.5,37.57718529,127.0310683
용두동쭈꾸미 본점,서울 서초구,"해물,생선",9250,3.5,37.57718529,127.0310683
용마해장국,서울 송파구,해장국,9333.333333,4.1,37.59457747,127.102283
용문집,서울 종로구,"육류,고기",18200,3.6,37.53435481,127.0672739
용호야채곱창,서울 성북구,"곱창,막창",13800,3.7,37.53863839,126.9613351
우가,서울 관악구,"육류,고기",22545.45455,3.9,37.47155139,126.9331984
우가육회불고기,서울 종로구,"육류,고기",15666.66667,3.4,37.57033101,126.9996038
우뇽파스타뚝배기스파게티,서울 마포구,이탈리안,11375,3.7,37.51199784,126.9440479
우다움 신용산점,서울 마포구,"육류,고기",55750,3.2,37.5300347,126.9706302
우돈청,서울 종로구,"육류,고기",12187.5,3.1,37.52666289,127.0367672
우동카덴 연희점,서울 마포구,일식,12583.33333,3.5,37.57240343,126.9350238
우드멜로우,서울 서대문구,카페,6861.111111,3,37.56305721,127.1550972
우들목 서초점,서울 영등포구,"육류,고기",0,5,37.49128408,127.0302547
우래옥 본점,서울 중구,냉면,39285.71429,4.1,37.56821186,126.9987187
우리강산,서울 성동구,"육류,고기",0,2.5,37.51315125,127.1225518
우리밀국시,서울 용산구,국수,28000,3.6,37.59266122,126.9984555
우리바다수산,서울 송파구,회,62100,3.4,37.55772159,126.908947
우리설렁탕,서울 강동구,설렁탕,20090.90909,3.5,37.24440918,127.2118432
우리집떡볶이,서울 중구,떡볶이,15250,3.7,37.56266078,127.0149358
우리회포차 사당점,서울 성동구,회,26000,4.1,37.47828752,126.9806277
우마이도 건대점,서울 종로구,일본식라면,10000,3.9,37.54304056,127.0716891
우묵배미 신림점,서울 마포구,삼겹살,22555.55556,3.5,37.48288806,126.9217316
투뿔한우우미옥,서울 성동구,"육류,고기",49166.66667,4.5,37.56330598,126.9857658
우성갈비,서울 성동구,갈비,15000,2.8,37.55319713,127.0111586
우성식당,서울 강남구,"해물,생선",12882.35294,4.5,37.47433856,127.0312055
우앤,서울 강남구,"육류,고기",40500,4.2,37.52244014,127.0328556
우오보,서울 용산구,이탈리안,23800,3.8,37.4818895,127.0438795
우정,서울 용산구,떡볶이,14727.27273,3.4,37.53837521,126.9610886
우정낙지,서울 송파구,"해물,생선",61333.33333,3.6,37.65326396,127.059078
우정양곱창,서울 강남구,"곱창,막창",42100,3.9,37.51843321,127.0301073
우주제빵소,서울 성북구,"제과,베이커리",9328.125,3,37.57150878,126.8383651
우진가더챔버스 역삼점,서울 송파구,"육류,고기",45000,4.1,37.50321851,127.0375881
우참판 서래본점,서울 성동구,"육류,고기",62300,3.6,37.4970652,126.9980866
우천식육식당 청담본점,서울 성북구,"육류,고기",26428.57143,4.6,37.52381737,127.0516169
우첼로 더케이서울호텔,서울 용산구,이탈리안,0,5,37.46625336,127.0327948
우텐더 서울점,서울 서초구,"육류,고기",43200,3.5,37.52696952,127.0358125
운산,서울 동대문구,"빌라,주택",0,3.6,37.54841839,127.0608521
울프강스테이크하우스,서울 용산구,"스테이크,립",114800,3.7,37.52439983,127.0414156
워킹온더클라우드,서울 송파구,이탈리안,25000,4.1,37.52646936,127.0330791
웍셔너리 도산,서울 용산구,중국요리,21700,4,37.52387824,127.0384967
원강,서울 중구,"육류,고기",59800,3.9,37.5107211,127.0240802
원곱창,서울 강남구,"곱창,막창",14928.57143,4.4,37.56504095,127.0367498
원기옥,서울 강남구,한식,54500,3.7,37.54639385,127.0658895
원당감자탕 명동2호점 (휴업중),서울 중구,감자탕,0,2.7,37.56116124,126.9829865
원대구탕,서울 중구,"매운탕,해물탕",0,3.7,37.57273544,126.9732804
원두막,서울 중구,갈비,24571.42857,3,37.56409232,126.9932315
원마산아구찜 홍제점,서울 중구,아구,40400,4.3,37.58440051,126.9484952
원양참치 영등포구청점,서울 중구,참치회,57571.42857,1.5,37.52645473,126.897482
원조수구레,서울 중구,한식,34000,3.7,37.56087608,126.8202508
원조조박집 본관,서울 중구,"육류,고기",15333.33333,4.2,37.53997206,126.9438663
원조남산왕돈까스,서울 중구,"돈까스,우동",13300,1.8,37.55738107,126.9861065
원조남산왕돈까스 명동본점,서울 중구,한식,14000,3.4,37.56468964,126.9836331
원조닭한마리,서울 동작구,닭요리,21250,3.7,37.53962052,126.9474568
미소복 원조양평해장국 직영점,서울 강남구,해장국,13250,3.3,37.61693836,126.9187426
원조할머니두부집,서울 송파구,두부전문점,15095.2381,4.2,37.60817589,126.9576161
원조할아버지손두부,서울 송파구,두부전문점,6833.333333,4.4,37.5540575,127.0941619
원조호수삼계탕 본점,서울 중구,삼계탕,6800,3.5,37.50260015,126.9043964
원조홍어전문 본점,서울 송파구,"해물,생선",0,5,37.51069148,126.9117413
월래순교자관,서울 마포구,중국요리,11533.33333,4,37.4802731,126.8898107
월순철판동태찜,서울 강북구,"해물,생선",43000,4.2,37.56721927,126.9290518
웨스틴조선서울 홍연,서울 강서구,중국요리,61100,4,37.56444042,126.9800972
배제현의웰빙 낙지한마리수제비 강남신사본점,서울 성동구,"해물,생선",27615.38462,3.5,37.51751616,127.0209717
위대한밥상영광,서울 송파구,한정식,40444.44444,3.8,37.50320773,127.0235191
유니네고깃간 강남역점,서울 종로구,"육류,고기",19933.33333,3.6,37.50061644,127.0276823
유닭스토리 닭한마리 신촌점,서울 종로구,닭요리,15428.57143,3.7,37.55707876,126.9373685
유래회관,서울 종로구,한식,30833.33333,4.2,37.5664489,127.0315664
유미식당 본점,서울 성동구,"육류,고기",40166.66667,2.4,37.54464128,126.9688999
유스커피,서울 종로구,디저트카페,4333.333333,4.3,33.48443727,126.5401313
유어네이키드치즈,서울 관악구,와인바,10500,3.5,37.54668375,127.0453104
유정식당,서울 마포구,한식,12857.14286,3.5,37.54874061,126.8672822
유즈라멘 만리동점,서울 종로구,일본식라면,10500,4.3,37.55681539,126.9682384
유즈풀아뜰리에,서울 강북구,"안경,렌즈",4500,4,37.54698644,127.0404662
유진막국수,서울 마포구,국수,13600,3.3,37.52843793,126.992393
유진식당,서울 중구,냉면,9866.666667,3.6,37.57204232,126.9883179
유천냉면 본점,서울 강남구,냉면,14250,3.3,37.52851676,127.1155899
유타로 논현점,서울 관악구,일본식라면,10700,4,37.50834611,127.0347032
육병장,서울 성동구,"육류,고기",16625,3.7,37.51032748,127.0820047
육영토종한우 본점,서울 동대문구,"육류,고기",98596.66667,3.2,37.52866273,126.8981182
육회자매집 본점1호점,서울 마포구,"육류,고기",22555.55556,3.9,37.57055085,126.9998868
윤공,서울 관악구,"호프,요리주점",0,5,37.47720167,126.9798649
윤화돈까스,서울 서대문구,"돈까스,우동",9526.315789,3.4,37.49340649,127.0430336
으뜸청담맛집,서울 중구,"해물,생선",40900,3.7,37.51829968,127.0424393
으뜸회,서울 영등포구,회,42000,3.4,37.54386336,127.1428818
은성회집,서울 은평구,회,28000,3,37.57040309,127.0001494
은애마당,서울 종로구,"해물,생선",0,3.5,37.51211732,126.9148117
은&정명동닭갈비,서울 구로구,닭요리,14571.42857,3.8,37.5646316,126.9842291
은주정,서울 강남구,삼겹살,11443.47826,3.3,37.56867047,126.9997566
은하곱창,서울 강북구,"곱창,막창",19375,3.6,37.57812914,127.0564453
은호식당 남대문본점,서울 강남구,곰탕,33833.33333,3.2,37.55901225,126.9770021
을밀대컵냉면 역삼점,서울 관악구,냉면,20600,2.8,37.49817767,127.0336456
을밀대 잠실점,서울 동작구,국수,37500,3.5,37.5128179,127.108735
을밀대 본점,서울 송파구,냉면,34875,4.2,37.54748717,126.9455287
을지다방,서울 중구,다방,5461.538462,4.6,37.56616181,126.9917802
원형들,서울 동대문구,디저트카페,15000,3.6,37.56251931,126.9963215
응순가재골수제비,서울 동대문구,수제비,9866.666667,2.8,37.67443353,127.0606216
불광천왕돈까스,서울 동대문구,"돈까스,우동",8928.571429,4.2,37.59443212,126.915574
이가네가마솥설렁탕,서울 동대문구,설렁탕,26307.69231,3.6,37.60751796,126.924676
이가면옥,서울 동대문구,냉면,15000,4,37.57647478,126.9703946
이가바지락칼국수,서울 중랑구,칼국수,14442.85714,5,37.57460794,127.0153231
이강순실비집 본점,서울 광진구,"해물,생선",30250,3.6,37.56857324,126.986032
이공김밥 안암본점,서울 용산구,분식,6350,3.8,37.58236756,127.0284847
이끼롤까스 가로수길본점,서울 강남구,"돈까스,우동",13329.62963,3.3,37.51874626,127.0244561
이닝,서울 종로구,중국요리,52200,4,37.52240145,127.0412855
이대포사골부대찌개,서울 동작구,"찌개,전골",23208.33333,3.6,37.55526902,126.9270305
이랑칼국수,서울 용산구,칼국수,13545.45455,3.4,37.50681463,127.1085985
이모네순대국전문,서울 강남구,순대,10600,3.9,37.54861864,127.0214014
이모집,서울 서대문구,한식,10000,5,37.55134788,126.9561817
이문설농탕,서울 강동구,설렁탕,27230.76923,3.1,37.57273376,126.9839076
이봉,서울 서초구,한식,41900,4.2,37.50653701,127.0628041
이북만두,서울 중구,한식,22684.21053,2.5,37.56725486,126.9785571
이설함흥냉면 수유본점,서울 송파구,냉면,25062.5,2.6,37.64733638,127.0096633
이성원쉐프의청년감자탕순대국 방이동본점,서울 성북구,감자탕,26473.68421,3.6,37.51029435,127.1133528
이솔라,서울 마포구,이탈리안,37750,3.4,37.51174879,126.9949656
이수족발,서울 관악구,"족발,보쌈",16000,3.6,37.47744747,126.9846561
이엔갤러리,서울 중구,갤러리카페,9500,4.6,37.61316415,126.9707606
이요이요스시 공덕1호점,서울 동작구,"초밥,롤",56250,4.3,37.55014283,126.9527648
이이요,서울 광진구,"초밥,롤",16527.77778,4.2,37.55518592,127.0789042
이조,서울 관악구,한식,8000,5,37.4847417,127.017765
이조면옥,서울 중구,냉면,17222.22222,2.6,37.5683947,126.8421808
이조칼국수,서울 중구,칼국수,9000,4.3,37.55756501,126.968211
이채카페,서울 중구,양식,6700,4.5,37.57867338,126.9859123
이촌동면옥 이촌직영점,서울 강남구,냉면,29470.58824,4.9,37.52055536,126.9675887
이치에,서울 강남구,일본식주점,38700,3.6,37.52537236,127.0376806
이태리차차,서울 중구,이탈리안,25000,3.8,37.5435171,127.0510557
이포크,서울 노원구,카페,5000,5,37.5845463,127.0518875
이한스시,서울 강남구,"초밥,롤",22666.66667,3.2,37.52159913,126.8903507
원조 이화감자국,서울 강서구,한식,32250,4.4,37.587454,126.9169258
이화만두,서울 강남구,분식,7000,4.2,37.5032612,127.0392845
익선동그집,서울 서초구,국수,16600,2.2,37.57411111,126.9894768
인더매스 왕십리,서울 강남구,카페,6000,4.4,37.56526068,127.0398649
인더베이글,서울 서초구,"제과,베이커리",5480,4.9,37.59230609,127.0508761
인량 훠궈,서울 강남구,중식,10920,4.2,37.51401662,127.0212286
옥정,서울 관악구,한정식,31666.66667,3.6,37.54350549,127.015543
인사동촌,서울 강남구,실내포장마차,21800,1.6,37.5179413,127.0217184
인사동그집,서울 영등포구,한식,11500,2.4,37.57451783,126.9846113
인사동마늘보쌈,서울 강남구,한식,31050,4.2,37.5739522,126.9861713
사과나무,서울 강남구,카페,4632.8125,4,37.51208561,127.0841839
초당다실,서울 성동구,전통찻집,25000,5,37.5739447,126.9838937
큰집식품,서울 성동구,"떡,한과",0,5,37.56481781,126.9996401
인생한우,서울 중구,"육류,고기",22400,3.9,37.57014823,127.0382013
대충유원지 인왕산,서울 강남구,카페,4888.888889,3.6,37.58009367,126.9688218
더숲초소책방,서울 양천구,북카페,5660,3.5,37.58594884,126.9642679
인천집,서울 서대문구,"족발,보쌈",22466.66667,3.4,37.56780943,126.9812554
인크커피 가산점,서울 영등포구,커피전문점,6730,4,37.47933984,126.8780732
일등식당,서울 강서구,해장국,5166.666667,4.1,37.56054708,126.9043394
일미간장게장,서울 마포구,"게,대게",46411.76471,3,37.57086353,127.0713965
일미리금계찜닭 명동점,서울 중구,닭요리,17142.85714,3.6,37.56552757,126.9836556
일미원,서울 중구,복어,56250,2.8,37.4860417,127.0996632
일미장어,서울 강남구,장어,27500,4.3,37.55215781,126.9743142
일방통행국물즉석떡볶이&화덕피자,서울 은평구,떡볶이,16471.42857,5,37.52831676,127.1244309
일송칼국수,서울 종로구,칼국수,8722.222222,4.4,37.58657408,126.9967755
일식신태평양,서울 광진구,일식집,36428.57143,3.2,37.49436032,127.0150963
일심정,서울 영등포구,"해물,생선",31800,4.1,37.54627393,127.0574194
일품당프리미엄,서울 영등포구,샤브샤브,62333.33333,4.3,37.57276084,126.9740456
일품당프리미엄,서울 구로구,샤브샤브,62333.33333,4.3,37.57276084,126.9740456
임현숙의이화김치찌개,서울 서대문구,"찌개,전골",13500,3,37.60132872,127.0744458
입큰오리 대림본점,서울 중구,중식,10966.66667,5,37.49250682,126.8966012
잇쇼우,서울 강남구,"돈까스,우동",11944.44444,3.8,37.50661133,127.0484745
잇텐고,서울 서초구,일본식라면,6666.666667,4.1,37.54924974,126.909247
자연석돌구이,서울 강남구,삼겹살,17400,3.7,37.52064463,127.0353299
자연의길,서울 서대문구,건강식품판매,0,4.3,37.46607792,127.0406577
원조자원대구탕,서울 성동구,"해물,생선",15000,2.7,37.53472073,126.9741267
자인뭉티기,서울 강남구,"육류,고기",53250,4.4,37.48518196,127.0321337
자코비버거 이태원점,서울 영등포구,햄버거,11636.84211,3.7,37.54179755,126.9874219
자하손만두,서울 성동구,분식,26400,2.7,37.59312126,126.9660445
자하싸리집,서울 강남구,"사철탕,영양탕",34375,3.9,37.60681177,126.9601345
작당모의,서울 중구,카페,6716.666667,4.5,37.56060913,126.9254181
작은공간,서울 성동구,분식,22500,3.8,37.60316159,127.0648467
잘루스,서울 용산구,아시아음식,8550,4.4,37.56560961,127.0064065
잘빠진메밀 서촌점,서울 종로구,국수,15000,3.4,37.57966895,126.970982
잠두봉더나인,서울 송파구,"육류,고기",20000,2.4,37.54508203,126.9084769
잡어향기,서울 강남구,회,36800,3.9,37.52617914,127.0530915
장군갈비,서울 송파구,갈비,48250,3.5,37.55476131,127.0881522
장군보쌈,서울 영등포구,"족발,보쌈",24200,4.3,37.50643877,126.9070776
장금이전집,서울 종로구,한식,27000,3.3,37.56176373,126.9880886
장꼬방묵은김치찌개전문,서울 동작구,"찌개,전골",10666.66667,3.3,37.48688687,127.0236542
장미삼계탕 태릉본점,서울 강남구,삼계탕,39555.55556,4.2,37.625859,127.0800017
장수갈비,서울 강남구,갈비,12733.33333,4,37.5311424,127.0753128
장수마늘보쌈,서울 강동구,"족발,보쌈",14531.25,4.1,37.63574707,127.0338072
24시장수설렁탕해장국,서울 종로구,설렁탕,22625,3.6,37.5054946,127.0831405
장수원,서울 영등포구,"육류,고기",18650,2.8,37.53465445,126.817389
장수촌풍천장어,서울 중구,장어,15800,3.6,37.56326539,126.9986406
먹깨비,서울 중구,"해물,생선",56666.66667,3.7,37.56868952,127.0697317
장안문,서울 동대문구,갈비,22750,2.7,37.56742653,126.9813834
장안삼계탕,서울 중구,삼계탕,26153.84615,3.9,37.56368672,126.9775032
장안정,서울 강남구,오리,14000,4.1,37.52028215,127.1131609
장위기사식당 장위점,서울 송파구,기사식당,13526.31579,4.1,37.61852147,127.0460551
장인미역 잠실본점,서울 마포구,한식,15500,4.2,37.50650628,127.0895069
장충족발,서울 중구,"족발,보쌈",23166.66667,4.3,37.56004148,127.0060416
장칼집,서울 중구,국수,6500,3.6,37.49916093,127.1031931
장털보설렁탕 본점,서울 노원구,설렁탕,36125,3.5,37.50739315,127.1331761
잼배옥,서울 은평구,설렁탕,38875,3.6,37.56254798,126.9737164
쟈니덤플링 본관,서울 은평구,중국요리,12333.33333,4.1,37.5338259,126.9921299
쟝블랑제리,서울 종로구,"제과,베이커리",4383.333333,3.8,37.47715762,126.9619682
전골떡볶이 덕미가 이대본점,서울 종로구,떡볶이,8193.333333,4.1,37.55798944,126.9460326
전라도별장순대,서울 종로구,순대,6000,3.3,37.48327635,126.9287875
전민규의황제누룽지탕 노원직영점,서울 성북구,"해물,생선",27800,3,37.65472958,127.0596424
전자방,서울 강남구,중식,26918.36735,4.8,37.54832365,127.0537205
전주감자탕뼈해장국,서울 강남구,감자탕,10800,3,37.52833233,127.0371244
전주골숯불구이,서울 마포구,"육류,고기",24714.28571,1.5,37.57141189,126.991397
전주식당,서울 송파구,한식,41800,4.1,37.48844593,127.1223124
전주식당,서울 성동구,한식,41800,4.1,37.48844593,127.1223124
전주식당,서울 마포구,한식,41800,4.1,37.48844593,127.1223124
전주유할머니비빔밥집,서울 종로구,한식,11857.14286,4.7,37.56297779,126.9783421
전주전집,서울 강남구,한식,24400,3.4,37.49367501,127.0315663
전주집,서울 중구,"해물,생선",13800,3.5,37.5654085,126.9906665
전주콩나물해장국,서울 강북구,해장국,0,4.4,37.65227087,127.0497747
전주회관,서울 송파구,"육류,고기",16176.47059,4.1,37.56262014,126.9785539
경인미술관,서울 서초구,미술관,0,4.6,37.57442063,126.9854422
정감어린,서울 서초구,"육류,고기",21444.44444,3.6,37.54625444,126.9786808
정담은보쌈 신림점,서울 종로구,"족발,보쌈",29285.71429,3.9,37.48520831,126.9354024
마포정대포 본점,서울 마포구,"육류,고기",14555.55556,3.7,37.54195028,126.951127
졍동국시,서울 광진구,국수,14714.28571,3.3,37.56784763,126.9699135
정목누룽지백숙,서울 서초구,닭요리,13100,3.3,37.51257823,127.1225373
정선곤드레쌈밥,서울 강서구,쌈밥,18071.42857,4,37.61002725,126.9762989
만족오향족발 명동점,서울 중구,"족발,보쌈",20928.57143,3.9,37.56270029,126.9840501
만족오향족발 명동점,서울 종로구,"족발,보쌈",20928.57143,3.9,37.56270029,126.9840501
정식당,서울 용산구,퓨전한식,166500,3.1,37.54504803,126.967053
정애쿠키,서울 강남구,"제과,베이커리",7325,4.7,37.58064666,126.9868199
정원,서울 성동구,갈비,23625,3.8,37.54169645,127.0582475
제로카페 홍대점,서울 동대문구,카페,6505.882353,4.7,37.55407537,126.9273044
제비다방,서울 영등포구,테마카페,8642.857143,4.5,37.54661695,126.923101
제스티살룬 성수,서울 은평구,햄버거,10463.15789,4.1,37.54756419,127.0424469
제스티살룬 연남,서울 광진구,햄버거,9042.857143,4.2,37.56171284,126.9268522
제일콩집,서울 종로구,두부전문점,22411.76471,3.9,37.61947797,127.0776536
제일한우촌,서울 성동구,"육류,고기",26333.33333,4,37.57976618,127.0149075
제주국수,서울 동대문구,국수,12368.42105,3.8,37.54539529,127.0577672
제주미항 롯데백화점 영등포점,서울 강남구,한정식,13750,1.5,37.51602614,126.9068123
돌쇠감자탕순대국,서울 종로구,감자탕,15833.33333,4.6,37.54694596,126.8698372
젠제로,서울 종로구,아이스크림,7000,4.4,37.51527922,127.0432452
조금,서울 강남구,일식,22666.66667,2.5,37.49179937,127.0092226
조선갈비,서울 종로구,갈비,16296.2963,2.9,37.56444042,126.9800972
조선김밥,서울 종로구,분식,9014.285714,2.8,37.57862242,126.9822138
조선옥,서울 중구,"육류,고기",19000,2.8,37.56678992,126.9936387
조선화로구이,서울 종로구,"육류,고기",20937.5,3.9,37.59908197,127.0190152
죠셉의커피나무,서울 중구,커피전문점,10125,4.3,37.59459331,126.9885975
조수정한지그림갤러리,서울 성동구,화랑,0,3,37.50702712,127.0611476
조양관,서울 종로구,한정식,38214.28571,3.9,37.49518071,127.02747
조연탄,서울 종로구,한식,8818.181818,3.9,37.53078815,126.8632864
늘조은한우 구의직영점,서울 중구,"육류,고기",67678.57143,4.7,37.53752404,127.082272
조인바이트,서울 금천구,이탈리안,36458.33333,2.9,37.51128697,127.0498574
족의한수 종로본점,서울 마포구,"족발,보쌈",10644.82759,3.7,37.56958088,126.9891616
종가집,서울 동대문구,"곱창,막창",36000,3.8,37.57200601,126.9859
종각한우,서울 중구,"육류,고기",25550,4.1,37.57055792,126.9843619
종로명태덕장,서울 강남구,"해물,생선",43000,4.6,37.56998821,126.9900977
종로불돼지,서울 용산구,"육류,고기",14500,3.3,37.56884162,126.9850992
종로설렁탕,서울 강동구,설렁탕,30785.71429,3,37.5699161,126.9897558
창신육회 4호점,서울 종로구,"육류,고기",18823.52941,2.4,37.57070041,127.0006509
종로족빨,서울 서초구,"족발,보쌈",38600,3.5,37.56932077,126.9837
종로할머니칼국수,서울 성동구,칼국수,0,4.9,37.50688203,127.0594363
종점,서울 종로구,떡볶이,13666.66667,3.4,37.58912876,127.0187273
종점숯불갈비,서울 종로구,갈비,16285.71429,3.1,37.52637126,127.0019685
주문진,서울 종로구,일식,65000,3.5,37.56471599,127.0017748
주사부,서울 종로구,중국요리,27071.42857,2.3,37.53482901,126.9748598
주영이네 실내포차,서울 종로구,실내포장마차,29000,4.3,37.578365,127.0568621
주은감자탕,서울 종로구,감자탕,35750,2.8,37.50368036,127.0968264
죽변항,서울 종로구,실내포장마차,28846.15385,3.5,37.05810091,129.4218713
죽변항,서울 종로구,회,29000,3.1,37.05810091,129.4218713
준수방키친,서울 중랑구,양식,20105.26316,4.6,37.57971575,126.9707692
줄라이,서울 영등포구,양식,0,4.2,37.51705223,126.9032615
중국관,서울 강남구,중국요리,7200,4.3,37.53859209,127.0553791
중림장,서울 마포구,설렁탕,31222.22222,3.6,37.56025345,126.967713
중식당 청 한남점,서울 강남구,중식,60000,3.4,37.53533131,127.0100018
중앙식당,서울 서초구,"해물,생선",12142.85714,3.7,37.50485777,126.9532446
중앙감속기,서울 용산구,퓨전요리,20200,4.8,37.54557497,127.0510842
중앙식당,서울 서초구,"해물,생선",12142.85714,3.7,37.50485777,126.9532446
중앙해장,서울 용산구,해장국,30500,4.1,37.5082736,127.0654725
중화원,서울 종로구,중국요리,14238.09524,3.7,37.60996933,126.9317203
중화일상,서울 종로구,중국요리,15545.45455,4.1,37.50724254,127.1096464
쥬에,서울 마포구,퓨전중식,106650,4.2,37.53747272,127.0128081
지금여기가맨앞,서울 강남구,양식,15777.77778,3.7,37.56567276,126.9952461
전통찻집지대방,서울 중구,전통찻집,9300,4.8,37.57348631,126.9855499
지리산왕재봉흑돼지,서울 종로구,"육류,고기",15600,4,37.55050453,127.126361
지아니스나폴리 역삼점,서울 마포구,이탈리안,24380.95238,4,37.50267071,127.0375561
지화자,서울 강남구,한정식,77500,3.8,37.53299164,127.0801932
진가,서울 광진구,중국요리,26800,3.3,37.50356792,127.0542732
진고개,서울 용산구,한식,20739.13043,3.6,37.56309399,126.992815
진국설렁탕,서울 중구,설렁탕,28636.36364,4.2,37.50923243,126.9399228
진남포면옥,서울 서초구,국수,14000,3.3,37.55342427,127.0101582
진남회집,서울 노원구,회,0,3.3,37.51511689,126.9381705
진달래식당,서울 은평구,양꼬치,15766.66667,4.5,37.56611418,126.993684
진달래장국,서울 강북구,중국요리,0,3,37.49291586,126.8965837
울돌목 가는 길,서울 송파구,한정식,36000,3.3,37.48979922,127.0080283
진돈부리,서울 서초구,일식집,15000,3,37.55695341,126.942457
진미식당,서울 관악구,"게,대게",42500,3.6,37.48599506,126.9826587
진미양꼬치,서울 동대문구,양꼬치,15176.47059,4.8,37.53921407,127.065374
진미평양냉면 별관,서울 중구,냉면,23450,3.8,37.51613579,127.0360472
진사댁,서울 중구,한정식,59000,3.3,37.56346164,126.9840465
진성한우곱창,서울 중구,"곱창,막창",14600,3.4,37.56484467,127.0158961
진수사,서울 성북구,일식집,128333.3333,4.3,37.41090489,127.1322077
진영면옥,서울 송파구,냉면,12000,4.6,37.47155084,126.9004171
진옥화할매원조닭한마리 본점,서울 강동구,닭요리,7600,3.1,37.57033808,127.005696
진원조닭한마리,서울 송파구,닭요리,11000,5,37.56573846,127.006428
진원조닭한마리,서울 송파구,닭요리,11000,5,37.56573846,127.006428
진이네떡볶이,,떡볶이,4000,3.2,37.55139504,127.1548399
진작다이닝,서울 용산구,퓨전일식,10650,4.1,37.52885207,126.968618
진주집,서울 관악구,한식,36583.33333,3.5,37.52059128,126.9269501
진주회관,서울 서대문구,국수,16222.22222,3.4,37.56247878,126.9745313
진지아,서울 관악구,중국요리,20604.16667,4.2,37.50757179,127.108249
진진만두 국회점,서울 노원구,한식,65500,4.3,37.52989469,126.9208261
일품진진수라 광화문점,서울 성동구,한정식,31630,4.1,37.57063574,126.9805438
진평925,서울 구로구,"육류,고기",35037.03704,2.3,37.55783322,126.9065181
진향족발,서울 종로구,"족발,보쌈",30153.84615,3.9,37.57131124,127.0035363
짱이네산곰장어,서울 금천구,장어,21900,3.7,37.50939046,127.0373729
쪼매매운떡볶이 공릉점,서울 금천구,떡볶이,3607.692308,4.6,37.62818232,127.0777952
쭈꾸미와매운갈비찜 충무로점,서울 금천구,"해물,생선",12000,3.4,37.56329394,126.9917601
쮸즈,서울 금천구,중국요리,9900,3.5,37.51951298,127.0246192
찜집 본점,서울 금천구,아구,58466.66667,3.9,37.57845371,127.085959
원조차돌박힌쭈꾸미 본점,서울 금천구,"해물,생선",9050,3.8,37.56908307,126.9849452
차돌집,서울 금천구,"육류,고기",15428.57143,3.7,37.56410846,126.8119046
차만다 서울숲점,서울 금천구,양식,25475,4.3,37.54660409,127.0414132
차이나린찐,서울 금천구,중국요리,12700,2.2,37.52339798,127.1304783
차이나플레인 서울숲점,서울 금천구,중국요리,39700,3.3,37.5436452,127.0463032
차차티클럽 창신한옥,서울 금천구,카페,8733.333333,4,37.57107828,127.011365
찬양집,서울 금천구,국수,9000,3.3,37.57282636,126.9902535
참누렁소,서울 금천구,"육류,고기",49200,2.5,37.63488662,127.0705117
참만나,서울 금천구,갈비,16764.70588,4.5,37.61826054,127.0765854
참숯골,서울 금천구,"육류,고기",32527.77778,2.6,37.5673199,126.9795078
참숯골,서울 금천구,"육류,고기",32527.77778,2.6,37.5673199,126.9795078
참조은순대국전문점 구로직영점,서울 금천구,국밥,13000,3.6,37.49390694,126.8895792
참치마을,서울 금천구,참치회,0,3.7,37.48436718,126.8998122
창신동매운족발 본점,서울 금천구,"족발,보쌈",19363.63636,3.8,37.5730082,127.0115419
채미가,서울 금천구,한정식,53000,3,37.49408044,127.012276
오세계향,서울 금천구,한식,12000,3.4,37.57466657,126.9852407
챔프커피 2작업실,서울 금천구,커피전문점,5336.842105,3.9,37.53248165,126.9928134
챠크라,서울 금천구,인도음식,14096.66667,4,37.53449972,127.0096895
천하제일솥뚜껑,서울 금천구,"육류,고기",9382.352941,4.1,37.54150039,127.0536964
천호낙지,서울 금천구,"해물,생선",25911.76471,3.6,37.57883848,127.0679196
천호쭈꾸미,서울 금천구,"해물,생선",9375,3.7,37.53691751,127.1263211
철계단집,서울 금천구,삼겹살,12000,4.1,37.59039149,127.0567852
철길왕갈비살,서울 중구,갈비,15222.22222,3.4,37.55460142,126.9316124
청계산곤드레집,서울 동작구,한식,19600,4,37.44540155,127.057792
청기와타운 영등포본점,서울 종로구,갈비,20117.64706,4.3,37.51837817,126.9084881
청담25,서울 마포구,한식,76166.66667,3.6,37.52518947,127.0498101
청담고수 청담2호점,서울 중구,"육류,고기",35823.52941,3.9,37.52507284,127.0486222
청담고수 청담점,서울 종로구,"육류,고기",31750,3.4,37.52223737,127.0415615
청담골,서울 용산구,한식,18250,2.9,37.52274667,127.0434215
청담나인,서울 관악구,이탈리안,49771.42857,4.3,37.51663807,127.0518631
청담동포장마차,서울 마포구,실내포장마차,15666.66667,4.5,37.55750259,126.9380608
청담영양센터,서울 중구,닭요리,23200,3.1,37.51924051,127.0510753
청담제주물항 청담점,서울 송파구,"해물,생선",68900,4.8,37.52574242,127.052512
청담초밥 문정점,서울 종로구,"초밥,롤",18285.71429,3,37.48296143,127.1215019
청도양꼬치,서울 중구,양꼬치,18230.76923,3.2,37.49601555,126.9855298
청량리함흥냉면,서울 중구,냉면,8666.666667,4.2,37.58252243,127.0435762
청송함흥냉면전문점 본관,서울 중구,냉면,0,3.7,37.56589375,126.9287825
청송옥,서울 중구,국밥,15727.27273,3.5,37.56344432,126.9730607
청수당 베이커리,서울 중구,디저트카페,9886.363636,3.5,37.57388139,126.9897847
청수,서울 중구,냉면,10769.23077,2.8,37.56860469,126.9988726
청수장,서울 중구,갈비,15000,3.3,37.57103706,126.9912295
청수정,서울 중구,한식,18114.28571,3.1,37.58359583,126.9817043
청수횟집,서울 강남구,회,41600,2.3,37.50128216,127.0349476
청아라생선구이 망원점,서울 종로구,"해물,생선",12333.33333,4.7,37.5567182,126.9025742
청어람 망원점,서울 종로구,"곱창,막창",18454.54545,3.6,37.55810517,126.9074696
청와옥 본점,서울 마포구,순대,11580,3.6,37.51539273,127.1174484
청진생등심,서울 마포구,"육류,고기",46666.66667,3.7,37.55287585,127.128135
청진옥,서울 성동구,해장국,22333.33333,3.3,37.57171765,126.9794489
박씨화로숯불구이,서울 마포구,"육류,고기",15857.14286,4.9,37.56234614,126.978065
청춘극장,서울 노원구,영화관,0,4.5,37.65413474,127.0384392
청파맨션,서울 강서구,카페,5633.333333,4.7,37.54564992,126.9671523
청하,서울 성동구,회,42900,4.6,37.56639257,127.0639251
청학동흑염소,서울 영등포구,"사철탕,영양탕",26800,5,37.51456117,126.9178165
청해진,서울 양천구,"해물,생선",36555.55556,3.9,37.51523265,126.939004
청해진,서울 강남구,"해물,생선",36555.55556,3.9,37.51523265,126.939004
청화원,서울 종로구,중국요리,9420,3.3,37.58312242,126.9995483
청화초밥,서울 강서구,"초밥,롤",3125,4.2,37.51337327,127.1093206
체다앤올리,서울 종로구,카페,9775,4.1,37.54572186,127.041863
체부동잔치집,서울 중구,국수,9450,3.6,37.5765228,126.9714677
체부동잔치집돼지갈비 5호점,서울 마포구,갈비,12900,2.6,37.57654792,126.9710511
초록뜰,서울 성북구,국수,13500,4.6,37.58853869,127.0628232
초롱이고모부대찌개,서울 강남구,"찌개,전골",26600,3.8,37.54990899,127.1288451
초류향,서울 서초구,중국요리,22136.36364,4.5,37.56747864,126.9804405
초승달,서울 강서구,일식,69000,4.2,37.53962559,126.9913724
초원,서울 광진구,"육류,고기",21692.30769,4.5,37.57145129,127.0820116
초원의집,서울 강남구,유흥주점,0,4.2,37.46199347,127.1557755
촛불1978,서울 종로구,"스테이크,립",40509.09091,3.6,37.55677911,126.9853098
최고집숯불닭갈비,서울 종로구,닭요리,0,1,37.56290947,126.9851638
최대감네,서울 종로구,한식,19083.33333,3.2,37.57403869,126.9861215
최수사 대게마을,서울 종로구,일식집,29000,3.9,37.49920008,127.0374187
최우영스시,서울 종로구,"초밥,롤",22500,3.3,37.48356515,126.8954998
쵸이닷,서울 종로구,양식,88000,3.5,37.52441594,127.0465515
추남,서울 종로구,"돈까스,우동",17650,4,37.55023167,127.1443199
춘보만두,서울 종로구,분식,13500,2.5,37.62191793,127.0718293
춘천옥,서울 강남구,"족발,보쌈",18666.66667,2.7,37.4778547,126.8897023
춘천집닭갈비막국수 신촌,서울 중구,닭요리,12900,3.5,37.55702222,126.9361146
춘향미엔 별관,서울 용산구,중국요리,8642.857143,5,37.56099203,127.0331453
충남식당,서울 강동구,한식,8800,4.6,37.53589976,127.1365023
충무로뚝배기,서울 용산구,"찌개,전골",19000,4,37.56454278,126.9926428
충무로 부산복집,서울 동대문구,복어,47214.28571,4.4,37.56226321,126.9919481
취만루,서울 송파구,중국요리,22466.66667,5,37.50768079,126.9031401
취영루 송파본점,서울 영등포구,중식,32750,3.4,37.49261303,127.124954
취영루 송파본점,서울 성동구,중식,32750,3.8,37.49261303,127.124954
취향원양꼬치구이전문 영등포구청점,서울 영등포구,양꼬치,14000,4.3,37.52674312,126.8975676
치즈플로 한남점,서울 성동구,양식,31700,4.1,37.53698057,126.9994422
치킨마루 대방역점,서울 종로구,치킨,20066.66667,3.5,37.51378329,126.9269352
친구네정육식당,서울 서초구,"육류,고기",17033.33333,1,37.47698276,126.7952622
친니,서울 동대문구,중국요리,43450,3.6,37.57262064,126.975721
칠형제감자탕,서울 중구,감자탕,10550,3.4,37.62114433,127.0741801
카나디안 랍스터 서초점,서울 용산구,바닷가재,40500,2,37.48024823,127.0115909
카덴,서울 중구,일본식주점,0,4.1,37.57249355,126.9350463
카멜커피 10호점,서울 중구,커피전문점,5750,3.3,37.50528771,127.0043203
카사블랑카,서울 성동구,샌드위치,8800,4.2,37.54163533,126.9871278
카와카츠 본점,서울 중구,"돈까스,우동",17000,4.1,37.55474105,126.9161959
카토멘 대치본점,서울 중구,일본식라면,4666.666667,3.4,37.50423008,127.0544444
카툰한식,서울 강남구,한식,0,4.5,37.52252732,126.898596
카페마나랑,서울 은평구,커피전문점,6136.363636,3.8,37.50631808,127.1005666
카페모뜨,서울 송파구,양식,31400,2.7,37.61171275,126.9750786
카페보아즈,서울 용산구,카페,4333.333333,4.7,37.5113007,126.8425703
카페산아래,서울 중구,카페,6307.692308,3.2,37.66681644,127.0104989
카페숲,서울 종로구,커피전문점,0,4.5,37.59121417,127.003929
에필로그카페 성수점,서울 강동구,카페,5575,3,37.54764461,127.0549818
토다베이글 본점,서울 강남구,카페,6666.666667,3.7,37.46752797,127.0226307
카페폭포,서울 종로구,카페,4000,4.2,37.58130275,126.9370493
카페&펍 연무장 성수점,서울 마포구,카페,6350,3.5,37.54286738,127.0533093
카페1953위드오드리,서울 중구,카페,5200,4,37.51189691,126.8920773
카페252,서울 영등포구,디저트카페,17761.90476,3.1,37.54625448,126.9414875
카페413프로젝트 역삼점,서울 중구,카페,18646.66667,4.1,37.50235449,127.0344708
그레도제빵사,서울 동작구,"제과,베이커리",4000,3.6,37.6134361,127.0621838
낭만적,서울 관악구,카페,5826.086957,3.9,37.55662579,126.9297771
카페드파리,서울 영등포구,커피전문점,5900,4.4,37.51770921,127.0407807
카페마마스 여의도IFC몰점,서울 서초구,카페,15240,4.2,37.52507766,126.9259581
카페미우,서울 서대문구,카페,4200,4.6,37.53918343,126.9585117
카페브릭,서울 마포구,카페,6160,4,37.5675301,126.8424509
카페블랙,서울 영등포구,카페,4566.666667,3.5,37.52303665,126.8917852
카페플레노,서울 강남구,카페,6400,3.8,37.51929857,127.0408042
엘빈,서울 중구,카페,6333.333333,4.4,37.58556862,127.0005842
카페엠,서울 송파구,카페,4184.210526,4.5,37.51656603,127.0517726
카페 코스,서울 강남구,카페,3966.666667,5,37.54175183,127.06602
코인 명동점,서울 금천구,카페,8000,4.1,37.56288771,126.9840862
카페코인 명동2호점,서울 종로구,카페,6780,4.3,37.56507173,126.9841718
칵테일&드림,서울 중구,칵테일바,12800,3.2,37.55756617,126.9356388
칼스토랑,서울 중구,칼국수,9384.615385,4.4,37.55512332,126.8185523
바넷리,서울 중구,카페,0,5,37.54668973,127.0437816
커피몽타주,서울 중구,카페,5318.181818,4,37.52949346,127.1218511
커피생각,서울 강동구,카페,5600,4.3,37.53977852,127.1333899
커피친구,서울 성동구,커피전문점,4860,4.5,37.57241989,126.9816504
커피한약방,서울 중구,커피전문점,4805.555556,4,37.56656429,126.9886017
컴오프로스터스,서울 중구,카페,6340,4.2,37.54602316,127.0457106
컴투레스트,서울 송파구,카페,4471.428571,4.6,37.591209,127.0542065
컴플리트커피,서울 영등포구,카페,4636.666667,4.5,37.59828777,127.0568003
케냐키암부,서울 종로구,커피전문점,5600,3.6,37.57481766,126.9915494
케르반레스토랑 이태원 본점,서울 마포구,튀르키예음식,19856.66667,3.5,37.53434505,126.9953499
코끼리베이글,서울 종로구,"제과,베이커리",6625,3.4,37.57356556,126.9852771
코너룸,서울 강남구,양식,27000,4.5,37.54978754,127.0479706
코리아하우스,서울 노원구,"육류,고기",75700,3.6,37.63857392,127.1039895
코사이어티 서울숲점,서울 중구,전시관,0,3.5,37.54480144,127.0456227
코스모스 분식,서울 강남구,분식,0,3.3,37.54213142,127.0852858
코지인무르무르,서울 중랑구,양식,18618.18182,3.6,37.59145329,127.0519399
코코몽키즈랜드 송파점,서울 종로구,놀이시설,0,4.1,37.47782483,127.1257592
제스트 콘래드서울점,서울 강서구,뷔페,0,4.2,37.52556829,126.9267472
콤바크,서울 성동구,양식,19386.66667,4,37.55502032,126.9671992
콩나물장수,서울 강동구,한식,11000,4.3,37.58243308,127.0043565
콩예원,서울 성동구,한정식,17714.28571,4,37.55146967,127.1109447
콴안다오,서울 종로구,베트남음식,12000,4.2,37.51848915,127.0215014
쿠나,서울 종로구,테마카페,4466.666667,5,37.61383278,126.96454
쿠촐로테라짜,서울 노원구,이탈리안,18400,3.6,37.52453918,127.0422732
쿠캔비어,서울 노원구,"호프,요리주점",17800,3,37.57090357,126.9895044
크랩회피쉬 장충동본점,서울 중구,회,0,3.9,37.56066591,127.0051667
크레미엘,서울 중구,"제과,베이커리",5850,4.3,37.47577783,127.0390938
크레이지카츠,서울 중구,"돈까스,우동",19653.84615,4,37.55044752,126.909705
크레이트커피,서울 중구,커피전문점,0,4.7,37.53526727,127.0108572
큰대문집,서울 중구,갈비,55625,2.9,37.59631734,127.0360949
큰손흑돼지,서울 중구,"육류,고기",16285.71429,4.1,37.50950519,127.1103714
클라스카 커피랩,서울 중구,카페,4857.142857,2.8,37.54271493,127.0593606
클럽에스프레소,서울 중구,커피전문점,5800,2.7,37.59268876,126.9659586
키다리아저씨,서울 구로구,"제과,베이커리",3239.130435,3.9,37.55844375,126.9107253
키미아트,서울 종로구,미술학원,0,3.7,37.61299559,126.9742899
키친숲,서울 종로구,일식,9437.5,4.2,37.56131908,127.006225
타마린드 신세계백화점 강남점,서울 서초구,동남아음식,19666.66667,2.8,37.50508949,127.0044391
JW메리어트동대문스퀘어서울 타볼로24,서울 종로구,뷔페,0,3.8,37.57044781,127.0087387
타워차이 본점,서울 용산구,중국요리,40000,4.3,37.48775514,127.0525329
타이가든 명동성당점,서울 용산구,태국음식,13640,4,37.56420693,126.9853491
타지펠리스,서울 중구,인도음식,18280,4.3,37.53369994,126.9955151
타코마이너,서울 성동구,"멕시칸,브라질",10083.33333,4.4,37.54325817,127.0538516
타쿠미곤 주차장,서울 동대문구,주차장,0,4.3,37.52239965,127.04129
탐광,서울 강동구,일식집,13264.70588,4.8,37.54317095,127.0554119
탐라도야지,서울 동대문구,"육류,고기",21246.66667,3.4,37.51107713,127.0557026
태극당,서울 마포구,"제과,베이커리",6014.285714,3.4,37.55432214,126.9710009
태림산채정식,서울 서초구,한정식,17400,3.8,37.64996177,127.0342613
태문네,서울 영등포구,"육류,고기",14000,2.9,37.57138039,126.8205912
태양정육식당,서울 강남구,"육류,고기",7600,3.6,37.51900423,126.8922933
태양커피 방배점,서울 강남구,커피전문점,4555.555556,4.5,37.49017139,126.9928853
태조대림감자국,서울 강남구,감자탕,23750,2.3,37.58721958,126.9166962
태향,서울 강남구,중국요리,10500,3,37.55316249,126.9746454
터방내,서울 강남구,커피전문점,3777.777778,4.3,37.50800773,126.9608035
터치더스카이,서울 서대문구,양식,121666.6667,4.5,37.51989236,126.9402231
텅 성수스페이스,서울 강남구,카페,10100,4.8,37.54226041,127.0565428
텅앤그루브조인트,서울 강남구,"육류,고기",34533.33333,4.4,37.53408553,126.994533
테니,서울 송파구,양식,6060,4.3,37.54108781,127.0591896
테디스오븐,서울 노원구,"제과,베이커리",6553.333333,4.3,37.52483326,126.9241822
테라스룸,서울 동대문구,양식,24500,3.3,37.52464265,127.0426714
테르트르,서울 서대문구,커피전문점,7000,3.6,37.57822499,127.0112472
테이블포포,서울 중구,양식,180000,3.7,37.53466037,127.0052385
테이스티버거,서울 종로구,햄버거,9900,3.5,37.54822635,126.9207048
텍사스데브라질 센트럴시티점,서울 영등포구,양식,68000,3.7,37.50388386,127.0061931
텐동식당,서울 성북구,일식집,13428.57143,3.3,37.58609814,127.0302251
텐동요츠야,서울 종로구,일식,14500,3.7,37.47843879,126.9565521
텐바,서울 강남구,일식집,45000,4.4,37.54333548,127.0542329
토담골,서울 마포구,한식,23777.77778,4.8,37.52118836,126.8612949
토라카츠,서울 마포구,"돈까스,우동",9500,4.6,37.6049931,127.0437297
남도음식토말 본점,서울 송파구,한정식,58111.11111,3.2,37.51373655,127.0411609
토속정,서울 강동구,"해물,생선",79571.42857,4.4,37.56920357,126.9832473
토속촌삼계탕,서울 종로구,삼계탕,24166.66667,3.7,37.57772293,126.9714945
톡톡,서울 중구,양식,84000,3.6,37.56884542,127.0132391
톤앤업피부과의원,서울 중구,피부과,0,5,37.50477692,126.9994176
톰볼라 서래점,서울 용산구,이탈리안,34466.66667,3.6,37.49883836,126.9974714
통나무집,서울 영등포구,"육류,고기",44600,3.3,37.51231679,126.9218309
통돼지두루치기&김치찌개전문점,서울 영등포구,"불고기,두루치기",10800,2.7,37.56417425,127.0531479
국빈관,서울 강동구,"육류,고기",36090.90909,3.6,37.57663507,126.9738224
통일집,서울 강동구,"육류,고기",12900,2.3,37.56282373,126.993613
툇마루밥상,서울 강동구,한식,26500,3.1,37.48141999,127.122197
투뿔등심 논현본점,서울 강동구,"육류,고기",17500,3.8,37.52105526,127.0360586
툭툭누들타이,서울 강동구,태국음식,13145.83333,3.5,37.56518892,126.9240553
튜토리얼,서울 강동구,카페,6111.111111,3.5,37.5480435,126.9221444
트레비아,서울 강동구,여행사,0,3.8,37.54084203,126.9469004
트레스드,서울 강동구,디저트카페,7500,4.5,37.50976783,127.0847287
티룸,서울 서대문구,카페,6283.333333,5,37.56913241,126.9311146
티테라피 행랑점,서울 송파구,카페,7722.222222,4.6,37.57918483,126.9835439
팀호완 삼성점,서울 성동구,중식,7875,3.4,37.51142707,127.0568475
파고,서울 종로구,여성의류,0,4.6,37.56813555,127.0121874
파라디,서울 종로구,와인바,15200,4.8,37.53868604,127.0567596
파롤앤랑그 연남본점,서울 동대문구,카페,7250,3.9,37.56498993,126.9228557
파르코,서울 강동구,피자,21867.64706,3.9,37.52099471,127.1266053
파불라 주차장,서울 중구,주차장,0,3.5,37.52720933,127.0458213
파스타얼론,서울 용산구,이탈리안,17000,4.4,37.59773006,127.0331672
파시0914,서울 용산구,카페,23000,3.6,37.52323598,127.0350868
파씨오네,서울 중구,양식,0,4.6,37.52544834,127.0367485
남도보쌈파전,서울 중구,"족발,보쌈",38909.09091,4.1,37.57430265,127.0713602
파주감악산 대학로점,서울 중구,"육류,고기",32285.71429,2.5,37.58251603,127.0021828
파크하얏트 서울 코너스톤,서울 종로구,이탈리안,104000,3.6,37.50859867,127.0641789
파툼,서울 강남구,카페,6416.666667,1.7,37.58321028,126.9821754
파티세리아모니,서울 구로구,"제과,베이커리",29000,3.6,37.55143673,127.0470606
Pak India Restaurant,서울 강남구,인도음식,17666.66667,4.1,37.53372501,126.9924252
팔레드신,서울 강동구,중식,30700,3.5,37.55973352,126.9795371
853,서울 노원구,"육류,고기",18600,4.1,37.57472692,126.9851025
팔팔국내산민물장어나라,서울 금천구,장어,35324.32432,1,37.5529089,126.8516156
팜티진쌀국수,서울 서대문구,베트남음식,11785.71429,4.4,37.54258245,127.0451756
패션5 한남점,서울 성동구,"제과,베이커리",10706.66667,3,37.53878886,127.0020095
퍼스트플러스에이드,서울 중구,샐러드,12303.57143,3.8,37.52333712,126.9234484
퍼퓰러,서울 중구,베트남음식,11289.47368,3.9,37.56597721,127.006565
펄쉘 청담점,서울 송파구,양식,28000,3.9,37.52658944,127.0409077
페넬로페,서울 영등포구,유아용품,0,3.8,37.51594364,127.0267627
페르바코,서울 송파구,이탈리안,0,4.9,37.54473159,127.0748229
페르시안궁전,서울 송파구,인도음식,13656.25,4.5,37.58491628,126.997559
페어링룸,서울 송파구,이탈리안,26500,4.1,37.52538311,127.0478214
페트라,서울 송파구,아시아음식,19050,4,37.50564788,127.0903473
페페그라노,서울 영등포구,이탈리안,16500,4,37.62204809,127.0796091
평래옥,서울 용산구,냉면,23619.04762,2.6,37.56491022,126.9903655
평안도만두집,서울 영등포구,한식,29583.33333,4.1,37.52378079,126.9268893
평안도족발집,서울 영등포구,"족발,보쌈",45000,4,37.56028474,127.0060665
평양면옥,서울 종로구,냉면,30285.71429,3.3,37.56324809,127.006696
평양집,서울 노원구,"육류,고기",21900,2.9,37.53488648,126.9739773
평양칼국수,서울 서초구,칼국수,9666.666667,3.3,37.52831879,127.0371957
평이담백뼈칼국수 성수점,서울 서대문구,칼국수,14750,3.6,37.54936363,127.0490453
평창동북악정,서울 서초구,한식,81250,4.1,37.61134207,126.9777425
포담 서촌본점,서울 용산구,중국요리,12000,3.4,37.57637009,126.9734466
포도집,서울 마포구,이탈리안,18400,3.1,37.55494517,126.8509155
포도원삼계탕 신림본점,서울 강남구,삼계탕,15250,3.6,37.48223202,126.9301905
포레스트 성수키친,서울 영등포구,이탈리안,24850,3.8,37.54726964,127.0422317
포르시따 빠네빠네,서울 송파구,양식,15006.66667,5,37.56221487,127.0324735
포레스트 성수키친,서울 종로구,이탈리안,24850,3.8,37.54726964,127.0422317
포브라더스 도곡점,서울 양천구,동남아음식,13250,3.8,37.48399911,127.0453302
포크랜드 피케이월드직영점,서울 강북구,"육류,고기",26062.5,4.1,37.58381889,127.0002717
포폴라리타,서울 구로구,이탈리안,28750,3,37.49769229,126.9978061
폴인레미유 성수점,서울 성동구,카페,6145.833333,3.3,37.54831907,127.0475849
푸드2900 논현시티점,서울 서초구,분식,6933.962264,3.4,37.52135758,127.0374207
푸드떼,서울 서대문구,카페,20833.33333,3.5,37.57797898,126.9813661
푸주옥,서울 성동구,설렁탕,29200,3.6,37.52624508,126.9640702
품 서울,서울 영등포구,한정식,300000,4.2,37.53996789,126.8923695
풍년뼈다귀해장국,서울 중랑구,해장국,23000,3,37.62993882,127.0682889
풍류사랑,서울 강남구,한식,0,4.2,37.57388913,126.9862347
풍미연,서울 성북구,설렁탕,27450,3.1,37.6556909,127.0648221
풍천장어마을 즉석숯불구이,서울 마포구,장어,48800,3.8,37.4752165,127.1281922
프라자손칼국수,서울 강남구,칼국수,10750,3.8,37.49294905,127.1340438
프로간장게장 신사본점,서울 영등포구,"게,대게",59000,3.3,37.51455757,127.0191566
프로퍼커피바 2호점,서울 용산구,커피전문점,8981.632653,3.4,37.50728702,127.1230308
프롤라,서울 중랑구,커피전문점,18000,4.2,37.54126712,127.0609436
프리퍼커피,서울 영등포구,커피전문점,0,4.1,37.55318388,126.921064
프릳츠 양재점,서울 강남구,커피전문점,5000,4,37.48535313,127.0322016
플디 성수점,서울 종로구,카페,6272.727273,5,37.54792946,127.0485193
플랜트 이태원,서울 마포구,양식,9716.216216,4.3,37.53313766,126.9942299
플레어비 도곡점 주차장,서울 용산구,주차장,0,4.1,37.48351541,127.0449806
플레이버타운,서울 중구,아시아음식,24250,3.9,37.54695133,127.0429444
피아노카페,서울 중구,카페,7930,4.6,37.55395196,126.9244741
피양콩할마니,서울 관악구,한식,24214.28571,3.1,37.50409454,127.0552699
피어커피 성수,서울 강서구,커피전문점,5800,4.2,37.54891777,127.0548752
롯데호텔서울 피에르가니에르서울,서울 성동구,양식,256666.6667,4,37.56534516,126.9809572
피오니,서울 강동구,칵테일바,0,4.6,37.52454038,127.128901
더와인,서울 은평구,와인바,12428.57143,4,37.56804679,127.0067497
피터팬1978 본점,서울 종로구,"제과,베이커리",5150,4,37.56933821,126.9317664
필경재,서울 중구,한정식,169200,2.7,37.484856,127.095261
필동면옥,서울 성동구,냉면,20500,3.7,37.56039838,126.9969396
필로베이커리,서울 동대문구,"제과,베이커리",5711.111111,4.6,37.55555573,126.9244725
하나면옥,서울 동대문구,"육류,고기",10333.33333,4.4,37.56999567,126.9936837
하나샤부정,서울 용산구,샤브샤브,0,4.6,37.51233842,127.0559546
하나유키 마포점,서울 용산구,일식,19200,1,37.53936345,126.9448557
하나일식,서울 영등포구,일식집,15000,3.8,37.4786626,126.9527895
하남돼지집 동대문점,서울 성동구,삼겹살,28200,3.5,37.56677008,127.0067552
하니칼국수,서울 강남구,칼국수,16400,3.8,37.54681668,127.0415525
하단,서울 성동구,한식,14800,3.5,37.590005,127.0050284
하림각,서울 은평구,중식,97666.66667,4.5,37.59708012,126.9627248
하모,서울 동대문구,한정식,46900,3.6,37.54596482,127.0496383
하오아,서울 송파구,중국요리,0,4.3,37.54938004,126.8770109
하오차이,서울 영등포구,중국요리,57428.57143,3.4,37.48411165,127.0126181
하이라인,서울 중구,카페,9069.230769,4,37.53901078,127.0499211
하츠베이커리,서울 종로구,"제과,베이커리",0,3.3,37.54336063,127.0543936
하카타분코,서울 광진구,일본식라면,9400,3,37.54889152,126.9237957
하하,서울 강남구,"돈까스,우동",9871.428571,4.3,37.51997486,127.0261691
학림다방,서울 마포구,카페,6071.428571,4.3,37.58195022,127.0016574
한가람,서울 강남구,한식,16400,4.3,37.50587643,127.0596029
한강껍데기,서울 종로구,"육류,고기",16333.33333,3.5,37.55667831,126.90228
한강집생태,서울 중구,"해물,생선",16000,3.3,37.53575843,126.973022
한강파라다이스 요트선착장,서울 서초구,유람선선착장,0,4,37.52268985,126.9417808
한강회관,서울 마포구,갈비,18440,3.9,37.52038404,126.9743624
한교방서울면옥,서울 성동구,냉면,14000,3.2,37.5167253,127.038105
한국관,서울 성북구,한식,22200,2.3,37.59051452,127.0184842
한국순대 본점,서울 송파구,순대,21375,3,37.51607399,127.0404733
한국의집,서울 성동구,문화시설,0,4.5,37.56034335,126.9947484
한국회관,서울 종로구,한식,32111.11111,4.6,37.5728646,127.000643
한그릇,서울 마포구,국수,6718.75,5,37.54297668,126.9493566
한남동감자탕 본점,,감자탕,38150,4.1,37.53336109,127.0061639
한남북엇국,서울 마포구,해장국,37700,3.6,37.57446723,126.983554
한남작업실,서울 서초구,카페,8166.666667,3.4,37.53652556,126.9987328
한냄비,서울 종로구,샤브샤브,20400,3.7,37.53245651,127.0056524
한라산 청담점,서울 강남구,회,136550,3.5,37.52712465,127.0457771
예언의집,서울 중구,운명감정,0,4.6,37.53812773,126.9870379
한모네순대국,서울 용산구,순대,12090.90909,4.1,37.53787409,127.0866659
한미옥 청담본점,서울 성동구,"육류,고기",37100,3.5,37.52525621,127.0401717
한방족발,서울 강남구,"족발,보쌈",43555.55556,4,37.50903622,127.0847234
한상차림밥상,서울 성동구,한식,15000,3.3,37.57786047,127.0259358
한성돈까스,서울 서초구,"돈까스,우동",16200,3.4,37.5147468,127.0190967
한스 잠실새내점,서울 중구,"제과,베이커리",37603.44828,2.8,37.51139606,127.0845733
한아람,서울 도봉구,"육류,고기",38823.52941,4.1,37.51577076,127.1160181
한암동 여의도점,서울 강서구,한식,79142.85714,4.1,37.52386015,126.924138
한암동 정동점,서울 영등포구,한식,87333.33333,3.7,37.56784967,126.970853
한양코다리,서울 서초구,"해물,생선",16000,5,37.55060715,126.9741325
한옥갈비,서울 은평구,갈비,24538.46154,3.8,37.5722316,126.9890424
한옥달,서울 용산구,이탈리안,26388.88889,4.1,37.57692026,126.9719849
한옥카페 선운각,서울 동작구,테마카페,8000,3.2,37.65572673,126.9998323
함평한우 솥뚜껑 김치생삼겹,서울 영등포구,"육류,고기",10285.71429,4.3,37.57098359,127.0647486
한일관 광화문점,서울 성동구,한정식,37692.30769,3.4,37.57470438,126.9790349
한일관 영등포타임스퀘어점,서울 용산구,한식,19250,2.8,37.51741065,126.9041456
한일옥,서울 성동구,"불고기,두루치기",19750,3.3,37.56954128,126.9896902
한입소반 숙대본점,서울 영등포구,분식,6153.846154,3.4,37.54409924,126.9703078
대문,서울 강남구,한정식,26850,3.5,37.48885119,127.1462664
한쿡 N서울타워점,서울 종로구,한식뷔페,82000,3.5,37.5513338,126.9882035
한티옥,서울 용산구,국밥,19192.30769,3.7,37.49701576,127.0562859
할랄가이즈 이태원점,서울 마포구,양식,9477.777778,3.7,37.53470903,126.9947864
할랄가이즈 홍대점,서울 서초구,양식,10123.52941,3.5,37.55500677,126.9226804
할머니냉면,서울 성동구,냉면,6333.333333,3.5,37.55343372,127.0206015
할머니의레시피,서울 관악구,한식,16152.94118,3.6,37.54617282,127.0430865
할머니집,서울 성동구,"찌개,전골",17600,2.5,37.56040909,127.0058447
할머니추어탕 잠실점,서울 종로구,추어,12000,4.2,37.50758782,127.0890671
할범탕수육 본점,서울 성북구,분식,3454.545455,2.8,37.54853572,126.8653701
함경도찹쌀순대,서울 강남구,순대,12428.57143,3.4,37.49473239,127.121314
함경면옥,서울 종로구,냉면,36190.47619,3.6,35.54351548,129.3246569
함초간장게장,서울 종로구,"게,대게",0,4.8,37.56200143,126.9865629
함흥곰보냉면,서울 강남구,냉면,12428.57143,2.3,37.57158515,126.9970104
함흥냉면,서울 서초구,냉면,15600,3.5,37.48568713,126.9938401
함흥냉면,서울 서초구,냉면,15600,3.5,37.48568713,126.9938401
함흥면옥 압구정점,서울 서초구,냉면,21500,3.1,37.52222502,127.0285297
함흥본가면옥 건대점,서울 성동구,냉면,11222.22222,3.4,37.54518059,127.0798623
함흥에겨울냉면,서울 종로구,냉면,17666.66667,4.1,37.56018928,127.0052289
합정옥,서울 중구,곰탕,23400,3.7,37.54953362,126.9105096
해남낙지,서울 송파구,"해물,생선",36250,3.9,37.53886563,127.1261784
해담채 강남점,서울 강남구,한정식,51444.44444,3.9,37.49777526,127.0324218
해담채 남부터미널점,서울 마포구,한정식,49800,3.5,37.48586653,127.0151014
해담채 시청점,서울 마포구,한정식,49800,3.3,37.5600818,126.9730269
해담채 여의도점,서울 마포구,한정식,50888.88889,3.1,37.52819931,126.9226561
해랑,서울 송파구,"매운탕,해물탕",86555.55556,3.3,37.53852563,127.0901312
해몽,서울 성동구,갈비,11487.5,4.3,37.57214573,126.986389
해방촌 혼고,서울 종로구,"육류,고기",13068.75,4.5,37.54568604,126.9854818
해봉정육 본점,서울 강남구,"육류,고기",51333.33333,3.5,37.5077468,127.0665601
심리상담센터해심,서울 중구,심리상담소,0,4.8,37.48494896,127.1162215
해안반점,서울 성동구,중국요리,18266.66667,2.9,37.55268336,127.1294836
봉평메밀막국수,서울 마포구,국수,13800,4.4,37.52845266,126.9078196
해우담 본점,서울 성동구,한정식,18600,4.1,37.4938955,127.029073
해주냉면,,냉면,9000,3.5,37.50965235,127.0797746
해품장 팔팔장어 본점,서울 성북구,장어,51500,3.5,37.63743158,127.0795258
행복한콩이야기,서울 강남구,한식,7000,4.8,37.56916999,126.9887938
행운돈까스,서울 강남구,"돈까스,우동",9875,3.7,37.54461966,127.0593237
향림,서울 동대문구,중국요리,11000,2.8,37.6394218,127.0755035
향토,서울 종로구,한식,0,3.4,37.56128739,126.9662491
허머스키친 삼성점,서울 강남구,아시아음식,19047.36842,4,37.50919151,127.060809
허형만의압구정커피집,서울 종로구,커피전문점,5363.636364,3.8,37.52565325,127.0249335
헤리티지클럽,서울 성동구,카페,6593.75,4.1,37.57376806,126.9924733
헤이더그린,서울 용산구,카페,8318.181818,3.5,37.54245055,126.7942244
헤키,서울 중구,일식,13187.5,4.6,37.55524089,126.9097898
현대칼국수,서울 종로구,칼국수,7500,3.8,37.5628478,126.9770032
현래장,서울 강서구,중국요리,13150,3,37.52310287,126.9106317
현복집 강남본점,서울 성동구,복어,63800,3.9,37.52151257,127.037371
현우동,서울 용산구,"돈까스,우동",13000,3.7,37.51700736,127.0242881
현해,서울 영등포구,복어,210000,4.3,37.56206501,126.8524814
형제갈비,서울 중구,갈비,17625,3.6,37.60982747,126.9310137
형제꼬치집,서울 강남구,양꼬치,0,3.5,37.5128372,126.9186113
혜성칼국수,서울 강남구,칼국수,10000,3.7,37.58337445,127.0489771
혜장국,서울 광진구,한식,34000,3.4,37.50345657,127.0226755
혜화양육관,서울 종로구,양꼬치,13571.42857,3.6,37.5825629,127.0008016
혜화도담,서울 강남구,한식,40266.66667,4.1,37.58302421,127.0004347
혜화칼국수,서울 용산구,칼국수,24000,3.3,37.58657925,127.001503
호남식당,서울 노원구,갈비,15000,2.5,37.63418206,127.0658276
호남집,서울 중구,"해물,생선",10058.82353,3.2,37.56467635,127.0005433
호랑도,서울 종로구,"육류,고기",39833.33333,4.5,37.54807136,127.0575656
호랑이,서울 중구,카페,6666.666667,3.7,37.56746575,126.9954497
호랑이초밥,서울 강남구,"초밥,롤",16710,4,37.54633918,127.0547319
안동국시 호면정,서울 용산구,국수,24875,2.8,37.5693925,126.9813908
호무랑,서울 노원구,퓨전일식,85000,3.5,37.52332306,127.0441187
호밀밭,서울 성동구,카페,5226.666667,4.2,37.55891842,126.9405246
호박식당 약수본점,서울 종로구,"육류,고기",20900,2.5,37.55712176,127.0122343
호수집 원조닭꼬치,서울 종로구,닭요리,14920,3.6,37.5590608,126.9686812
호야초밥참치 본점,서울 성북구,"초밥,롤",28533.33333,2.9,37.54345148,127.070077
호재래양꼬치,서울 관악구,양꼬치,15105.26316,4.6,37.5571392,127.0776681
호족반 청담,서울 성동구,퓨전한식,17800,3.9,37.52544834,127.0367395
호호식당 대학로점,서울 성동구,일식,17761.90476,3.2,37.58190338,127.0000091
호호식당 성수동점,서울 성동구,일식,17761.90476,3.2,37.54717624,127.0438634
혼가츠,서울 성동구,"돈까스,우동",10454.54545,3.2,37.58338461,127.0002627
홈수끼 방이본점,서울 성동구,샤브샤브,49480,3.9,37.51204095,127.1262283
홍가네풍천장어,서울 강남구,장어,29250,3.4,37.66319238,127.0199201
홍능갈비 본점,서울 종로구,갈비,36000,3.3,37.58687279,127.0425711
홍대조폭떡볶이,서울 서초구,떡볶이,4187.5,3.6,37.55526907,126.9285844
반지만들기공방 홍대반지카페,서울 성동구,테마카페,25000,4.6,37.55212627,126.9212971
홍루몽,서울 강남구,중국요리,30611.11111,3.3,37.48482524,127.0127404
홍명,서울 종로구,중식,26000,3.7,37.57006743,127.0106721
홍미닭발 신사본점,서울 양천구,닭요리,12066.66667,2.9,37.51705316,127.0203325
홍미닭발 화곡본점,서울 강남구,닭요리,12416.66667,3.9,37.55133304,126.8516074
홍백집,서울 송파구,한식,34363.63636,4.4,37.57051018,127.005318
홍어명가 본점,서울 종로구,"해물,생선",45500,3.8,37.51067861,126.911393
홍영재장수청국장 삼성점,서울 노원구,한식,51400,3.7,37.50750289,127.0644675
홍원,서울 송파구,중국요리,10038.46154,3.5,37.52763806,127.1313194
홍이네옛날떡볶이,서울 송파구,떡볶이,3750,3.2,37.60171235,127.1033957
홍제동30년 우동국수,서울 서초구,"돈까스,우동",9272.727273,2.8,37.61631765,126.9078019
홍차이나,서울 송파구,중국요리,0,3.7,37.36615459,127.1054152
홍천집,서울 성동구,국밥,0,5,37.57231254,127.0191589
홍콩반점0410 명동점,서울 서초구,중국요리,0,2.1,37.56324647,126.9853708
홍팥집 오금점,서울 서초구,디저트카페,7025,4,37.50164077,127.138203
홍화돈,서울 성동구,삼겹살,32444.44444,3.7,37.54697527,127.0463506
화곡영양족발,서울 용산구,"족발,보쌈",24666.66667,4.1,37.54325865,126.8435023
화니 신세계백화점 강남점,,한식,23900,3.5,37.5051796,127.0041054
화담,서울 성동구,일식,76000,5,37.59549763,127.0617261
화떡,서울 마포구,떡볶이,26183.33333,3.6,37.56299398,126.9837919
화목순대국,서울 강남구,순대,20125,3.6,37.51925139,126.9312917
화진포막국수 강동구청점,서울 성동구,국수,14416.66667,3.8,37.52844097,127.1245544
화춘옥 청담점,서울 중구,갈비,47538.46154,4.8,37.52148363,127.0377104
화포식당 시청점,서울 영등포구,"육류,고기",13125,4.3,37.56178744,126.9776124
화해당 여의도점,서울 강남구,"게,대게",58500,3.7,37.52693668,126.9168662
화화담 성수,서울 서대문구,한식,7950,3.7,37.54323068,127.054853
화화,서울 강남구,일식,0,4.3,37.50524831,127.0352095
황금목장 명동성당점,서울 중구,"육류,고기",0,5,37.56284825,126.9855441
황금소 본점,서울 마포구,"육류,고기",53000,3.7,37.4942669,127.1236031
황금오리농장,서울 종로구,오리,26454.54545,3.6,37.60089164,126.9212378
황금정원,서울 강남구,쌈밥,43125,3,37.6628864,127.0177258
황금콩밭,서울 마포구,두부전문점,29520,3.8,37.55096606,126.9567342
황도바지락칼국수,서울 서초구,칼국수,12000,3.7,37.50424007,127.1060501
황생가칼국수,서울 중구,칼국수,34555.55556,3.5,37.58006016,126.980641
황선생수학교습소,서울 중구,학원,0,4.5,37.55856274,126.8247291
구월산,서울 성북구,한식,23785.71429,4.4,37.52679412,126.8981965
횡성한우,서울 종로구,정육점,0,3.7,37.60170242,127.0165652
효뜨,서울 강남구,베트남음식,18200,3.8,37.49505942,127.0297938
효자바베,서울 강서구,"육류,고기",18600,2.5,37.57675312,126.9701047
후라토식당 본점,서울 서초구,일식,14666.66667,3.8,37.57202208,126.9742926
후암편백,서울 성동구,샤브샤브,13400,3.3,37.5510204,126.9769706
훈카츠,서울 성동구,"돈까스,우동",8700,4.1,37.55784773,126.9435654
훔볼트,서울 마포구,디저트카페,5533.333333,3.4,37.54009845,127.055602
훼미리손칼국수보쌈,서울 강남구,"족발,보쌈",18285.71429,3.4,37.54955908,127.0446785
휴135,서울 종로구,양식,17833.33333,3.7,37.53666251,126.9991084
흑돈가 명동점,서울 광진구,"육류,고기",26500,2.9,37.56482299,126.9836874
흑돈가 삼성역점,서울 마포구,"육류,고기",15666.66667,2.3,37.51250582,127.056328
흑돈가 명동점,서울 용산구,"육류,고기",26500,2.9,37.56482299,126.9836874
흥부골숯불돼지왕갈비,서울 영등포구,갈비,14571.42857,4,37.52053659,126.9045907
흥부보쌈,서울 용산구,"족발,보쌈",24428.57143,3.6,37.52977,126.9647427
희극지왕,서울 강남구,한식,10000,4.6,37.52664201,126.897337
희락갈치,서울 중구,"해물,생선",11250,3.6,37.55989345,126.9771037
희래등,서울 서초구,중국요리,22500,3.4,37.49469396,127.0194715
희릿,서울 중구,양식,20666.66667,4.1,37.54266045,127.0484412
희죽희죽,서울 서초구,죽,0,2.5,37.56174931,126.9879573
히노야마,서울 노원구,"돈까스,우동",15214.28571,4.5,37.51740157,126.8653016
히메시야,서울 용산구,일식,12682.14286,3.7,37.54867183,126.9212837
힐스앤유로파,서울 용산구,칵테일바,0,3.3,37.54164254,126.9871119
