name,latitude,longitude,category,cluster_id,total_places,avg_review_rate,category_rank_1,category_rank_2,category_rank_3
101번지남산돈까스 본점,37.55694945,126.9857467,restaurant,185,19,3.621052631578947,lodgement,restaurant,
10꼬르소꼬모 청담점,37.52692769,127.0424057,restaurant,349,26,3.773076923076923,restaurant,,
1940금문,37.58539563,127.000634,restaurant,164,12,4.1000000000000005,restaurant,,
1인1잔,37.64097031,126.9379326,restaurant,116,7,2.8428571428571425,lodgement,restaurant,
2카페,37.52835121,126.8983845,restaurant,270,17,4.047058823529412,restaurant,,
31금룡 삼일빌딩점,37.56859139,126.9871639,restaurant,142,29,3.706896551724138,restaurant,lodgement,
33에이커,37.56316852,127.1498298,restaurant,45,3,3.6999999999999997,restaurant,,
3대삼계장인,37.49135587,127.0115564,restaurant,314,6,3.3166666666666664,restaurant,lodgement,
3일한우국밥,37.51992618,126.9040519,restaurant,266,13,3.4615384615384617,restaurant,lodgement,
566라멘,37.56056293,126.9208808,restaurant,233,9,3.8666666666666663,restaurant,lodgement,
5TO7,37.54608263,127.0433219,restaurant,78,48,3.8979166666666667,restaurant,,
63뷔페 파빌리온 용산점,37.52905546,126.9646062,restaurant,198,9,4.0,restaurant,lodgement,
943킹스크로스,37.5529891,126.9208095,restaurant,231,17,3.7941176470588234,restaurant,lodgement,
BBC어스,37.56358319,126.9834285,restaurant,186,43,3.511627906976744,restaurant,lodgement,
BK볏짚직화구이 장안동본점,37.57055526,127.0716023,restaurant,104,7,3.685714285714286,restaurant,lodgement,
보메청담,37.56549942,127.0230339,restaurant,149,4,3.925,restaurant,,
블랙랩,37.506703,127.0490536,restaurant,332,6,3.5,restaurant,,
카페종로시장,37.56945411,126.9836887,restaurant,158,57,3.7491228070175437,restaurant,lodgement,
다피타,37.48284714,127.006422,restaurant,312,5,3.12,restaurant,,
그라운드62,37.60832012,126.963204,restaurant,121,4,3.7,restaurant,,
HDD,37.54297374,127.0532166,restaurant,83,28,3.8535714285714286,restaurant,,
아이오유,37.53515253,126.9456236,restaurant,190,10,3.62,restaurant,,
저스트스테이크,37.52313167,127.0344034,restaurant,343,21,3.7857142857142856,restaurant,lodgement,
로와이드 서울숲점,37.54694119,127.0410467,restaurant,78,48,3.8979166666666667,restaurant,,
무오키,37.51902956,127.0422384,restaurant,334,10,3.8800000000000003,restaurant,,
우현증메르시,37.5222044,127.0316632,restaurant,344,8,4.1875,restaurant,,
33rpm,37.56464964,127.0117941,restaurant,152,19,3.9,restaurant,lodgement,
RSG,37.54259209,127.0599659,restaurant,85,19,3.857894736842105,restaurant,,
쎈느,37.54489277,127.0534442,restaurant,83,28,3.8535714285714286,restaurant,,
써머레인,37.53635437,126.9992646,restaurant,175,15,3.533333333333333,restaurant,lodgement,
더라운드 삼성점,37.52005652,127.0575995,restaurant,338,8,3.6,restaurant,,
카멜 성수점,37.53724034,127.055894,restaurant,81,11,4.190909090909091,restaurant,,
카모플라쥬,37.54898656,127.0456841,restaurant,77,19,4.005263157894737,restaurant,,
미누씨,37.4817004,127.0435628,restaurant,305,14,4.0285714285714285,restaurant,,
mtl 효창,37.54200619,126.9609169,restaurant,201,6,4.033333333333333,restaurant,,
가나돈까스의집,37.50986786,127.0377995,restaurant,322,6,3.733333333333333,restaurant,lodgement,
가담,37.52637641,127.0302689,restaurant,346,10,4.01,restaurant,lodgement,
가락골마산아구찜,37.49746742,127.1217255,restaurant,400,7,3.585714285714286,restaurant,lodgement,
가람국시 논현동점 (휴업중),37.52437305,127.040704,restaurant,349,26,3.773076923076923,restaurant,,
가마골,37.49936787,127.0337513,restaurant,323,10,3.7399999999999998,restaurant,,
가마로강정 신길삼거리점,37.51458727,126.9177656,restaurant,276,5,3.78,restaurant,,
가문,37.55876366,126.937435,restaurant,228,20,3.915,restaurant,lodgement,
가미분식,37.60644444,127.0946956,restaurant,67,1,4.0,restaurant,,
가미우동,37.55468317,126.9238577,restaurant,232,10,4.0,restaurant,lodgement,
가산물갈비&즉석소불고기,37.47727586,126.8836615,restaurant,290,3,3.9333333333333336,restaurant,,
가야밀냉면해물칼국수 본점,37.65578001,126.9477048,restaurant,118,2,4.3,restaurant,,
가야성,37.56650031,126.9885089,restaurant,142,29,3.706896551724138,restaurant,lodgement,
가양칼국수,37.52093631,126.9313694,restaurant,274,11,3.5727272727272723,restaurant,,
가정식당,37.52122645,126.8946792,restaurant,269,2,4.75,restaurant,,
가조쿠,37.54319904,127.0531013,restaurant,83,28,3.8535714285714286,restaurant,,
가쯔야 무교본점,37.56785634,126.981595,restaurant,184,33,3.590909090909091,restaurant,lodgement,
각시보쌈,37.54751127,126.9134497,restaurant,237,7,4.1,restaurant,,
대성갈비,37.59289917,126.9176048,restaurant,133,4,3.4,restaurant,,
갈비명가이상 돈암본관,37.6014129,127.0236451,restaurant,138,4,3.9,restaurant,,
갈비사랑,37.49563131,127.0270902,restaurant,319,10,3.81,restaurant,lodgement,
갈현동할머니떡볶이,37.57061289,126.9610378,restaurant,243,2,3.55,restaurant,,
감꽃당,37.57379762,126.9900836,restaurant,157,27,3.6037037037037036,restaurant,lodgement,
감나무집기사식당,37.56170894,126.9221585,restaurant,236,15,3.9,restaurant,lodgement,
감동식당,37.57933329,126.982088,restaurant,156,15,3.5933333333333333,restaurant,lodgement,
감미옥,37.87802517,127.7378407,restaurant,12,1,2.4,restaurant,,
소고기땡기는날 값진식육,37.51902885,126.8896859,restaurant,265,7,3.6999999999999997,restaurant,,
갓덴스시 강남점,37.49877715,127.0290907,restaurant,319,10,3.81,restaurant,lodgement,
갓잇 송리단길점,37.51001826,127.1079867,restaurant,386,21,3.842857142857143,restaurant,lodgement,
갓파스시 구로점,37.48373843,126.8958173,restaurant,287,6,3.483333333333333,restaurant,lodgement,
갓포마코토,37.52661685,127.034034,restaurant,346,10,4.01,restaurant,lodgement,
갓포아키 도산공원점,37.52299417,127.036236,restaurant,343,21,3.7857142857142856,restaurant,lodgement,
갓포준X에스테반,37.52415792,127.0274998,restaurant,345,9,3.6333333333333337,restaurant,lodgement,
강가네돌솥밥추어탕,37.48035759,126.9085706,restaurant,284,2,3.45,restaurant,,
강강술래 신림점,37.48458101,126.9350321,restaurant,367,11,3.590909090909091,restaurant,,
강남목장,37.5004272,127.0402997,restaurant,324,15,3.5266666666666664,restaurant,lodgement,
강남진해장,37.49958439,127.0293081,restaurant,319,10,3.81,restaurant,lodgement,
강동반상,37.54977434,127.1753261,restaurant,46,1,3.3,restaurant,,
강동해물찜해천탕,37.53224198,127.1385853,restaurant,59,4,3.8249999999999997,restaurant,,
강서면옥,37.56209302,126.9739225,restaurant,187,22,3.772727272727273,restaurant,lodgement,
강수사,37.57134702,126.9342187,restaurant,250,8,3.875,restaurant,,
강촌쌈밥,37.60216644,127.0219829,restaurant,138,4,3.9,restaurant,,
강한만두,37.5693158,127.012731,restaurant,151,17,3.8176470588235296,restaurant,lodgement,
개뿔,37.57819101,127.0080695,restaurant,147,6,3.8833333333333333,restaurant,lodgement,
개성만두 궁,37.57428367,126.9853924,restaurant,158,57,3.7491228070175437,restaurant,lodgement,
개화,37.56210893,126.9818771,restaurant,186,43,3.511627906976744,restaurant,lodgement,
개화산장,37.57380097,126.8039176,restaurant,213,2,3.45,restaurant,,
개화옥,37.5277399,127.0386095,restaurant,347,24,3.6750000000000003,restaurant,,
갤러리더스퀘어,37.58296584,126.987012,restaurant,160,18,3.322222222222222,restaurant,lodgement,
갤러리카페3안,37.58695492,126.9829987,restaurant,160,18,3.322222222222222,restaurant,lodgement,
갯마을,37.56872939,126.9885901,restaurant,142,29,3.706896551724138,restaurant,lodgement,
갯마을풍천장어,37.6877901,127.0431729,restaurant,19,3,4.2,restaurant,,
거울한옥미러룸,37.58006024,126.9811425,restaurant,156,15,3.5933333333333333,restaurant,lodgement,
거창왕돈가스전문점,37.52172273,126.9266062,restaurant,274,11,3.5727272727272723,restaurant,,
숯불부자곱창,37.54222588,127.0704776,restaurant,88,12,4.083333333333333,restaurant,,
게방식당,37.52604137,126.9282989,restaurant,273,12,3.858333333333333,restaurant,lodgement,
경동함흥냉면,37.58009566,127.0395841,restaurant,101,2,3.95,restaurant,lodgement,
경복궁 창동점,37.65889098,127.0412307,restaurant,38,3,3.533333333333333,restaurant,,
경복궁에맛있는부엌,37.57623777,126.9701819,restaurant,246,25,3.68,restaurant,lodgement,
경복식당,37.62377229,127.0786991,restaurant,62,7,3.3000000000000003,restaurant,,
경천애인2237 삼성본점,37.50596086,127.0525569,restaurant,328,13,3.869230769230769,restaurant,lodgement,
경천애인2237 삼성본점,37.50596086,127.0525569,restaurant,328,13,3.869230769230769,restaurant,lodgement,
경회루,37.61994575,127.0746048,restaurant,62,7,3.3000000000000003,restaurant,,
종로계림닭도리탕 충무로직영점,37.56238414,126.9955179,restaurant,141,17,3.552941176470588,restaurant,lodgement,
계림 종로본점,37.57015789,126.9945032,restaurant,142,29,3.706896551724138,restaurant,lodgement,
샤브촌by계백집,37.51196551,127.0594177,restaurant,336,26,3.784615384615385,restaurant,lodgement,
계월곰탕,37.53956044,127.0476313,restaurant,82,8,4.2125,restaurant,,
숯불닭갈비 계자람 성수 본점,37.53775876,127.0551601,restaurant,81,11,4.190909090909091,restaurant,,
카페고고스,37.48646348,127.0232244,restaurant,313,5,3.94,restaurant,,
서윤피부맑음 명동점,37.56876511,126.9795618,restaurant,184,33,3.590909090909091,restaurant,lodgement,
경복궁 고궁뜨락,37.57659207,126.9749771,restaurant,246,25,3.68,restaurant,lodgement,
고궁의아침,37.57624151,126.9975774,restaurant,153,4,3.8249999999999997,restaurant,lodgement,
고기다,37.57051813,127.0167417,restaurant,148,9,3.688888888888889,restaurant,lodgement,
고기창고,37.48096865,127.1212646,restaurant,392,6,4.083333333333333,restaurant,,
고대앞멸치국수,37.58626766,127.0330693,restaurant,100,9,3.822222222222222,restaurant,,
고도식 잠실점,37.51035372,127.1086579,restaurant,386,21,3.842857142857143,restaurant,lodgement,
고두리 용산점,37.53124162,126.9689779,restaurant,198,9,4.0,restaurant,lodgement,
고든램지버거 롯데월드몰,37.51318389,127.1014309,restaurant,384,8,3.5375,restaurant,,
고라니커피클럽,37.54167084,126.9732043,restaurant,202,11,3.6727272727272724,restaurant,lodgement,
고래불 강남역삼본점,37.49625663,127.0339614,restaurant,318,8,3.55,restaurant,,
고래맥주창고 공릉경춘선숲길점,37.62308157,127.0795355,restaurant,62,7,3.3000000000000003,restaurant,,
고려삼계탕,37.50388211,127.0257722,restaurant,321,12,3.625,restaurant,lodgement,
고려정,37.65442593,127.0631325,restaurant,25,5,4.0,restaurant,,
고른햇살,37.58700023,127.0294465,restaurant,100,9,3.822222222222222,restaurant,,
고모네원조콩탕황태탕,37.52966821,127.1359287,restaurant,58,3,3.9333333333333336,restaurant,,
고미소곱창,37.58181443,127.0477681,restaurant,108,7,4.114285714285715,restaurant,lodgement,
고미정,37.57270365,126.9370339,restaurant,250,8,3.875,restaurant,,
고바우소곱창 노원점,37.65305987,127.0582086,restaurant,24,4,3.5,restaurant,,
고봉삼계탕,37.53053049,126.9203706,restaurant,271,9,3.744444444444445,restaurant,lodgement,
고성막국수,37.57745706,126.8161479,restaurant,214,3,3.3333333333333335,restaurant,,
고양이똥,37.55268383,126.8539247,restaurant,206,5,3.38,restaurant,lodgement,
고양이정원,37.57569903,126.8031723,restaurant,213,2,3.45,restaurant,,
고운돈카츠 본점,37.54459059,127.0542056,restaurant,83,28,3.8535714285714286,restaurant,,
남도사계고운님,37.50432851,127.0558921,restaurant,328,13,3.869230769230769,restaurant,lodgement,
고추장구이,37.54795365,127.1322615,restaurant,48,1,3.5,restaurant,,
고티,37.53993228,127.069904,restaurant,88,12,4.083333333333333,restaurant,,
고향,37.5172088,126.9075031,restaurant,267,11,3.4,restaurant,lodgement,
고향냉면,37.51144184,126.9127086,restaurant,277,6,4.166666666666667,restaurant,,
고향풍천장어,37.55708601,126.8613257,restaurant,207,3,4.366666666666666,restaurant,,
고희,37.54790714,127.1556327,restaurant,43,3,4.133333333333333,restaurant,,
골드피쉬딤섬퀴진,37.52607082,127.0371006,restaurant,347,24,3.6750000000000003,restaurant,,
골목냉면,37.54855727,127.0219898,restaurant,169,4,3.725,restaurant,,
골목대장,35.1751369,126.9132274,restaurant,1,2,3.9499999999999997,restaurant,,
골목떡볶이,37.48902856,127.1234893,restaurant,401,8,3.675,restaurant,,
골목집,37.57646379,126.9734194,restaurant,246,25,3.68,restaurant,lodgement,
곰국시집,37.5680587,126.9794216,restaurant,184,33,3.590909090909091,restaurant,lodgement,
곰국시집 명동점,37.5630663,126.9856142,restaurant,186,43,3.511627906976744,restaurant,lodgement,
곰바위 봉은사 본점,37.51488687,127.058807,restaurant,336,26,3.784615384615385,restaurant,lodgement,
곱 문래점,37.51746003,126.896465,restaurant,264,3,4.333333333333333,restaurant,,
공기,37.58067862,127.0491293,restaurant,108,7,4.114285714285715,restaurant,lodgement,
공미학 마포홍대점,37.55642931,126.9238696,restaurant,232,10,4.0,restaurant,lodgement,
공평동꼼장어 본점,37.57181099,126.9828075,restaurant,158,57,3.7491228070175437,restaurant,lodgement,
공푸,37.58878226,127.016114,restaurant,139,5,3.7,restaurant,,
공항칼국수,37.56097219,126.8091576,restaurant,216,6,3.65,restaurant,lodgement,
광명수산,37.59416267,127.0182983,restaurant,140,6,3.4166666666666665,restaurant,lodgement,
광양불고기,37.50185814,127.0660053,restaurant,329,4,2.875,restaurant,,
광양불고기,37.50185814,127.0660053,restaurant,329,4,2.875,restaurant,,
광양불고기본가,37.50185814,127.0660053,restaurant,329,4,2.875,restaurant,,
광장동가온,37.56384574,126.9862287,restaurant,186,43,3.511627906976744,restaurant,lodgement,
광장싸롱 1961,37.57031297,127.0016527,restaurant,144,20,3.595,restaurant,,
광주똑순이아구찜,37.55936806,126.8378458,restaurant,205,7,3.4,restaurant,lodgement,
광화문국밥 본점,37.56895893,126.9753917,restaurant,184,33,3.590909090909091,restaurant,lodgement,
광화문등심 광화문점,37.57181786,126.9806341,restaurant,184,33,3.590909090909091,restaurant,lodgement,
광화문석갈비 코엑스점,37.50946864,127.0597912,restaurant,336,26,3.784615384615385,restaurant,lodgement,
광화문한옥집,37.57277165,126.9740365,restaurant,242,17,3.6176470588235294,restaurant,lodgement,
괴르츠,37.54998463,127.1101945,restaurant,49,6,3.15,restaurant,lodgement,
교다이야,37.54684796,126.9132196,restaurant,237,7,4.1,restaurant,,
구기동오면,37.60716633,126.9588976,restaurant,121,4,3.7,restaurant,,
구기우육도삭면,37.59565084,127.0616447,restaurant,109,4,4.25,restaurant,,
구복만두,37.51131078,127.0981404,restaurant,383,2,4.0,restaurant,lodgement,
구수옥설렁탕,37.4662753,127.0430621,restaurant,309,4,3.325,restaurant,,
구스아일랜드 브루하우스,37.49333431,127.031997,restaurant,317,10,4.05,restaurant,lodgement,
구욱희씨,37.54711029,127.0418695,restaurant,78,48,3.8979166666666667,restaurant,,
구월십일,37.64679245,127.0361465,restaurant,40,4,3.75,restaurant,,
구정만두칼국수,37.52337866,127.0270188,restaurant,345,9,3.6333333333333337,restaurant,lodgement,
구텐스테이크하우스,37.52817827,126.8758126,restaurant,260,3,4.166666666666667,restaurant,,
구펠,37.54836976,127.0469897,restaurant,77,19,4.005263157894737,restaurant,,
국시랑만두,37.52437305,127.040704,restaurant,349,26,3.773076923076923,restaurant,,
국시집,37.59812249,126.9624956,restaurant,119,3,3.533333333333333,restaurant,,
국화정원,37.59458552,126.9926852,restaurant,161,8,3.3499999999999996,restaurant,lodgement,
군산오징어 잠실본점,37.50626159,127.0970073,restaurant,382,8,3.6875,restaurant,lodgement,
군산찜,37.56518477,127.0191401,restaurant,150,12,3.4499999999999997,restaurant,lodgement,
굴다리식당,37.50533979,127.0264513,restaurant,321,12,3.625,restaurant,lodgement,
굴림,37.53627194,127.0535727,restaurant,81,11,4.190909090909091,restaurant,,
굿갓레스토랑 성수역점,37.54333187,127.0542375,restaurant,83,28,3.8535714285714286,restaurant,,
궁나라냉면묵밥,37.5769054,127.015893,restaurant,147,6,3.8833333333333333,restaurant,lodgement,
궁전백반삼겹살,37.52032889,126.900737,restaurant,266,13,3.4615384615384617,restaurant,lodgement,
권숙수,37.52437202,127.0435763,restaurant,348,17,3.841176470588235,restaurant,lodgement,
권참치,37.58101022,127.0866536,restaurant,114,2,4.15,restaurant,,
그날의우리,37.86468772,127.7243581,restaurant,13,1,4.4,restaurant,,
즐춤그대,37.50398115,127.0509745,restaurant,328,13,3.869230769230769,restaurant,lodgement,
그라데이션커피,37.55053801,127.0502909,restaurant,77,19,4.005263157894737,restaurant,,
그란구스또,37.50198049,127.0595817,restaurant,331,10,3.75,restaurant,lodgement,
그랑씨엘,37.52338712,127.0358561,restaurant,343,21,3.7857142857142856,restaurant,lodgement,
그랜드컨벤션센터,37.55510616,127.1108777,restaurant,49,6,3.15,restaurant,lodgement,
그릭조이,37.54819625,126.9137522,restaurant,237,7,4.1,restaurant,,
그린잇 랩,37.67453843,127.0580599,restaurant,18,3,3.233333333333333,restaurant,,
그릴1492 본점,37.56512619,127.0125639,restaurant,152,19,3.9,restaurant,lodgement,
글로브비스트로,37.50922392,127.0608542,restaurant,336,26,3.784615384615385,restaurant,lodgement,
글로우,37.61203311,127.0086756,restaurant,134,1,5.0,restaurant,,
금강수림,37.48520833,127.034455,restaurant,306,10,3.9299999999999997,restaurant,,
금고깃집 마곡본점,37.56050945,126.8331973,restaurant,204,5,4.2,restaurant,lodgement,
금동화로숯불구이,37.56328513,126.9954454,restaurant,141,17,3.552941176470588,restaurant,lodgement,
금돼지식당,37.55705875,127.0116797,restaurant,165,7,3.357142857142857,restaurant,lodgement,
금룡,37.49390646,127.1109319,restaurant,389,1,2.5,restaurant,,
금바위감자탕 가락본점,37.48892826,127.1220317,restaurant,401,8,3.675,restaurant,,
금성관 나주곰탕,37.48277432,126.8999613,restaurant,287,6,3.483333333333333,restaurant,lodgement,
금수강산,37.4930919,127.0134903,restaurant,315,9,3.511111111111111,restaurant,lodgement,
금왕돈까스 본점,37.59483069,126.9943836,restaurant,161,8,3.3499999999999996,restaurant,lodgement,
금용문,37.57276084,126.9740456,restaurant,242,17,3.6176470588235294,restaurant,lodgement,
등촌샤브칼국수 금호점,37.55415652,127.0194089,restaurant,168,2,4.05,restaurant,,
기미사,37.54510618,127.0628523,restaurant,79,9,3.988888888888889,restaurant,lodgement,
기와,37.52537395,127.0383515,restaurant,347,24,3.6750000000000003,restaurant,,
기절초풍왕순대,37.47813673,126.9584358,restaurant,368,3,3.866666666666667,restaurant,,
기후,37.54061178,127.0561229,restaurant,81,11,4.190909090909091,restaurant,,
긴꼬리초밥 마곡점,37.55947446,126.8372548,restaurant,205,7,3.4,restaurant,lodgement,
길림성,37.56811431,126.9121536,restaurant,234,2,2.75,restaurant,lodgement,
길목,37.56253829,127.0007006,restaurant,146,11,3.772727272727273,restaurant,lodgement,
길복정,37.57323291,126.9738145,restaurant,242,17,3.6176470588235294,restaurant,lodgement,
김밥나라,37.49730186,127.1490422,restaurant,398,3,3.3000000000000003,restaurant,,
김북순큰남비집 신사본점,37.52067798,127.0198561,restaurant,339,27,3.7629629629629626,restaurant,lodgement,
김삼보김치찌개 신촌점,37.55889548,126.9396917,restaurant,228,20,3.915,restaurant,lodgement,
김수사,37.56025,126.9807876,restaurant,188,13,3.523076923076923,restaurant,lodgement,
김영섭초밥,37.57766014,126.8933138,restaurant,223,4,4.025,restaurant,,
김진목삼,37.5771476,126.969517,restaurant,246,25,3.68,restaurant,lodgement,
까델루뽀,37.58182424,126.9714204,restaurant,245,12,3.475,restaurant,lodgement,
까르니브라질그릴,37.48205077,126.9966533,restaurant,352,2,4.1,restaurant,,
까볼로,37.61866075,126.9182967,restaurant,125,2,3.85,restaurant,,
카페 하이오렌지,37.4867933,126.9550842,restaurant,372,1,4.8,restaurant,,
까폼 본점,37.52485689,127.0379926,restaurant,347,24,3.6750000000000003,restaurant,,
깔리,37.58247551,126.9992664,restaurant,154,22,3.8045454545454547,restaurant,,
꺼거 본점,37.53155031,126.9711262,restaurant,200,9,3.3777777777777778,restaurant,,
꼬숑돈까스,37.55790764,126.9372999,restaurant,228,20,3.915,restaurant,lodgement,
에피세리꼴라주,37.53536825,127.0100607,restaurant,176,10,4.0,restaurant,,
꼼떼 둔촌본점,37.53298519,127.1497513,restaurant,56,3,4.2,restaurant,,
꽁티드툴레아 도산점,37.52556362,127.0368888,restaurant,347,24,3.6750000000000003,restaurant,,
꽃밥에피다 인사동,37.57527458,126.9840202,restaurant,158,57,3.7491228070175437,restaurant,lodgement,
꽃새우영번지 역삼점,37.50619417,127.0413716,restaurant,324,15,3.5266666666666664,restaurant,lodgement,
꽃피는산골,37.57109777,126.9855832,restaurant,158,57,3.7491228070175437,restaurant,lodgement,
꾸띠자르당,37.53345122,126.99461,restaurant,170,20,3.8850000000000002,restaurant,lodgement,
꾸에바마테라,37.54527154,126.9852216,restaurant,180,5,4.04,restaurant,,
꾸이꾸이돼지촌쭈꾸미 본점,37.56766824,126.8141515,restaurant,212,2,4.3,restaurant,lodgement,
꿀꿀진순대국 강동본점,37.53398328,127.1341975,restaurant,59,4,3.8249999999999997,restaurant,,
꿉당 성수점,37.54324197,127.0576298,restaurant,85,19,3.857894736842105,restaurant,,
나누미떡볶이,37.58370174,126.9979168,restaurant,164,12,4.1000000000000005,restaurant,,
나능이능이버섯백숙 대치점,37.50364772,127.055118,restaurant,328,13,3.869230769230769,restaurant,lodgement,
나리의집,37.53699048,127.0001267,restaurant,175,15,3.533333333333333,restaurant,lodgement,
나리의집,37.53699048,127.0001267,restaurant,175,15,3.533333333333333,restaurant,lodgement,
나리의집,37.53699048,127.0001267,restaurant,175,15,3.533333333333333,restaurant,lodgement,
나인온스버거 낙성대점,37.47723931,126.9583956,restaurant,368,3,3.866666666666667,restaurant,,
낙동강,37.5676083,126.9799515,restaurant,184,33,3.590909090909091,restaurant,lodgement,
낙산냉면,37.57448901,127.0152778,restaurant,148,9,3.688888888888889,restaurant,lodgement,
메이필드호텔 낙원,37.54774754,126.8184095,restaurant,217,2,3.75,restaurant,,
낙원떡집,37.53891449,126.9888526,restaurant,171,5,3.54,restaurant,,
낙원빈대떡,37.57116125,126.9894659,restaurant,157,27,3.6037037037037036,restaurant,lodgement,
낙원타코 강남역점,37.4981311,127.0252794,restaurant,319,10,3.81,restaurant,lodgement,
낙원테산도 용산아이파크몰점,37.52885722,126.964518,restaurant,198,9,4.0,restaurant,lodgement,
낙지왕국 본점,37.57213988,126.9912747,restaurant,157,27,3.6037037037037036,restaurant,lodgement,
낙타날다,37.47520518,126.9807122,restaurant,350,7,3.8857142857142857,restaurant,,
난포,37.54701449,127.0426842,restaurant,78,48,3.8979166666666667,restaurant,,
남도분식 익선점,37.5731489,126.9900757,restaurant,157,27,3.6037037037037036,restaurant,lodgement,
남문토방,37.5605406,126.9783779,restaurant,188,13,3.523076923076923,restaurant,lodgement,
남미플랜트랩,37.48060801,126.9832309,restaurant,350,7,3.8857142857142857,restaurant,,
남산산채집,37.55679263,126.9853642,restaurant,185,19,3.621052631578947,lodgement,restaurant,
남산생고기집,37.55924341,126.9859533,restaurant,185,19,3.621052631578947,lodgement,restaurant,
남서울민물장어,37.5062734,127.0295505,restaurant,321,12,3.625,restaurant,lodgement,
남영돈,37.54275036,126.9737754,restaurant,202,11,3.6727272727272724,restaurant,lodgement,
남원집,36.30822611,127.4041587,restaurant,405,1,4.5,restaurant,,
남원추어탕,37.52748762,126.9995384,restaurant,173,7,3.3857142857142857,restaurant,,
남원황토추어탕 본점,37.52504883,127.1286349,restaurant,52,4,3.625,restaurant,,
남포면옥,37.5671653,126.9817536,restaurant,184,33,3.590909090909091,restaurant,lodgement,
남한강민물매운탕,37.54562512,127.0662113,restaurant,79,9,3.988888888888889,restaurant,lodgement,
남해굴국밥,37.57134371,127.0016798,restaurant,144,20,3.595,restaurant,,
남해바다,37.54255774,126.9473744,restaurant,191,8,3.9375,restaurant,lodgement,
내가국수다,37.47360724,127.108451,restaurant,390,2,3.5,restaurant,,
오쭈꾸미,37.55576532,126.925346,restaurant,232,10,4.0,restaurant,lodgement,
내자상회,37.57578284,126.9704854,restaurant,246,25,3.68,restaurant,lodgement,
너비집,37.56552488,126.9837733,restaurant,183,27,3.596296296296296,restaurant,lodgement,
널담은공간,37.57804811,126.9798332,restaurant,156,15,3.5933333333333333,restaurant,lodgement,
네기다이닝라운지,37.51946535,127.0240219,restaurant,339,27,3.7629629629629626,restaurant,lodgement,
네모집 청담점,37.52260669,127.0418422,restaurant,349,26,3.773076923076923,restaurant,,
네이버후드,35.18021264,128.5594318,restaurant,8,1,4.1,restaurant,,
노다지품바,37.57297266,127.0039031,restaurant,144,20,3.595,restaurant,,
노들강 본채,37.50622198,127.0259788,restaurant,321,12,3.625,restaurant,lodgement,
노랑저고리 강남점,37.49829327,127.0253485,restaurant,319,10,3.81,restaurant,lodgement,
노조미,37.60730449,127.0629058,restaurant,76,2,4.0,restaurant,,
노천파전,37.58966737,127.0562004,restaurant,110,12,3.975,restaurant,,
논밭골 봉천점,37.48049593,126.9459482,restaurant,370,2,4.0,restaurant,,
논현손칼국수,37.50763141,127.0322248,restaurant,322,6,3.733333333333333,restaurant,lodgement,
농민백암순대 본점,37.50370815,127.0530077,restaurant,328,13,3.869230769230769,restaurant,lodgement,
농부보쌈,37.58649631,127.094933,restaurant,69,2,4.05,restaurant,,
누리,37.51866416,127.0289401,restaurant,344,8,4.1875,restaurant,,
누메로도스,37.54635678,127.0473607,restaurant,78,48,3.8979166666666667,restaurant,,
누메로뜨레쓰,37.54253421,127.0486743,restaurant,82,8,4.2125,restaurant,,
누브티스,37.59632283,126.9972461,restaurant,162,7,3.1285714285714286,restaurant,,
눈나무집,37.58746562,126.9818822,restaurant,160,18,3.322222222222222,restaurant,lodgement,
뉘조,37.57513959,126.9852338,restaurant,158,57,3.7491228070175437,restaurant,lodgement,
뉴델리,37.52750257,127.0306246,restaurant,346,10,4.01,restaurant,lodgement,
켄싱턴호텔 여의도 뉴욕뉴욕,37.53029732,126.9220045,restaurant,271,9,3.744444444444445,restaurant,lodgement,
뉴웨이브서울,37.57127265,126.9752324,restaurant,242,17,3.6176470588235294,restaurant,lodgement,
늘봄해물찜손칼국수 답십리본점,37.5685586,127.0568049,restaurant,103,2,2.9000000000000004,restaurant,,
늘푸른목장 잠실본점,37.50958909,127.08267,restaurant,380,27,3.559259259259259,lodgement,restaurant,
늘푸른식당,37.51942031,126.9386104,restaurant,272,4,3.875,restaurant,,
능라밥상,37.57292939,126.9640025,restaurant,243,2,3.55,restaurant,,
능이버섯백숙,37.56070022,126.996857,restaurant,141,17,3.552941176470588,restaurant,lodgement,
니드스윗 송파,37.51012261,127.1091553,restaurant,386,21,3.842857142857143,restaurant,lodgement,
니와,37.52078411,126.9745161,restaurant,196,4,4.125,restaurant,,
다과상사,37.53938091,126.961647,restaurant,201,6,4.033333333333333,restaurant,,
다동황소막창,37.56266219,126.9822086,restaurant,186,43,3.511627906976744,restaurant,lodgement,
다락정,37.58723852,126.9815234,restaurant,160,18,3.322222222222222,restaurant,lodgement,
다래국수다래파전,37.57657332,126.9717485,restaurant,246,25,3.68,restaurant,lodgement,
다래함박스텍,37.63275731,127.0190328,restaurant,37,6,3.6333333333333333,restaurant,lodgement,
다로베,37.54851891,127.0433866,restaurant,78,48,3.8979166666666667,restaurant,,
다미죽,37.56217791,126.9855442,restaurant,186,43,3.511627906976744,restaurant,lodgement,
다온바이뱀부,37.51607676,127.0277536,restaurant,340,4,4.15,restaurant,,
나레초밥 거여본점,37.49276297,127.1465839,restaurant,398,3,3.3000000000000003,restaurant,,
다올 숯불구이 명동점,37.56323728,126.9839707,restaurant,186,43,3.511627906976744,restaurant,lodgement,
다운타우너 청담,37.52405933,127.038525,restaurant,347,24,3.6750000000000003,restaurant,,
단디,37.5739196,126.9848627,restaurant,158,57,3.7491228070175437,restaurant,lodgement,
단미그린비,37.47931037,127.1026932,restaurant,388,1,2.9,restaurant,,
단박왕돈까스,37.53788241,126.9705818,restaurant,199,2,3.95,restaurant,,
단비,37.58429052,127.0372982,restaurant,102,3,3.466666666666667,restaurant,,
단스시 논현본점,37.51510152,127.0357661,restaurant,333,5,3.7,restaurant,,
단아,37.6012496,126.9333816,restaurant,128,2,3.8,restaurant,lodgement,
단일서울,37.54303103,127.0454995,restaurant,78,48,3.8979166666666667,restaurant,,
달카페,37.57719502,126.9245786,restaurant,251,4,4.35,restaurant,,
달리나인,37.50594173,127.0066276,restaurant,355,8,3.5999999999999996,restaurant,lodgement,
달링키친,37.52212166,127.0232513,restaurant,339,27,3.7629629629629626,restaurant,lodgement,
홍춘천치즈닭갈비 회기경희대점,37.5919366,127.0510661,restaurant,110,12,3.975,restaurant,,
닭내장집,37.6130707,127.0647851,restaurant,75,2,3.75,restaurant,,
닭으로가 압구정본점,37.52699033,127.038401,restaurant,347,24,3.6750000000000003,restaurant,,
닭한마리 공릉본점,37.62118813,127.0747273,restaurant,62,7,3.3000000000000003,restaurant,,
닭한마리돼지한근탕,37.56069563,127.0053229,restaurant,145,12,3.641666666666667,restaurant,lodgement,
담은갈비 송파잠실점,37.5068522,127.089591,restaurant,379,7,3.9571428571428577,restaurant,lodgement,
당산오돌 본점,37.52756314,126.8997997,restaurant,270,17,4.047058823529412,restaurant,,
대가방 본점,37.51070224,127.0429293,restaurant,332,6,3.5,restaurant,,
대가식당,37.56170594,126.9868199,restaurant,186,43,3.511627906976744,restaurant,lodgement,
대가원 본점,37.55975293,126.830889,restaurant,204,5,4.2,restaurant,lodgement,
대나무골,37.67703301,127.3207613,restaurant,16,1,2.7,restaurant,,
대나무와인삼겹살,37.55897043,126.9861198,restaurant,185,19,3.621052631578947,lodgement,restaurant,
대도식당 왕십리본점,37.56741501,127.0306568,restaurant,96,3,4.133333333333334,restaurant,,
대돈집,37.54862259,127.0455957,restaurant,77,19,4.005263157894737,restaurant,,
대문,37.48885119,127.1462664,restaurant,397,3,3.6333333333333333,restaurant,,
대문점,37.51860349,126.9085783,restaurant,267,11,3.4,restaurant,lodgement,
한우소머리국밥&대박쌈밥두루치기,37.58934553,126.9161413,restaurant,132,5,2.88,restaurant,,
대방골,37.53099388,126.9207819,restaurant,271,9,3.744444444444445,restaurant,lodgement,
대보명가 서울본점,37.64568055,127.0071159,restaurant,32,3,3.1666666666666665,restaurant,,
대복,37.5253442,126.8679527,restaurant,261,3,3.6666666666666665,restaurant,,
대상해,37.51864342,126.9101189,restaurant,267,11,3.4,restaurant,lodgement,
대성갈비,37.59289917,126.9176048,restaurant,133,4,3.4,restaurant,,
대성집,37.49539331,127.0312843,restaurant,318,8,3.55,restaurant,,
대성한정식,37.57193396,126.9860721,restaurant,158,57,3.7491228070175437,restaurant,lodgement,
대여죽집,37.52070126,126.9300144,restaurant,274,11,3.5727272727272723,restaurant,,
대우부대찌개,37.50269666,127.0352174,restaurant,323,10,3.7399999999999998,restaurant,,
대원,37.52747004,127.0372246,restaurant,347,24,3.6750000000000003,restaurant,,
대장금,37.57377335,126.9731261,restaurant,242,17,3.6176470588235294,restaurant,lodgement,
대청마루,37.5555192,126.9183205,restaurant,231,17,3.7941176470588234,restaurant,lodgement,
대치동함흥면옥,37.49704313,127.053625,restaurant,327,3,3.733333333333333,restaurant,,
박정희대통령기념관,37.57489277,126.886118,restaurant,224,3,3.6333333333333333,restaurant,lodgement,
대평갈비,37.60700845,126.9701741,restaurant,123,2,3.8,restaurant,,
대포찜닭,37.55810913,126.9366727,restaurant,228,20,3.915,restaurant,lodgement,
생선구이대풍,37.51077264,127.0179827,restaurant,342,4,3.875,restaurant,,
대한옥,37.5193621,126.910885,restaurant,267,11,3.4,restaurant,lodgement,
대호고깃집,37.57057545,127.0709955,restaurant,104,7,3.685714285714286,restaurant,lodgement,
대흥정육식당,37.53415222,126.995041,restaurant,170,20,3.8850000000000002,restaurant,lodgement,
댓잎갈비 본점,37.52468639,127.0018655,restaurant,173,7,3.3857142857142857,restaurant,,
댓짱돈까스 방배본점,37.47923967,127.0000678,restaurant,352,2,4.1,restaurant,,
더스팟 패뷸러스,37.56233248,126.9826014,restaurant,186,43,3.511627906976744,restaurant,lodgement,
더우리곱창,37.57023722,127.0044327,restaurant,144,20,3.595,restaurant,,
앰배서더서울풀만 더킹스,37.56007765,127.0023202,restaurant,145,12,3.641666666666667,restaurant,lodgement,
더한옥,37.58062863,126.9867237,restaurant,155,14,3.7642857142857147,restaurant,lodgement,
더그릴630 주차장,37.52307389,127.043002,restaurant,349,26,3.773076923076923,restaurant,,
더라운드 삼성점,37.52005652,127.0575995,restaurant,338,8,3.6,restaurant,,
JW메리어트동대문스퀘어서울 더라운지,37.57017751,127.0087613,restaurant,151,17,3.8176470588235296,restaurant,lodgement,
더레스토랑,37.58071697,126.9805672,restaurant,156,15,3.5933333333333333,restaurant,lodgement,
더리버,37.52385117,126.8823754,restaurant,260,3,4.166666666666667,restaurant,,
더마샬라 디타워점,37.5708517,126.9789228,restaurant,184,33,3.590909090909091,restaurant,lodgement,
더버스스탑 명동점,37.55901635,126.9858583,restaurant,185,19,3.621052631578947,lodgement,restaurant,
더블린,37.50202859,127.0264637,restaurant,321,12,3.625,restaurant,lodgement,
더스키앤커피,37.58103114,127.0041254,restaurant,154,22,3.8045454545454547,restaurant,,
더식당 명동본점,37.56225719,126.9855125,restaurant,186,43,3.511627906976744,restaurant,lodgement,
더 아너스,37.58061975,126.8689917,restaurant,221,1,4.4,restaurant,,
더원,37.51999162,127.0576662,restaurant,338,8,3.6,restaurant,,
더코너키친,37.54182949,127.0165701,restaurant,167,5,3.44,restaurant,,
더하우스콘서트,37.57997161,127.0029752,restaurant,154,22,3.8045454545454547,restaurant,,
더클래스 청담,37.52616008,127.0423012,restaurant,349,26,3.773076923076923,restaurant,,
더페이머스램,37.55613218,126.9112373,restaurant,239,5,4.14,restaurant,,
더플레이스다이닝 N서울타워점,37.55126533,126.9882216,restaurant,179,4,3.6,restaurant,,
더한강,37.5123105,126.9569838,restaurant,362,2,3.3,restaurant,,
덕승재 상암동본점,37.57695907,126.8912318,restaurant,223,4,4.025,restaurant,,
덕후선생,37.52525621,127.0401739,restaurant,347,24,3.6750000000000003,restaurant,,
데이블러,37.5442007,126.9725562,restaurant,202,11,3.6727272727272724,restaurant,lodgement,
도깨비불고기 동대문본점,37.56771787,127.0077152,restaurant,152,19,3.9,restaurant,lodgement,
도깨비코티지 (휴업중),37.5532648,126.9770548,restaurant,178,9,4.066666666666666,restaurant,lodgement,
도넛정수 창신점,37.5782917,127.0108634,restaurant,147,6,3.8833333333333333,restaurant,lodgement,
도마유즈라멘,37.57782651,126.986517,restaurant,155,14,3.7642857142857147,restaurant,lodgement,
도봉산양고기,37.6898881,127.0417183,restaurant,19,3,4.2,restaurant,,
밀토스트맘마미아,37.5259283,127.0346638,restaurant,346,10,4.01,restaurant,lodgement,
도성,37.56546881,127.0100104,restaurant,152,19,3.9,restaurant,lodgement,
도쎄멕시칸,37.54268876,127.045205,restaurant,78,48,3.8979166666666667,restaurant,,
도우룸,37.493825,126.9933464,restaurant,357,5,3.7399999999999998,restaurant,,
도원마산아구찜,37.5737794,126.9879147,restaurant,157,27,3.6037037037037036,restaurant,lodgement,
도원스타일 서울역점,37.55489616,126.9713391,restaurant,182,8,3.7,restaurant,lodgement,
도원한우,37.52630388,127.1450114,restaurant,55,3,4.266666666666667,restaurant,lodgement,
도읍지 경희대점,37.59306014,127.0531005,restaurant,110,12,3.975,restaurant,,
도일처,37.56195728,126.8076792,restaurant,216,6,3.65,restaurant,lodgement,
도키도키,37.54222399,127.0706213,restaurant,88,12,4.083333333333333,restaurant,,
도하정 마포역점,37.53803077,126.9465856,restaurant,190,10,3.62,restaurant,,
돈까스의집,37.50703515,127.0907109,restaurant,379,7,3.9571428571428577,restaurant,lodgement,
돈까스잔치 동빙고점,37.52123731,126.9963937,restaurant,173,7,3.3857142857142857,restaurant,,
돈덩어리,37.54868707,127.3216409,restaurant,17,1,4.9,restaurant,,
돈돼지,37.5909484,127.0149233,restaurant,140,6,3.4166666666666665,restaurant,lodgement,
돈족골 본점,37.50305455,127.0974465,restaurant,382,8,3.6875,restaurant,lodgement,
돈존참나무장작구이,37.57058584,126.9842295,restaurant,158,57,3.7491228070175437,restaurant,lodgement,
돈카츠 인정,37.55860269,126.8292369,restaurant,204,5,4.2,restaurant,lodgement,
돌곰네,37.52034215,127.0374202,restaurant,343,21,3.7857142857142856,restaurant,lodgement,
전통원주돌솥추어탕,37.57702688,126.9695487,restaurant,246,25,3.68,restaurant,lodgement,
돕,37.54147876,127.0692809,restaurant,88,12,4.083333333333333,restaurant,,
동경,37.48576698,126.9291922,restaurant,367,11,3.590909090909091,restaurant,,
동경,37.48576698,126.9291922,restaurant,367,11,3.590909090909091,restaurant,,
동달식당 강남본점,37.49537233,127.0247244,restaurant,319,10,3.81,restaurant,lodgement,
동대문본가가마솥설렁탕,37.57195949,127.0110436,restaurant,151,17,3.8176470588235296,restaurant,lodgement,
동대문정육식당,37.57116662,127.0109462,restaurant,151,17,3.8176470588235296,restaurant,lodgement,
동대문허파집,37.57163872,126.9887798,restaurant,157,27,3.6037037037037036,restaurant,lodgement,
동방명주 충무로점,37.5608667,126.9924033,restaurant,141,17,3.552941176470588,restaurant,lodgement,
세븐일레븐 동빙고본점,37.52405565,126.9965135,restaurant,173,7,3.3857142857142857,restaurant,,
동숭숯불갈비,37.58167633,127.0005706,restaurant,154,22,3.8045454545454547,restaurant,,
한정식동심,37.56168117,126.9918961,restaurant,141,17,3.552941176470588,restaurant,lodgement,
동아냉면 이태원점,37.53368737,127.0032245,restaurant,174,7,3.5857142857142854,restaurant,,
동우설렁탕 본점,37.58840858,127.0290486,restaurant,100,9,3.822222222222222,restaurant,,
동원집,37.56333896,126.9913413,restaurant,141,17,3.552941176470588,restaurant,lodgement,
동작구름카페,37.50577733,126.9811013,restaurant,358,2,3.8499999999999996,restaurant,,
동작노을카페,37.5059943,126.9800539,restaurant,358,2,3.8499999999999996,restaurant,,
동적깡통구이 쌍문본점,37.64702979,127.0316911,restaurant,40,4,3.75,restaurant,,
동촌보리밥돈까스 거여본점,37.49501501,127.1455095,restaurant,398,3,3.3000000000000003,restaurant,,
동해도 광화문점,37.56841551,126.9794713,restaurant,184,33,3.590909090909091,restaurant,lodgement,
동해도일식 본점,37.52862457,126.9212709,restaurant,271,9,3.744444444444445,restaurant,lodgement,
동해복집,37.65325044,127.0590904,restaurant,24,4,3.5,restaurant,,
동화마을잔칫날 직영1호점,37.57857956,126.8126176,restaurant,214,3,3.3333333333333335,restaurant,,
동흥관,37.45513195,126.8985831,restaurant,282,1,2.8,restaurant,,
돝고기506,37.50064505,127.0352843,restaurant,323,10,3.7399999999999998,restaurant,,
된장예술과술,37.56892466,126.9863285,restaurant,158,57,3.7491228070175437,restaurant,lodgement,
두가헌,37.57710839,126.9799353,restaurant,156,15,3.5933333333333333,restaurant,lodgement,
두레에프엔씨,37.57963662,126.9801996,restaurant,156,15,3.5933333333333333,restaurant,lodgement,
두레유,37.60656524,126.9704982,restaurant,123,2,3.8,restaurant,,
두바이 레스토랑,37.53441533,126.9953442,restaurant,170,20,3.8850000000000002,restaurant,lodgement,
두어마리 양재점,37.4780882,127.0412091,restaurant,307,2,3.0999999999999996,restaurant,,
두에꼬제 한남본점,37.53414937,127.0077547,restaurant,174,7,3.5857142857142854,restaurant,,
뒤뜰,37.50512864,126.8706167,restaurant,297,1,3.5,restaurant,,
드럼통 참숯석쇠구이,37.5057006,127.0965994,restaurant,382,8,3.6875,restaurant,lodgement,
들국화떡볶이전문점,37.56251305,127.0147275,restaurant,150,12,3.4499999999999997,restaurant,lodgement,
들풀한상,37.55550942,126.9198166,restaurant,231,17,3.7941176470588234,restaurant,lodgement,
등나무집,37.6334993,127.0214529,restaurant,37,6,3.6333333333333333,restaurant,lodgement,
등촌샤브칼국수 등촌점,37.56250335,126.8403608,restaurant,205,7,3.4,restaurant,lodgement,
등촌최월선칼국수,37.55603087,126.8567328,restaurant,207,3,4.366666666666666,restaurant,,
디라이프 스타일키친 광화문점,37.5684261,126.9782613,restaurant,184,33,3.590909090909091,restaurant,lodgement,
디마떼오 대학로점,37.58001483,127.0039307,restaurant,154,22,3.8045454545454547,restaurant,,
DNJ레스토랑,37.63947661,127.0743117,restaurant,63,3,3.1666666666666665,restaurant,,
디자이너리카페,37.48504483,126.9241207,restaurant,366,2,3.65,restaurant,,
디자인카페허브,37.53600813,127.1503955,restaurant,56,3,4.2,restaurant,,
디토,37.58597225,127.0292152,restaurant,100,9,3.822222222222222,restaurant,,
딥커피,37.53144941,126.9711659,restaurant,200,9,3.3777777777777778,restaurant,,
따봉하우스,37.59139363,127.0562923,restaurant,110,12,3.975,restaurant,,
딸부자네불백 신사본점,37.51930563,127.0205311,restaurant,339,27,3.7629629629629626,restaurant,lodgement,
땅코참숯구이 본점,37.56068574,127.0329901,restaurant,95,16,4.21875,lodgement,restaurant,
땡스오트 연남,37.56626737,126.9198956,restaurant,235,6,4.283333333333334,restaurant,lodgement,
또순이네 양평동점,37.53578087,126.8952969,restaurant,253,2,3.8,restaurant,,
또순이순대 본점,37.48326192,126.9287604,restaurant,367,11,3.590909090909091,restaurant,,
뚜스뚜스 흑석역점,37.50976026,126.9638564,restaurant,364,2,4.199999999999999,restaurant,,
뚝도농원,37.54512711,127.053252,restaurant,83,28,3.8535714285714286,restaurant,,
뚝도지기,37.53780407,127.054608,restaurant,81,11,4.190909090909091,restaurant,,
원조뚱보네홍어,37.51051828,126.9114656,restaurant,277,6,4.166666666666667,restaurant,,
뜨락,37.54050111,126.8404484,restaurant,210,3,3.4333333333333336,restaurant,lodgement,
띠아낭,37.55591843,126.8568892,restaurant,207,3,4.366666666666666,restaurant,,
라카페갤러리,37.57929462,126.973029,restaurant,246,25,3.68,restaurant,lodgement,
라쿠치나,37.54055298,126.9964471,restaurant,172,6,3.85,restaurant,lodgement,
라도스트,37.56964157,126.9840576,restaurant,158,57,3.7491228070175437,restaurant,lodgement,
라메흐꺄도,37.52124014,126.887065,restaurant,265,7,3.6999999999999997,restaurant,,
라멘트럭 상수본점,37.54747257,126.9226022,restaurant,229,8,3.7625,restaurant,,
라면점빵,37.57660535,126.9701093,restaurant,246,25,3.68,restaurant,lodgement,
라미띠에,37.52595742,127.0445501,restaurant,348,17,3.841176470588235,restaurant,lodgement,
라브리,36.78038963,126.463943,restaurant,406,1,5.0,restaurant,,
마뽀즈,37.54855565,126.9173956,restaurant,237,7,4.1,restaurant,,
롯데호텔서울 라세느,37.56530913,126.9809844,restaurant,183,27,3.596296296296296,restaurant,lodgement,
라시에스타,37.47844171,126.9813818,restaurant,350,7,3.8857142857142857,restaurant,,
라온석갈비 성수본점,37.54573077,127.0571406,restaurant,85,19,3.857894736842105,restaurant,,
라이스앤파스타,37.51304804,127.1022474,restaurant,384,8,3.5375,restaurant,,
라임,37.55793092,126.9047603,restaurant,240,5,3.9,restaurant,,
라칸티나,37.56621445,126.9799417,restaurant,183,27,3.596296296296296,restaurant,lodgement,
라크라센타,37.49435924,126.8876652,restaurant,291,3,3.966666666666667,restaurant,,
라크슌,37.56852845,126.9884317,restaurant,142,29,3.706896551724138,restaurant,lodgement,
라프레플루트,37.54724988,127.0394366,restaurant,78,48,3.8979166666666667,restaurant,,
락희안 가좌본점,37.57609825,126.924171,restaurant,251,4,4.35,restaurant,,
락희옥 마포본점,37.5442452,126.9491588,restaurant,191,8,3.9375,restaurant,lodgement,
란,37.51063815,126.9230882,restaurant,275,5,3.78,restaurant,lodgement,
랜디스도넛 연남점,37.56202106,126.9241219,restaurant,236,15,3.9,restaurant,lodgement,
마포양고기전문점 램랜드,37.54349244,126.9387751,restaurant,192,6,3.6833333333333336,restaurant,lodgement,
러반로제레스토랑 석촌호수점,37.5102226,127.1062056,restaurant,386,21,3.842857142857143,restaurant,lodgement,
러프러프,37.5416965,127.0581434,restaurant,85,19,3.857894736842105,restaurant,,
런던베이글뮤지엄 안국점,37.57917797,126.9861998,restaurant,155,14,3.7642857142857147,restaurant,lodgement,
쇼코엘 광화문점,37.56840093,126.9785522,restaurant,184,33,3.590909090909091,restaurant,lodgement,
레드마블하우스,37.49663343,127.0391951,restaurant,316,3,3.3000000000000003,restaurant,,
레스쁘아뒤이부,37.52454909,127.0422913,restaurant,349,26,3.773076923076923,restaurant,,
갤러리 & 레스토랑 담,37.57363863,126.9860038,restaurant,158,57,3.7491228070175437,restaurant,lodgement,
레이더,37.49374558,126.9169991,restaurant,280,2,3.45,restaurant,,
레이지파머스,37.59096898,127.0549786,restaurant,110,12,3.975,restaurant,,
호우주의보,37.54179174,126.9936691,restaurant,172,6,3.85,restaurant,lodgement,
로리스더프라임립,37.49808141,127.0259003,restaurant,319,10,3.81,restaurant,lodgement,
로스트라,37.48363128,127.0354176,restaurant,306,10,3.9299999999999997,restaurant,,
로씨니,37.57841028,126.9858388,restaurant,155,14,3.7642857142857147,restaurant,lodgement,
로얄맨션,37.59482359,126.9642071,restaurant,120,9,3.6222222222222222,restaurant,lodgement,
로얄인디안,37.57243957,127.0125334,restaurant,151,17,3.8176470588235296,restaurant,lodgement,
로얄커피호프,37.49312179,126.8826554,restaurant,291,3,3.966666666666667,restaurant,,
로우키,37.56686709,126.9277391,restaurant,249,8,3.85,restaurant,,
로코스 비비큐 경리단길본점,37.54098723,126.9955407,restaurant,172,6,3.85,restaurant,lodgement,
록멘,37.54212429,127.0485823,restaurant,82,8,4.2125,restaurant,,
롸카두들 내쉬빌 핫치킨 성수점,37.54225345,127.0520732,restaurant,83,28,3.8535714285714286,restaurant,,
루나아시아,37.50990357,127.0566473,restaurant,336,26,3.784615384615385,restaurant,lodgement,
루비떡볶이,37.56030587,126.9808147,restaurant,188,13,3.523076923076923,restaurant,lodgement,
루위,37.52061011,127.029796,restaurant,344,8,4.1875,restaurant,,
루이,37.48813709,126.9100017,restaurant,285,3,4.733333333333333,restaurant,,
루프,37.59387172,127.0178136,restaurant,140,6,3.4166666666666665,restaurant,lodgement,
류니끄,37.52294829,127.0360108,restaurant,343,21,3.7857142857142856,restaurant,lodgement,
르몽블랑,37.54487866,126.984855,restaurant,180,5,4.04,restaurant,,
르브런쉭 대치점,37.50285648,127.0591662,restaurant,331,10,3.75,restaurant,lodgement,
르빵 송파본점,37.50722502,127.1081275,restaurant,385,10,3.9799999999999995,restaurant,,
르뺑블랑,37.55095342,126.8357275,restaurant,209,2,3.65,restaurant,,
르지우,37.49833022,126.9989098,restaurant,354,12,3.8166666666666664,restaurant,,
르프리크,37.5248248,126.96309,restaurant,197,4,3.825,restaurant,,
르한스,37.60413174,126.9985233,restaurant,135,1,3.2,restaurant,,
리애,37.56196351,126.9044191,restaurant,241,9,3.744444444444445,restaurant,lodgement,
리커버리커피바,37.55034739,127.0448475,restaurant,77,19,4.005263157894737,restaurant,,
리틀넥 한남,37.53962496,127.0030211,restaurant,175,15,3.533333333333333,restaurant,lodgement,
리틀포레스트,37.54831644,127.0537183,restaurant,84,10,3.9299999999999997,restaurant,,
린스시,37.48467755,127.011967,restaurant,311,7,3.742857142857143,restaurant,lodgement,
릴즈 서울,37.56949199,127.0299173,restaurant,96,3,4.133333333333334,restaurant,,
마곡오리,37.57267045,126.8228702,restaurant,211,2,3.05,restaurant,,
마노디셰프 명동점,37.56344628,126.9837466,restaurant,186,43,3.511627906976744,restaurant,lodgement,
마누테라스,37.48222223,127.0455643,restaurant,305,14,4.0285714285714285,restaurant,,
마당족발,37.56362842,126.9958087,restaurant,141,17,3.552941176470588,restaurant,lodgement,
마도,37.20415681,126.7842096,restaurant,14,1,3.9,restaurant,,
마드레,37.59104837,127.0045529,restaurant,163,10,4.07,restaurant,lodgement,
마라탄탄면,37.55792458,126.9246716,restaurant,233,9,3.8666666666666663,restaurant,lodgement,
마루심 반포점,37.50189414,127.0104814,restaurant,356,1,4.5,restaurant,,
마를리,37.54278023,127.0547451,restaurant,83,28,3.8535714285714286,restaurant,,
마리오네,37.58243677,126.9996875,restaurant,154,22,3.8045454545454547,restaurant,,
마망갸또 2공장,37.46971044,126.8946023,restaurant,288,4,3.55,restaurant,lodgement,
마복림막내아들네,37.56293467,127.0150807,restaurant,150,12,3.4499999999999997,restaurant,lodgement,
마복림떡볶이,37.56327524,127.0151215,restaurant,150,12,3.4499999999999997,restaurant,lodgement,
마부자생삼겹살 합정점,37.54980035,126.9117541,restaurant,238,7,3.814285714285714,restaurant,,
마블상회,37.54776263,127.0639488,restaurant,79,9,3.988888888888889,restaurant,lodgement,
마산아구찜,37.57280278,126.9885442,restaurant,157,27,3.6037037037037036,restaurant,lodgement,
마산옥,37.51723878,127.0202432,restaurant,339,27,3.7629629629629626,restaurant,lodgement,
마실 발산점,37.55810256,126.8401212,restaurant,205,7,3.4,restaurant,lodgement,
마얘,37.49891766,126.9976342,restaurant,354,12,3.8166666666666664,restaurant,,
마오 청담동점,37.52198004,127.0405523,restaurant,349,26,3.773076923076923,restaurant,,
마우스래빗,37.54199137,127.0709017,restaurant,88,12,4.083333333333333,restaurant,,
마음을담아내면,37.57923147,126.9820767,restaurant,156,15,3.5933333333333333,restaurant,lodgement,
마이시크릿덴,37.5647965,126.9762193,restaurant,187,22,3.772727272727273,restaurant,lodgement,
마일스톤커피,37.53786262,127.0026454,restaurant,175,15,3.533333333333333,restaurant,lodgement,
마장갈비 본점,37.56546162,127.0424004,restaurant,97,8,3.375,restaurant,,
마장동한우촌,37.57064814,127.041294,restaurant,97,8,3.375,restaurant,,
마지,37.55815352,126.9129937,restaurant,239,5,4.14,restaurant,,
마쯔야 신세계백화점 본점,37.56031036,126.9807729,restaurant,188,13,3.523076923076923,restaurant,lodgement,
마초쉐프 강남본점,37.50349872,127.027844,restaurant,321,12,3.625,restaurant,lodgement,
마켓오 압구정점,37.52161768,127.0354389,restaurant,343,21,3.7857142857142856,restaurant,lodgement,
마코토 청담점,37.52436121,127.0435853,restaurant,348,17,3.841176470588235,restaurant,lodgement,
마포소문난원조족발,37.54476581,126.9531122,restaurant,195,5,3.02,restaurant,lodgement,
마포숯불갈비,37.54506684,126.9700223,restaurant,202,11,3.6727272727272724,restaurant,lodgement,
마포양지설렁탕 도화점,37.54202931,126.9505068,restaurant,191,8,3.9375,restaurant,lodgement,
마포옥,37.53988171,126.943338,restaurant,190,10,3.62,restaurant,,
마포원조떡볶이,37.5403347,126.9487881,restaurant,190,10,3.62,restaurant,,
마포유가궁중족발 마포본점,37.54450996,126.9532085,restaurant,195,5,3.02,restaurant,lodgement,
마포집,37.57148427,127.0016663,restaurant,144,20,3.595,restaurant,,
막내회집 본점,37.5593726,126.9767303,restaurant,188,13,3.523076923076923,restaurant,lodgement,
막내회집 본점,37.5593726,126.9767303,restaurant,188,13,3.523076923076923,restaurant,lodgement,
만가,37.46512991,126.9032821,restaurant,283,1,4.2,restaurant,,
만강 수서점,37.47411969,127.1153568,restaurant,390,2,3.5,restaurant,,
만다린,37.5295,126.8973511,restaurant,270,17,4.047058823529412,restaurant,,
만다린,37.5295,126.8973511,restaurant,270,17,4.047058823529412,restaurant,,
만두향,37.58888033,127.0879614,restaurant,69,2,4.05,restaurant,,
만보성,37.56899664,126.9855112,restaurant,158,57,3.7491228070175437,restaurant,lodgement,
만족오향족발 시청점,37.56325755,126.9760138,restaurant,187,22,3.772727272727273,restaurant,lodgement,
만족오향족발 홍대역점,37.55757264,126.9224197,restaurant,233,9,3.8666666666666663,restaurant,lodgement,
만포막국수,37.5558301,127.0103186,restaurant,165,7,3.357142857142857,restaurant,lodgement,
맛뿔감자탕,37.48863737,126.9056614,restaurant,285,3,4.733333333333333,restaurant,,
맛짱조개,37.51658059,127.0370111,restaurant,333,5,3.7,restaurant,,
맛차차 (휴업중),37.54682602,127.0405906,restaurant,78,48,3.8979166666666667,restaurant,,
망우찜쌈밥 본점,37.59456833,127.1003376,restaurant,70,2,4.55,restaurant,,
망원동 즉석우동 전문돈까스 본점,37.55424541,126.9111332,restaurant,239,5,4.14,restaurant,,
매일낙지,37.51119509,127.0539111,restaurant,336,26,3.784615384615385,restaurant,lodgement,
매화반점,37.53844284,127.0685041,restaurant,88,12,4.083333333333333,restaurant,,
맥심플랜트,37.53698957,127.0009968,restaurant,175,15,3.533333333333333,restaurant,lodgement,
맥파이앤타이거 성수티룸,37.54363892,127.0565778,restaurant,85,19,3.857894736842105,restaurant,,
맥파이앤타이거 신사티룸,37.52055724,127.0246332,restaurant,339,27,3.7629629629629626,restaurant,lodgement,
맨메이드 도산,37.5245411,127.0365422,restaurant,347,24,3.6750000000000003,restaurant,,
맷카페,37.51389621,127.0406203,restaurant,334,10,3.8800000000000003,restaurant,,
맹순이꽃게아구전문점,37.55811026,126.8378395,restaurant,205,7,3.4,restaurant,lodgement,
먹고을전주콩나물국밥 묵동본점,37.61594949,127.0779852,restaurant,61,4,3.975,restaurant,,
브런치카페 먼데이투선데이,37.52469527,127.0441568,restaurant,348,17,3.841176470588235,restaurant,lodgement,
멍석집,36.79117737,127.8396354,restaurant,403,1,4.8,restaurant,,
메쉬커피,37.5481192,127.042454,restaurant,78,48,3.8979166666666667,restaurant,,
메이린,37.48936493,127.0689025,restaurant,326,1,2.4,restaurant,,
메이비,37.50749342,126.8540795,restaurant,296,2,2.9,restaurant,,
메이플탑 팬케이크클럽,37.54163856,127.0568682,restaurant,85,19,3.857894736842105,restaurant,,
메종 사우스케이프,37.52341889,127.0350619,restaurant,343,21,3.7857142857142856,restaurant,lodgement,
메종한남,37.53425073,127.0129207,restaurant,176,10,4.0,restaurant,,
메종드타르트,37.55580086,127.0908062,restaurant,90,6,4.016666666666667,restaurant,,
메종브리크,37.56194655,126.9259669,restaurant,236,15,3.9,restaurant,lodgement,
메종엠오,37.48934884,126.994188,restaurant,353,5,4.08,restaurant,,
메종조 서초,37.4819783,127.0101191,restaurant,312,5,3.12,restaurant,,
멕시칼리,37.55359857,127.0875578,restaurant,90,6,4.016666666666667,restaurant,,
멘야하나비 서울본점,37.510915,127.1077222,restaurant,386,21,3.842857142857143,restaurant,lodgement,
멜팅샵 치즈룸,37.5710211,126.9789725,restaurant,184,33,3.590909090909091,restaurant,lodgement,
영양센타 본점,37.56110721,126.9831676,restaurant,186,43,3.511627906976744,restaurant,lodgement,
명동관,37.49067274,127.0561488,restaurant,325,3,3.8000000000000003,restaurant,,
명동교자 본점,37.56255453,126.9856143,restaurant,186,43,3.511627906976744,restaurant,lodgement,
명동교자 이태원점,37.53085612,126.9909491,restaurant,170,20,3.8850000000000002,restaurant,lodgement,
명동돈가스,37.53391706,127.0800641,restaurant,86,3,3.533333333333333,restaurant,,
명동뚱뚱이족발,37.55980922,126.9857812,restaurant,185,19,3.621052631578947,lodgement,restaurant,
명동무등산정육식당,37.56291668,126.9851728,restaurant,186,43,3.511627906976744,restaurant,lodgement,
명동부대찌게,37.49865657,127.0681194,restaurant,329,4,2.875,restaurant,,
명동서서갈비,37.56475266,126.9832935,restaurant,183,27,3.596296296296296,restaurant,lodgement,
천하제일솥뚜껑,37.54150039,127.0536964,restaurant,83,28,3.8535714285714286,restaurant,,
명동정,37.56146464,126.9884724,restaurant,186,43,3.511627906976744,restaurant,lodgement,
명동한우방,37.56537804,126.9839137,restaurant,183,27,3.596296296296296,restaurant,lodgement,
명문막국수,37.58827511,127.004778,restaurant,163,10,4.07,restaurant,lodgement,
명보정,37.52177675,126.9265473,restaurant,274,11,3.5727272727272723,restaurant,,
명성,37.5582852,126.9729879,restaurant,189,6,3.5500000000000003,restaurant,lodgement,
명인갈비,37.56613225,126.9186201,restaurant,235,6,4.283333333333334,restaurant,lodgement,
명인등심 압구정본점,37.52057412,127.029615,restaurant,344,8,4.1875,restaurant,,
명인밥상,37.57308875,126.9738281,restaurant,242,17,3.6176470588235294,restaurant,lodgement,
명화당,37.49506279,127.1224454,restaurant,400,7,3.585714285714286,restaurant,lodgement,
모꼬지에,37.5114877,126.940025,restaurant,360,10,3.81,restaurant,,
모녀김밥,37.57027694,127.0011206,restaurant,144,20,3.595,restaurant,,
모닥불,37.56200955,126.9258593,restaurant,236,15,3.9,restaurant,lodgement,
모도우 여의도점,37.52386015,126.924138,restaurant,273,12,3.858333333333333,restaurant,lodgement,
모두랑,37.55814562,127.0829647,restaurant,89,3,4.133333333333333,restaurant,,
모래내곱창,37.57839367,126.9236842,restaurant,251,4,4.35,restaurant,,
모리티아,37.54664109,127.0525855,restaurant,84,10,3.9299999999999997,restaurant,,
모모야마,37.51780213,127.1017912,restaurant,384,8,3.5375,restaurant,,
모스가든,37.55850662,126.8251571,restaurant,218,4,4.125,restaurant,,
모찌크림,37.56493805,126.9818266,restaurant,183,27,3.596296296296296,restaurant,lodgement,
목금,37.54266405,127.048448,restaurant,82,8,4.2125,restaurant,,
목동분식,37.54615626,126.8735909,restaurant,256,2,4.3,restaurant,,
목란,37.5683824,126.9304769,restaurant,249,8,3.85,restaurant,,
목멱산방,37.55811277,126.9868941,restaurant,185,19,3.621052631578947,lodgement,restaurant,
목우촌숯불갈비,37.58713629,126.9963724,restaurant,164,12,4.1000000000000005,restaurant,,
목포명가,37.50987443,127.0572852,restaurant,336,26,3.784615384615385,restaurant,lodgement,
목포꽃게아구찜,37.5426554,127.0858477,restaurant,93,3,3.3666666666666667,restaurant,,
몰타참치,37.50495241,127.0550466,restaurant,328,13,3.869230769230769,restaurant,lodgement,
몽고네,37.52522052,127.0391309,restaurant,347,24,3.6750000000000003,restaurant,,
몽실이네명품토종한우,37.57073814,127.0415974,restaurant,97,8,3.375,restaurant,,
몽중헌 청담점,37.52429227,127.0448161,restaurant,348,17,3.841176470588235,restaurant,lodgement,
몽탄,37.53599612,126.9722458,restaurant,200,9,3.3777777777777778,restaurant,,
묘사서울,37.54783182,127.039747,restaurant,78,48,3.8979166666666667,restaurant,,
무교동북어국집,37.56773442,126.9798518,restaurant,184,33,3.590909090909091,restaurant,lodgement,
롯데호텔서울 무궁화,37.56519376,126.9807241,restaurant,183,27,3.596296296296296,restaurant,lodgement,
서울무도학원,37.55888472,126.9746208,restaurant,189,6,3.5500000000000003,restaurant,lodgement,
무등산,37.5219406,127.0399549,restaurant,349,26,3.773076923076923,restaurant,,
무등산수만리염소탕 강남점,37.49246946,127.0315805,restaurant,317,10,4.05,restaurant,lodgement,
무브모브 카페,37.54538783,127.050464,restaurant,83,28,3.8535714285714286,restaurant,,
무수아취,37.67638788,127.0330877,restaurant,20,1,3.2,restaurant,,
무수옥,37.67713477,127.0441643,restaurant,21,1,3.5,restaurant,,
무안뻘낙지,37.55343906,126.9744416,restaurant,178,9,4.066666666666666,restaurant,lodgement,
무신사 스탠다드 성수점,37.54168094,127.0586356,restaurant,85,19,3.857894736842105,restaurant,,
무타리,37.552964,126.9210042,restaurant,231,17,3.7941176470588234,restaurant,lodgement,
무탄 압구정 본점,37.52729542,127.0303077,restaurant,346,10,4.01,restaurant,lodgement,
무한쌈밥집,37.51239161,127.0188755,restaurant,342,4,3.875,restaurant,,
문바리문어세상해천탕 양재점,37.48140683,127.0378892,restaurant,306,10,3.9299999999999997,restaurant,,
문배동 육칼 김포국제공항국내선,37.55897036,126.8026923,restaurant,215,2,3.1,restaurant,lodgement,
문바리문어세상해천탕 양재점,37.48140683,127.0378892,restaurant,306,10,3.9299999999999997,restaurant,,
문화식당,37.52621916,126.8980593,restaurant,270,17,4.047058823529412,restaurant,,
문화식당,37.52621916,126.8980593,restaurant,270,17,4.047058823529412,restaurant,,
뮤직컴플렉스서울,37.57446723,126.983554,restaurant,158,57,3.7491228070175437,restaurant,lodgement,
미피아체,37.52146851,127.0448721,restaurant,349,26,3.773076923076923,restaurant,,
미가본캐슬,37.45385409,127.0556624,restaurant,376,1,4.0,restaurant,,
미가할매집 제1주차장,37.4877284,126.9290592,restaurant,367,11,3.590909090909091,restaurant,,
미나미,37.49333005,127.0181199,restaurant,315,9,3.511111111111111,restaurant,lodgement,
미니네,37.56286709,127.0150954,restaurant,150,12,3.4499999999999997,restaurant,lodgement,
미락,37.54427252,126.9542803,restaurant,195,5,3.02,restaurant,lodgement,
미락정,35.1120781,129.03984,restaurant,6,1,4.8,restaurant,,
미림산장,37.67384357,127.0044616,restaurant,29,1,2.1,restaurant,,
미미미가든 청담점,37.52378273,127.0411641,restaurant,349,26,3.773076923076923,restaurant,,
미미옥 신용산점,37.52628438,126.9629524,restaurant,197,4,3.825,restaurant,,
미성옥,37.56417071,126.9839366,restaurant,183,27,3.596296296296296,restaurant,lodgement,
미쓰족발 명동점,37.56464276,126.9834203,restaurant,183,27,3.596296296296296,restaurant,lodgement,
미아리우동집,37.57095143,127.0705578,restaurant,104,7,3.685714285714286,restaurant,lodgement,
미에뜨 도곡점,37.4828705,127.0467541,restaurant,305,14,4.0285714285714285,restaurant,,
미오도쿄다이닝,37.54408177,127.05367,restaurant,83,28,3.8535714285714286,restaurant,,
미우미우,37.56481826,126.982122,restaurant,183,27,3.596296296296296,restaurant,lodgement,
미우야,37.47404457,127.0353509,restaurant,310,4,4.0,restaurant,,
미자네식당,37.56395656,126.9752213,restaurant,187,22,3.772727272727273,restaurant,lodgement,
미즐카페엠,37.64355438,127.0037845,restaurant,32,3,3.1666666666666665,restaurant,,
미진,37.54780175,127.0521902,restaurant,84,10,3.9299999999999997,restaurant,,
민속돌솥설렁탕,37.50105539,126.8995298,restaurant,279,2,3.4,restaurant,,
민정식당 서울숲직영점,37.54867836,127.0481011,restaurant,77,19,4.005263157894737,restaurant,,
밀란국수 개포본점,37.47853838,127.0491381,restaurant,308,5,4.1,restaurant,lodgement,
밀림,37.48202512,127.0425907,restaurant,305,14,4.0285714285714285,restaurant,,
밀파니 베이커리 카페,37.48912614,127.1424632,restaurant,397,3,3.6333333333333333,restaurant,,
밀화 신세계백화점 강남점,37.50505795,127.0043882,restaurant,355,8,3.5999999999999996,restaurant,lodgement,
밍글스,37.52537012,127.0441606,restaurant,348,17,3.841176470588235,restaurant,lodgement,
바다나라 1박2일포차,37.55655847,126.9257753,restaurant,232,10,4.0,restaurant,lodgement,
바다식당,34.49297853,127.7940686,restaurant,2,1,2.6,restaurant,,
바다축제 서초점,37.50332919,127.019571,restaurant,320,6,3.633333333333333,restaurant,lodgement,
바다회사랑,37.56041168,126.9210631,restaurant,233,9,3.8666666666666663,restaurant,lodgement,
남쪽바다 작은섬,37.52096513,126.9052904,restaurant,266,13,3.4615384615384617,restaurant,lodgement,
바랗,37.52231873,127.0352096,restaurant,343,21,3.7857142857142856,restaurant,lodgement,
바른고기정육점 서래마을본점,37.49288422,126.9912974,restaurant,357,5,3.7399999999999998,restaurant,,
바바인디아 강남역점,37.49490294,127.0285781,restaurant,317,10,4.05,restaurant,lodgement,
바빌리안테이블,37.52796931,127.0368584,restaurant,347,24,3.6750000000000003,restaurant,,
바위파스타바,37.53913323,127.0615631,restaurant,80,2,4.5,restaurant,,
바이킹스워프 롯데월드몰점,37.51327186,127.1038901,restaurant,384,8,3.5375,restaurant,,
바캉스커피,37.51766014,126.9580339,restaurant,362,2,3.3,restaurant,,
바토스,37.54670623,127.0477083,restaurant,78,48,3.8979166666666667,restaurant,,
박가네빈대떡 본점,37.57051661,127.0008444,restaurant,144,20,3.595,restaurant,,
박가뼈다귀감자탕 묵동점,37.6156682,127.0782522,restaurant,61,4,3.975,restaurant,,
박가뼈다귀감자탕 본점,37.59381288,127.074076,restaurant,111,1,3.3,restaurant,,
박석고개,36.84173326,128.0018441,restaurant,404,1,5.0,restaurant,,
박재성의 메밀숯불닭갈비,37.48151619,126.9294732,restaurant,367,11,3.590909090909091,restaurant,,
반려문화,37.51596361,127.0332916,restaurant,333,5,3.7,restaurant,,
반룡산,37.50447272,127.055795,restaurant,328,13,3.869230769230769,restaurant,lodgement,
반저,37.58299895,127.002853,restaurant,154,22,3.8045454545454547,restaurant,,
반짝반짝빛나는,37.57327824,126.9860628,restaurant,158,57,3.7491228070175437,restaurant,lodgement,
반하당,37.58927346,127.003202,restaurant,163,10,4.07,restaurant,lodgement,
발렁스,37.5795033,126.9868416,restaurant,155,14,3.7642857142857147,restaurant,lodgement,
발산삼계탕,37.55628302,126.8378253,restaurant,205,7,3.4,restaurant,lodgement,
밥장인돼지찌개,35.17515987,126.9151111,restaurant,1,2,3.9499999999999997,restaurant,,
방목,37.48340353,127.1243857,restaurant,392,6,4.083333333333333,restaurant,,
방식꽃예술원,37.5781264,127.0018974,restaurant,153,4,3.8249999999999997,restaurant,lodgement,
방이샤브샤브칼국수 방이본점,37.51131749,127.1270301,restaurant,395,6,3.516666666666667,restaurant,,
배꼽집,37.51017149,127.0240439,restaurant,342,4,3.875,restaurant,,
배나무골 양재본점,37.47310272,127.0391331,restaurant,310,4,4.0,restaurant,,
어도,37.63489632,127.0236217,restaurant,37,6,3.6333333333333333,restaurant,lodgement,
백년손님,35.83428966,129.2129357,restaurant,4,1,3.9,restaurant,,
백년옥 본관,37.48118505,127.0137709,restaurant,312,5,3.12,restaurant,,
백년토종삼계탕,37.58058424,126.9847516,restaurant,155,14,3.7642857142857147,restaurant,lodgement,
백년토종삼계탕,37.58058424,126.9847516,restaurant,155,14,3.7642857142857147,restaurant,lodgement,
백두한우곱창,37.5496905,126.9118504,restaurant,238,7,3.814285714285714,restaurant,,
백리향,37.57811908,127.0586008,restaurant,107,3,3.966666666666667,restaurant,,
백마김씨네 도곡본점 주차장,37.48700918,127.0458646,restaurant,305,14,4.0285714285714285,restaurant,,
백야드빌더 성수점,37.55143225,127.0470131,restaurant,77,19,4.005263157894737,restaurant,,
백원,37.52613023,127.0450299,restaurant,348,17,3.841176470588235,restaurant,lodgement,
백제삼계탕,37.47546858,127.0447553,restaurant,308,5,4.1,restaurant,lodgement,
백제추어탕 본점,37.53141089,127.1381312,restaurant,59,4,3.8249999999999997,restaurant,,
밴건디스테이크하우스,37.49933212,126.9977292,restaurant,354,12,3.8166666666666664,restaurant,,
밸런스포케 역삼점,37.50070685,127.0334511,restaurant,323,10,3.7399999999999998,restaurant,,
뱃고동,37.58855231,127.0096919,restaurant,163,10,4.07,restaurant,lodgement,
뱅뱅막국수 역삼본점,37.48967601,127.0327915,restaurant,317,10,4.05,restaurant,lodgement,
버드나무집 서초본점,37.48913764,127.031163,restaurant,317,10,4.05,restaurant,lodgement,
버섯잔치집 본점,37.52828842,127.1256764,restaurant,53,6,3.9166666666666665,restaurant,lodgement,
벌교한상,37.4858401,127.0993915,restaurant,387,6,3.3166666666666664,restaurant,,
벌스가든 (VER S GARDEN),37.56527674,126.9205917,restaurant,235,6,4.283333333333334,restaurant,lodgement,
베나레스,37.58489458,127.0295725,restaurant,100,9,3.822222222222222,restaurant,,
베네베네2010,37.52286907,127.0438062,restaurant,349,26,3.773076923076923,restaurant,,
베라피자나폴리 한남점,37.53867443,127.0020457,restaurant,175,15,3.533333333333333,restaurant,lodgement,
베이스이즈나이스,37.53962665,126.949102,restaurant,190,10,3.62,restaurant,,
베이스캠프,37.44299686,127.055677,restaurant,375,3,3.3666666666666667,restaurant,,
베이징,37.58016803,126.8888882,restaurant,224,3,3.6333333333333333,restaurant,lodgement,
베티버,37.55382183,126.9296756,restaurant,227,9,3.688888888888889,restaurant,lodgement,
벤스쿠키 이태원점,37.53481722,126.9965831,restaurant,170,20,3.8850000000000002,restaurant,lodgement,
벨라스가든,37.51009902,127.1063694,restaurant,386,21,3.842857142857143,restaurant,lodgement,
벨라스가든 서울숲점,37.54321683,127.0449768,restaurant,78,48,3.8979166666666667,restaurant,,
벽제갈비 방이점,37.51001914,127.1261841,restaurant,395,6,3.516666666666667,restaurant,,
별미곱창 방이2호점,37.51418508,127.1083377,restaurant,386,21,3.842857142857143,restaurant,lodgement,
별양집,37.50435442,127.0435737,restaurant,324,15,3.5266666666666664,restaurant,lodgement,
보광기사식당,37.52606488,126.9963572,restaurant,173,7,3.3857142857142857,restaurant,,
보니스피자펍 본점,37.50605549,127.0989071,restaurant,382,8,3.6875,restaurant,lodgement,
보따리부대찌개,37.53325235,126.9022879,restaurant,268,4,3.7,restaurant,lodgement,
보보식당,37.61723917,127.0465606,restaurant,72,2,4.0,restaurant,,
보슬보슬 역삼본점,37.49760654,127.0332699,restaurant,318,8,3.55,restaurant,,
델리쎄106,37.4936196,126.993853,restaurant,357,5,3.7399999999999998,restaurant,,
보틀라운지,37.48899309,127.0000792,restaurant,353,5,4.08,restaurant,,
복돈이부추삼겹살 사당본점,37.4751656,126.9811203,restaurant,350,7,3.8857142857142857,restaurant,,
복성각,37.55852575,126.9373582,restaurant,228,20,3.915,restaurant,lodgement,
본가설렁탕,37.57195949,127.0110436,restaurant,151,17,3.8176470588235296,restaurant,lodgement,
본가진미간장게장,37.5083258,127.1113038,restaurant,385,10,3.9799999999999995,restaurant,,
본앤브레드 신관레스토랑,37.56680512,127.0445201,restaurant,97,8,3.375,restaurant,,
볼라레,37.49908703,126.9969104,restaurant,354,12,3.8166666666666664,restaurant,,
볼트스테이크하우스,37.52498418,127.0449794,restaurant,348,17,3.841176470588235,restaurant,lodgement,
봄솔레씨네,37.58386954,127.0541582,restaurant,108,7,4.114285714285715,restaurant,lodgement,
봉래면옥,37.53648499,127.1466264,restaurant,56,3,4.2,restaurant,,
메이필드 서울 봉래헌,37.54809493,126.8181529,restaurant,217,2,3.75,restaurant,,
봉밀가 강남구청점,37.51580313,127.0420816,restaurant,334,10,3.8800000000000003,restaurant,,
봉브라더스 강아지카페,37.50733376,127.0262529,restaurant,321,12,3.625,restaurant,lodgement,
봉산옥 서초동본점,37.4833413,127.0124767,restaurant,311,7,3.742857142857143,restaurant,lodgement,
봉선마라탕,37.49214835,126.8977913,restaurant,286,5,3.78,restaurant,,
봉우리 역삼본점,37.50309938,127.0381942,restaurant,324,15,3.5266666666666664,restaurant,lodgement,
봉이밥,37.49812675,127.0542523,restaurant,327,3,3.733333333333333,restaurant,,
봉파레트,37.58860038,127.0044316,restaurant,163,10,4.07,restaurant,lodgement,
봉피양 방이점,37.51020765,127.1260046,restaurant,395,6,3.516666666666667,restaurant,,
봉희설렁탕 본점,37.59304786,126.9138635,restaurant,133,4,3.4,restaurant,,
뵈르니,37.58094824,127.0043768,restaurant,154,22,3.8045454545454547,restaurant,,
부다스벨리,37.53438962,126.9883691,restaurant,170,20,3.8850000000000002,restaurant,lodgement,
부민옥,37.56750384,126.9803182,restaurant,184,33,3.590909090909091,restaurant,lodgement,
부부식당,37.58021304,127.004302,restaurant,154,22,3.8045454545454547,restaurant,,
부부요리단,37.54279882,127.017557,restaurant,167,5,3.44,restaurant,,
부부횟집 서울점,37.51048875,127.1107257,restaurant,386,21,3.842857142857143,restaurant,lodgement,
부부횟집 서울점,37.51048875,127.1107257,restaurant,386,21,3.842857142857143,restaurant,lodgement,
부빙,37.59275708,126.9654106,restaurant,120,9,3.6222222222222222,restaurant,lodgement,
계열사,37.59286886,126.9656234,restaurant,120,9,3.6222222222222222,restaurant,lodgement,
부엉이돈가스 남산서울타워점,37.55131578,126.9882261,restaurant,179,4,3.6,restaurant,,
부여집,37.57046605,127.004924,restaurant,144,20,3.595,restaurant,,
부영각,37.54251073,126.9395035,restaurant,192,6,3.6833333333333336,restaurant,lodgement,
부일갈매기,37.50729165,127.0899105,restaurant,379,7,3.9571428571428577,restaurant,lodgement,
부일갈비,37.48386201,127.0197005,restaurant,313,5,3.94,restaurant,,
부첼리하우스,37.53683121,127.0128194,restaurant,176,10,4.0,restaurant,,
부촌육회,37.57037786,126.9999321,restaurant,144,20,3.595,restaurant,,
부타이 1막,37.50617173,127.0600465,restaurant,331,10,3.75,restaurant,lodgement,
북촌김치재,37.57782648,126.9862114,restaurant,155,14,3.7642857142857147,restaurant,lodgement,
북한산큰숲제빵소,37.65477751,126.9389547,restaurant,117,2,3.6,restaurant,,
불맛감자국,37.58720799,126.9168728,restaurant,132,5,2.88,restaurant,,
불밥,37.55884015,126.9464055,restaurant,193,7,4.271428571428571,restaurant,lodgement,
불타는곱창,37.60519623,127.076538,restaurant,74,2,4.0,restaurant,,
붓처스컷 광화문점,37.56832259,126.9788273,restaurant,184,33,3.590909090909091,restaurant,lodgement,
붓처스컷 삼성점,37.5088575,127.0585059,restaurant,336,26,3.784615384615385,restaurant,lodgement,
브라운씨 1호점,37.55183835,126.8351857,restaurant,209,2,3.65,restaurant,,
브라운에비뉴,37.58593622,127.0002604,restaurant,164,12,4.1000000000000005,restaurant,,
브라운치킨,37.56593095,126.9656425,restaurant,244,7,3.5142857142857147,restaurant,,
브라이언스커피,37.4838764,127.0457915,restaurant,305,14,4.0285714285714285,restaurant,,
브래디스커피,37.56618973,126.9210084,restaurant,235,6,4.283333333333334,restaurant,lodgement,
브랜뉴하이몬드,37.53642213,127.1261607,restaurant,57,6,3.8166666666666664,restaurant,,
브레라,37.54826808,127.0069912,restaurant,166,2,3.15,restaurant,lodgement,
브루스리,37.47976888,127.0428992,restaurant,307,2,3.0999999999999996,restaurant,,
브루클린더버거조인트 서래마을점,37.49612456,126.9997399,restaurant,354,12,3.8166666666666664,restaurant,,
브릭레인버거,37.56592204,127.0174991,restaurant,150,12,3.4499999999999997,restaurant,lodgement,
비건카페 달냥,37.58954019,126.9990829,restaurant,164,12,4.1000000000000005,restaurant,,
비노인빌라,37.48086812,127.0116724,restaurant,312,5,3.12,restaurant,,
비비브라운,37.52303596,127.0406976,restaurant,349,26,3.773076923076923,restaurant,,
비사벌 전주콩나물국밥,37.54626489,127.0450307,restaurant,78,48,3.8979166666666667,restaurant,,
비스타워커힐서울 피자힐,37.55391841,127.1091987,restaurant,49,6,3.15,restaurant,lodgement,
콘메,37.50493726,127.1082429,restaurant,385,10,3.9799999999999995,restaurant,,
비스트로누,37.49910869,126.9987606,restaurant,354,12,3.8166666666666664,restaurant,,
비스티버거 한남본점,37.53245012,127.00707,restaurant,174,7,3.5857142857142854,restaurant,,
비아트 성수,37.54710165,127.0542538,restaurant,84,10,3.9299999999999997,restaurant,,
BIYA부대찌개 본점,37.58820306,127.0294108,restaurant,100,9,3.822222222222222,restaurant,,
비어오크 마장점,37.56565971,127.0427537,restaurant,97,8,3.375,restaurant,,
비언유주얼,37.50955914,127.0446162,restaurant,332,6,3.5,restaurant,,
비올레타머핀,37.54860958,127.0261293,restaurant,169,4,3.725,restaurant,,
비진도해물뚝배기,37.56165885,126.9671453,restaurant,181,4,3.6,restaurant,,
비타포,37.58914717,127.0067482,restaurant,163,10,4.07,restaurant,lodgement,
비파티세리 공덕점,37.54861746,126.9551195,restaurant,194,4,4.325,restaurant,,
비하인드,37.52614865,127.038827,restaurant,347,24,3.6750000000000003,restaurant,,
빈브라더스 합정,37.54569417,126.9149839,restaurant,237,7,4.1,restaurant,,
빌즈 강남,37.49974504,127.0349536,restaurant,323,10,3.7399999999999998,restaurant,,
빙봉,37.54687382,127.0404582,restaurant,78,48,3.8979166666666667,restaurant,,
르브와 종로점,37.56944713,126.9853979,restaurant,158,57,3.7491228070175437,restaurant,lodgement,
빠리가옥,37.57328677,126.9902512,restaurant,157,27,3.6037037037037036,restaurant,lodgement,
빠우 을지로점,37.567145,126.9954497,restaurant,142,29,3.706896551724138,restaurant,lodgement,
바게트의 정석,37.4885212,127.1018555,restaurant,387,6,3.3166666666666664,restaurant,,
뺑드에코,37.54226736,127.0490418,restaurant,82,8,4.2125,restaurant,,
뻐꾸기,37.51901102,127.0251304,restaurant,339,27,3.7629629629629626,restaurant,lodgement,
뼈탄집,37.53579174,126.9729134,restaurant,200,9,3.3777777777777778,restaurant,,
뽐모도로,37.57113939,126.9756513,restaurant,242,17,3.6176470588235294,restaurant,lodgement,
뽕나무쟁이 선릉본점,37.50322746,127.0520099,restaurant,328,13,3.869230769230769,restaurant,lodgement,
뽕사부,37.51814537,127.0405411,restaurant,334,10,3.8800000000000003,restaurant,,
뿌자2,37.56687098,127.006848,restaurant,152,19,3.9,restaurant,lodgement,
뿡어당,37.59122687,127.0205395,restaurant,139,5,3.7,restaurant,,
사담,37.48129209,129.127733,restaurant,11,1,3.8,restaurant,,
사동면옥,37.57390981,126.9858555,restaurant,158,57,3.7491228070175437,restaurant,lodgement,
사랑채,37.50613826,127.1011692,restaurant,382,8,3.6875,restaurant,lodgement,
사모님짬뽕,37.57507596,126.8122822,restaurant,214,3,3.3333333333333335,restaurant,,
사색연희,37.56839086,126.9295487,restaurant,249,8,3.85,restaurant,,
사운드키친,37.52206022,127.0317423,restaurant,344,8,4.1875,restaurant,,
사이코우스시 쌍문점,37.65794026,127.0362913,restaurant,38,3,3.533333333333333,restaurant,,
사조참치 영등포구청점,37.5267062,126.896554,restaurant,270,17,4.047058823529412,restaurant,,
서울낙업,37.54161298,127.0708447,restaurant,88,12,4.083333333333333,restaurant,,
산도토리임자탕,37.63962473,127.0401312,restaurant,41,2,4.3,restaurant,,
산들애 건강밥상,37.65611946,126.9492753,restaurant,118,2,4.3,restaurant,,
산들해 송파점,37.51673936,127.1132144,restaurant,51,10,3.7600000000000002,restaurant,lodgement,
산띠,37.55554617,126.9250169,restaurant,232,10,4.0,restaurant,lodgement,
산모퉁이,37.59542472,126.9679231,restaurant,120,9,3.6222222222222222,restaurant,lodgement,
산삼청각,37.49347805,127.1249034,restaurant,401,8,3.675,restaurant,,
산수갑산,35.10032473,129.0299809,restaurant,7,1,3.9,restaurant,,
산수고원,37.52691817,127.1480693,restaurant,55,3,4.266666666666667,restaurant,lodgement,
산채향,37.56886574,126.9780268,restaurant,184,33,3.590909090909091,restaurant,lodgement,
산촌,37.57379724,126.9862619,restaurant,158,57,3.7491228070175437,restaurant,lodgement,
살구나무집칼국수,37.51950085,126.8575718,restaurant,262,2,4.15,restaurant,,
살롱순라,37.57415093,126.9916797,restaurant,157,27,3.6037037037037036,restaurant,lodgement,
삼겹살전문점대통령 본점,37.58382787,127.0027059,restaurant,154,22,3.8045454545454547,restaurant,,
삼대할먼네,37.56290587,127.0147819,restaurant,150,12,3.4499999999999997,restaurant,lodgement,
삼성빨간양념,37.56280009,126.9772273,restaurant,187,22,3.772727272727273,restaurant,lodgement,
삼수갑산,37.55775413,126.9753682,restaurant,189,6,3.5500000000000003,restaurant,lodgement,
제령집,37.62463234,127.0181845,restaurant,35,2,4.1,restaurant,,
삼원가든,37.52482605,127.0326428,restaurant,346,10,4.01,restaurant,lodgement,
삼원일식,37.5659579,126.9653686,restaurant,244,7,3.5142857142857147,restaurant,,
삼정복집 본점,37.51462293,127.0639081,restaurant,335,2,3.25,restaurant,,
삼정집,37.51484912,126.9378472,restaurant,360,10,3.81,restaurant,,
삼천리골 돼지집,37.64330441,126.9425717,restaurant,116,7,2.8428571428571425,lodgement,restaurant,
삼청각,37.59735073,126.9841808,restaurant,159,5,3.04,restaurant,,
삼청각,37.59735073,126.9841808,restaurant,159,5,3.04,restaurant,,
삼청동수제비,37.58459777,126.9819712,restaurant,160,18,3.322222222222222,restaurant,lodgement,
삼촌네2호,37.48324046,126.9290363,restaurant,367,11,3.590909090909091,restaurant,,
삼학도,37.4853617,127.0170415,restaurant,313,5,3.94,restaurant,,
삼해집 영등포점,37.51883447,126.9089943,restaurant,267,11,3.4,restaurant,lodgement,
삼형제쭈꾸미 대학로점,37.58133387,127.0043157,restaurant,154,22,3.8045454545454547,restaurant,,
삼호짱뚱이,37.51963672,127.0310173,restaurant,344,8,4.1875,restaurant,,
삼호복집 신촌점,37.55652787,126.9350104,restaurant,228,20,3.915,restaurant,lodgement,
삿뽀로 목동점,37.52244386,126.8703831,restaurant,263,3,3.8666666666666667,restaurant,,
상락원청계밥상,37.44311918,127.0561347,restaurant,375,3,3.3666666666666667,restaurant,,
일미락 상암점,37.57637342,126.8972551,restaurant,223,4,4.025,restaurant,,
상인정신,37.57127975,126.9747027,restaurant,242,17,3.6176470588235294,restaurant,lodgement,
새들러하우스,37.51938318,127.0249212,restaurant,339,27,3.7629629629629626,restaurant,lodgement,
새마을식당 동대문점,37.567462,127.0074933,restaurant,152,19,3.9,restaurant,lodgement,
새벽집 청담점,37.52552601,127.0528874,restaurant,337,7,4.228571428571429,restaurant,lodgement,
새벽집양곱창 신도림점,37.50728189,126.8843795,restaurant,293,2,3.85,restaurant,,
새봄떡국국수 서대문직영점,37.56739318,126.9685781,restaurant,244,7,3.5142857142857147,restaurant,,
새우숲 영등포본점,37.52885813,126.8969493,restaurant,270,17,4.047058823529412,restaurant,,
색동저고리,37.5409258,126.9488872,restaurant,190,10,3.62,restaurant,,
남원추어탕,37.52748762,126.9995384,restaurant,173,7,3.3857142857142857,restaurant,,
생생아구,37.50879064,127.080294,restaurant,380,27,3.559259259259259,lodgement,restaurant,
샤블리,37.51807095,127.0222116,restaurant,339,27,3.7629629629629626,restaurant,lodgement,
샤오바오우육면 본점,37.56907786,126.9866205,restaurant,158,57,3.7491228070175437,restaurant,lodgement,
서강팔경,37.54494614,126.9253568,restaurant,229,8,3.7625,restaurant,,
서관면옥 교대본점,37.4939789,127.0172561,restaurant,315,9,3.511111111111111,restaurant,lodgement,
서궁,37.56873221,126.9691435,restaurant,244,7,3.5142857142857147,restaurant,,
서글렁탕,37.51942356,126.9329929,restaurant,274,11,3.5727272727272723,restaurant,,
서당골 수유본점,37.64681481,127.0167702,restaurant,34,1,3.3,restaurant,,
서래본갈비,37.49978263,126.9983398,restaurant,354,12,3.8166666666666664,restaurant,,
서래향,37.49811398,126.9989008,restaurant,354,12,3.8166666666666664,restaurant,,
서래향 수서점,37.48843463,127.1029839,restaurant,387,6,3.3166666666666664,restaurant,,
서룡,37.51420625,127.0314641,restaurant,340,4,4.15,restaurant,,
서린낙지,37.57059603,126.9801408,restaurant,184,33,3.590909090909091,restaurant,lodgement,
서부감자국,37.60227563,126.9269484,restaurant,130,13,3.8076923076923075,lodgement,restaurant,
서북면옥,37.5453966,127.0853439,restaurant,93,3,3.3666666666666667,restaurant,,
서산간장게장,37.57078686,127.0715402,restaurant,104,7,3.685714285714286,restaurant,lodgement,
서석대,37.49521744,127.0195067,restaurant,315,9,3.511111111111111,restaurant,lodgement,
원조정할머니 기름떡볶이,37.58059856,126.9700986,restaurant,245,12,3.475,restaurant,lodgement,
서울다이닝,37.57853677,126.8942748,restaurant,223,4,4.025,restaurant,,
서울리즘,37.50978159,127.1115526,restaurant,386,21,3.842857142857143,restaurant,lodgement,
서울서둘째로잘하는집,37.58625017,126.9818339,restaurant,160,18,3.322222222222222,restaurant,lodgement,
앵무새카페 버드플라잉,37.65779932,127.0645973,restaurant,25,5,4.0,restaurant,,
서울왕돈까스 성북동본점,37.59243778,126.9992799,restaurant,162,7,3.1285714285714286,restaurant,,
서울원조아구찜,37.57360913,126.98808,restaurant,157,27,3.6037037037037036,restaurant,lodgement,
홍성원,37.52573448,127.0521205,restaurant,337,7,4.228571428571429,restaurant,lodgement,
서원,37.55385971,126.9008623,restaurant,240,5,3.9,restaurant,,
서일순대국 별관,37.49784979,126.9211336,restaurant,280,2,3.45,restaurant,,
서촌돌솥,37.57888695,126.9712404,restaurant,245,12,3.475,restaurant,lodgement,
깡순이신쭈꾸미,37.57643099,126.9718538,restaurant,246,25,3.68,restaurant,lodgement,
서촌친구네,37.57653701,126.97063,restaurant,246,25,3.68,restaurant,lodgement,
서화,37.56306595,126.9732793,restaurant,187,22,3.772727272727273,restaurant,lodgement,
석파랑,37.59928258,126.9586505,restaurant,119,3,3.533333333333333,restaurant,,
선비옥,37.56894745,126.9888391,restaurant,142,29,3.706896551724138,restaurant,lodgement,
설가온,37.57262064,126.975721,restaurant,242,17,3.6176470588235294,restaurant,lodgement,
설눈,37.49123349,127.0097698,restaurant,314,6,3.3166666666666664,restaurant,lodgement,
설레는마중,37.57455376,126.983794,restaurant,158,57,3.7491228070175437,restaurant,lodgement,
설마중,37.48501004,127.0403694,restaurant,306,10,3.9299999999999997,restaurant,,
섬소년자연주의,37.55786987,126.9195764,restaurant,233,9,3.8666666666666663,restaurant,lodgement,
성경만두요리전문점 종로점,37.56890879,126.9897118,restaurant,142,29,3.706896551724138,restaurant,lodgement,
성균관감자탕,37.58417745,126.9971786,restaurant,164,12,4.1000000000000005,restaurant,,
혜화칼국수,37.58657925,127.001503,restaurant,164,12,4.1000000000000005,restaurant,,
성미골,37.56021601,126.9060884,restaurant,241,9,3.744444444444445,restaurant,lodgement,
성민양꼬치 본점,37.47969953,126.9547538,restaurant,371,5,3.7600000000000002,restaurant,,
성민촌,37.5237628,126.92693,restaurant,273,12,3.858333333333333,restaurant,lodgement,
구포국수 1호점,37.59250533,127.0028058,restaurant,162,7,3.1285714285714286,restaurant,,
성북동메밀수제비누룽지백숙,37.59457546,126.99057,restaurant,161,8,3.3499999999999996,restaurant,lodgement,
성북동돼지갈비 본점,37.59328826,126.9960732,restaurant,161,8,3.3499999999999996,restaurant,lodgement,
성북동면옥집,37.59589344,126.9886312,restaurant,159,5,3.04,restaurant,,
성북동빵공장,37.59589344,126.9886312,restaurant,159,5,3.04,restaurant,,
성북동집,37.59444872,126.9956745,restaurant,161,8,3.3499999999999996,restaurant,lodgement,
다이소 GS슈퍼동소문점,37.5945762,127.011321,restaurant,140,6,3.4166666666666665,restaurant,lodgement,
아크로서울포레스트아파트,37.54443721,127.0438482,restaurant,78,48,3.8979166666666667,restaurant,,
피치스 도원,37.54442516,127.0513845,restaurant,83,28,3.8535714285714286,restaurant,,
성수다락,37.53991796,127.0562242,restaurant,81,11,4.190909090909091,restaurant,,
성수동대림창고갤러리,37.54171995,127.0562482,restaurant,85,19,3.857894736842105,restaurant,,
성수망치버거,37.53956134,127.0476313,restaurant,82,8,4.2125,restaurant,,
성수베이킹스튜디오,37.54618518,127.0437587,restaurant,78,48,3.8979166666666667,restaurant,,
성수부두,37.54342195,127.0542873,restaurant,83,28,3.8535714285714286,restaurant,,
성수온실,37.54685524,127.0468597,restaurant,78,48,3.8979166666666667,restaurant,,
성수일미락,37.54763797,127.0496417,restaurant,77,19,4.005263157894737,restaurant,,
성수족발,37.54602763,127.0543164,restaurant,84,10,3.9299999999999997,restaurant,,
성일한우정육점,37.54824005,127.0469262,restaurant,77,19,4.005263157894737,restaurant,,
성하,37.55918627,126.9776539,restaurant,188,13,3.523076923076923,restaurant,lodgement,
세디치,37.54392217,127.0613158,restaurant,79,9,3.988888888888889,restaurant,lodgement,
세상의모든아침 for ME 롯데월드몰점,37.51373378,127.1042266,restaurant,384,8,3.5375,restaurant,,
세스크멘슬,37.50854334,127.0597181,restaurant,336,26,3.784615384615385,restaurant,lodgement,
센터커피 서울숲점,37.54655176,127.0416202,restaurant,78,48,3.8979166666666667,restaurant,,
셀프하우스,37.53238306,127.1217642,restaurant,53,6,3.9166666666666665,restaurant,lodgement,
셰프테이너,37.53767153,126.9949152,restaurant,172,6,3.85,restaurant,lodgement,
소금집델리 망원,37.55682365,126.9082362,restaurant,241,9,3.744444444444445,restaurant,lodgement,
소금집델리 안국,37.57945728,126.9862337,restaurant,155,14,3.7642857142857147,restaurant,lodgement,
소나무집,37.50207102,127.1033781,restaurant,381,2,3.9000000000000004,restaurant,,
소랑호젠,37.54268876,127.045205,restaurant,78,48,3.8979166666666667,restaurant,,
소르비,37.5209474,127.0197283,restaurant,339,27,3.7629629629629626,restaurant,lodgement,
소문난성수감자탕 별관,37.54300014,127.0546061,restaurant,83,28,3.8535714285714286,restaurant,,
소문난식당,37.5162107,126.8898835,restaurant,265,7,3.6999999999999997,restaurant,,
소바식당 성수점,37.54301167,127.0550044,restaurant,83,28,3.8535714285714286,restaurant,,
소바연구소,37.55877102,126.9394541,restaurant,228,20,3.915,restaurant,lodgement,
소백산 양재별관,37.46847738,127.0430238,restaurant,309,4,3.325,restaurant,,
소선재푸드,37.58552036,126.9817718,restaurant,160,18,3.322222222222222,restaurant,lodgement,
소설한남,37.53513767,127.0091306,restaurant,176,10,4.0,restaurant,,
소소한풍경,37.59365464,126.9660306,restaurant,120,9,3.6222222222222222,restaurant,lodgement,
소수,37.52455865,127.0243912,restaurant,345,9,3.6333333333333337,restaurant,lodgement,
소안도풍경,37.54349404,127.0580487,restaurant,85,19,3.857894736842105,restaurant,,
소연,37.56636505,126.9650243,restaurant,244,7,3.5142857142857147,restaurant,,
소울,37.60481631,126.9344327,restaurant,129,3,3.5666666666666664,restaurant,,
소이연남,37.51040189,127.058377,restaurant,336,26,3.784615384615385,restaurant,lodgement,
소인수서울,37.54965375,127.0445054,restaurant,77,19,4.005263157894737,restaurant,,
유미분김밥 소정담 당산 본점,37.52923318,126.9003631,restaurant,270,17,4.047058823529412,restaurant,,
소피텔앰배서더 서울 미오,37.51386252,127.1063578,restaurant,386,21,3.842857142857143,restaurant,lodgement,
소호정 본점,37.47326856,127.0486836,restaurant,308,5,4.1,restaurant,lodgement,
손가네곰국수설렁탕,37.59313696,127.0003578,restaurant,162,7,3.1285714285714286,restaurant,,
손가명가,37.56813452,126.9802185,restaurant,184,33,3.590909090909091,restaurant,lodgement,
손국수,37.67103052,127.0802554,restaurant,27,1,3.7,restaurant,,
손수메밀우동손만두,37.59977045,126.9155136,restaurant,131,2,4.05,restaurant,,
솔나무길된장예술,37.58211601,127.001114,restaurant,154,22,3.8045454545454547,restaurant,,
송가네감자탕,37.56181921,126.9240667,restaurant,236,15,3.9,restaurant,lodgement,
송강,37.51974302,126.9292167,restaurant,274,11,3.5727272727272723,restaurant,,
송계옥 교대점,37.49155404,127.0120404,restaurant,314,6,3.3166666666666664,restaurant,lodgement,
송림가,37.49702704,126.8644064,restaurant,298,1,4.6,restaurant,,
송림식당,37.57497194,127.0152914,restaurant,148,9,3.688888888888889,restaurant,lodgement,
송백식당,37.57364746,126.9742128,restaurant,242,17,3.6176470588235294,restaurant,lodgement,
송쉐프 본점,37.51930038,127.0196148,restaurant,339,27,3.7629629629629626,restaurant,lodgement,
송쉐프 장안점,37.56185023,127.0663162,restaurant,106,1,3.9,restaurant,,
송원,37.56366614,126.9782547,restaurant,187,22,3.772727272727273,restaurant,lodgement,
송월냉면,37.54237405,127.1295722,restaurant,57,6,3.8166666666666664,restaurant,,
송이네,37.50655692,127.0830806,restaurant,380,27,3.559259259259259,lodgement,restaurant,
송죽장,37.51825084,126.9046988,restaurant,266,13,3.4615384615384617,restaurant,lodgement,
송추가마골 은평1호점,37.65423391,126.9400974,restaurant,117,2,3.6,restaurant,,
송파아구찜,37.49481157,127.1315186,restaurant,399,2,3.65,restaurant,,
송화산시도삭면 2호점,37.5391959,127.0672443,restaurant,88,12,4.083333333333333,restaurant,,
송화유수,37.50476117,127.0229994,restaurant,320,6,3.633333333333333,restaurant,lodgement,
수가,37.54503683,126.9725932,restaurant,202,11,3.6727272727272724,restaurant,lodgement,
수담한정식,37.5106038,127.045939,restaurant,332,6,3.5,restaurant,,
수라선 역삼점,37.50504993,127.0412533,restaurant,324,15,3.5266666666666664,restaurant,lodgement,
수락이오냉면 본점,37.6739058,127.0525958,restaurant,18,3,3.233333333333333,restaurant,,
수릿날원조장충동할매족발보쌈설렁탕,37.56064878,127.0052935,restaurant,145,12,3.641666666666667,restaurant,lodgement,
수빈,37.57891944,127.0696948,restaurant,113,4,3.7249999999999996,restaurant,,
수연산방,37.59507217,126.9948366,restaurant,161,8,3.3499999999999996,restaurant,lodgement,
수원집,37.56530687,127.0065762,restaurant,152,19,3.9,restaurant,lodgement,
수유손칼국수,37.63379968,127.0243012,restaurant,37,6,3.6333333333333333,restaurant,lodgement,
수정궁,37.66210109,127.032917,restaurant,39,1,3.7,restaurant,,
수퍼판,37.52443828,127.0268381,restaurant,345,9,3.6333333333333337,restaurant,lodgement,
그랑서울,37.5708125,126.9815523,restaurant,184,33,3.590909090909091,restaurant,lodgement,
순대실록 대학로본점,37.5829719,127.0035776,restaurant,154,22,3.8045454545454547,restaurant,,
순댕이네얼큰수제비,37.47234551,126.8993331,restaurant,288,4,3.55,restaurant,lodgement,
순미네행복게장 동대문직영점,37.56771066,127.007765,restaurant,152,19,3.9,restaurant,lodgement,
순천가,37.57105311,126.9891818,restaurant,157,27,3.6037037037037036,restaurant,lodgement,
순천집,37.57219545,126.9879896,restaurant,157,27,3.6037037037037036,restaurant,lodgement,
순희네빈대떡,37.5706013,127.0007245,restaurant,144,20,3.595,restaurant,,
숟가락반상 마실,37.65340054,127.0681336,restaurant,25,5,4.0,restaurant,,
숨은골목,37.56090796,126.9249515,restaurant,236,15,3.9,restaurant,lodgement,
슈치쿠,37.51980227,126.9402458,restaurant,272,4,3.875,restaurant,,
슈타인도르프,37.5129191,127.1093946,restaurant,386,21,3.842857142857143,restaurant,lodgement,
스담,37.59239991,127.0358484,restaurant,136,3,3.033333333333333,restaurant,lodgement,
스미스가 좋아하는 한옥,37.57801481,126.9800642,restaurant,156,15,3.5933333333333333,restaurant,lodgement,
스시장종현,37.52547545,127.0489584,restaurant,348,17,3.841176470588235,restaurant,lodgement,
스시초희,37.5237556,127.0359728,restaurant,343,21,3.7857142857142856,restaurant,lodgement,
스시겐,37.55160158,126.9156336,restaurant,231,17,3.7941176470588234,restaurant,lodgement,
스시고,37.49892127,126.9978966,restaurant,354,12,3.8166666666666664,restaurant,,
스시도쿠,37.56666003,127.1573334,restaurant,45,3,3.6999999999999997,restaurant,,
스시만,37.53549482,126.9992895,restaurant,175,15,3.533333333333333,restaurant,lodgement,
방이동초밥 스시미노루,37.51525931,127.1156961,restaurant,51,10,3.7600000000000002,restaurant,lodgement,
스시선수,37.52287517,127.0364576,restaurant,343,21,3.7857142857142856,restaurant,lodgement,
스시야,37.74059349,127.0477338,restaurant,42,1,3.7,restaurant,,
스시오오모토,37.54697688,127.0468372,restaurant,78,48,3.8979166666666667,restaurant,,
스시유,37.50559277,127.0644433,restaurant,330,7,3.8428571428571425,restaurant,lodgement,
스시조,37.56449086,126.9800338,restaurant,183,27,3.596296296296296,restaurant,lodgement,
스시초심,37.65555021,127.0650713,restaurant,25,5,4.0,restaurant,,
스시코우지,37.52188131,127.0366212,restaurant,343,21,3.7857142857142856,restaurant,lodgement,
스시쿠루미,37.52190366,127.0425341,restaurant,349,26,3.773076923076923,restaurant,,
스시타노,37.49373665,126.9924802,restaurant,357,5,3.7399999999999998,restaurant,,
스시텐 강변점,37.53821089,127.093962,restaurant,91,3,3.8666666666666667,restaurant,,
스시혼,35.23598578,128.6865038,restaurant,9,1,4.6,restaurant,,
스시히로바 삼성동본점,37.51491861,127.0526514,restaurant,338,8,3.6,restaurant,,
스와니예,37.5195104,127.0191058,restaurant,339,27,3.7629629629629626,restaurant,lodgement,
스윗솔트,37.54550699,127.1541753,restaurant,43,3,4.133333333333333,restaurant,,
스즈란테이 이촌점,37.51996235,126.9742992,restaurant,196,4,4.125,restaurant,,
스카이피자,37.50960484,126.9370372,restaurant,360,10,3.81,restaurant,,
스케줄 청담,37.52459669,127.0427031,restaurant,349,26,3.773076923076923,restaurant,,
스타쉐프,37.48521384,127.0448923,restaurant,305,14,4.0285714285714285,restaurant,,
스태픽스,37.57747694,126.9679082,restaurant,246,25,3.68,restaurant,lodgement,
스트라다146,37.52904043,126.8993848,restaurant,270,17,4.047058823529412,restaurant,,
스트로베리32 성수점,37.54643698,127.0450523,restaurant,78,48,3.8979166666666667,restaurant,,
슬로우파크,37.58788453,126.981513,restaurant,160,18,3.322222222222222,restaurant,lodgement,
시골감자국,37.58742058,126.9168137,restaurant,132,5,2.88,restaurant,,
시골보쌈,37.62473478,127.0199189,restaurant,35,2,4.1,restaurant,,
시골전집,37.57070459,126.9911763,restaurant,142,29,3.706896551724138,restaurant,lodgement,
시골진지상,37.5095756,127.0547458,restaurant,336,26,3.784615384615385,restaurant,lodgement,
시그니엘서울 더라운지,37.51263692,127.1025443,restaurant,384,8,3.5375,restaurant,,
시도플레이스,37.56627279,126.9283283,restaurant,249,8,3.85,restaurant,,
시멘트,37.48499086,127.0142012,restaurant,311,7,3.742857142857143,restaurant,lodgement,
시샘달,37.62202882,126.8317108,restaurant,226,1,5.0,restaurant,,
시에나에스테이트 주차장,37.54658965,127.0653725,restaurant,79,9,3.988888888888889,restaurant,lodgement,
시옹마오,37.54347233,127.0544514,restaurant,83,28,3.8535714285714286,restaurant,,
시키카츠,37.59141323,127.0486936,restaurant,110,12,3.975,restaurant,,
식당진,37.56063552,126.9865179,restaurant,186,43,3.511627906976744,restaurant,lodgement,
신가네왕코등갈비,37.57410211,127.030981,restaurant,98,3,4.033333333333333,lodgement,restaurant,
신길동별난아찌짬뽕,37.51529548,126.9165115,restaurant,276,5,3.78,restaurant,,
신길양꼬치구이,37.51264913,126.920281,restaurant,275,5,3.78,restaurant,lodgement,
신당동천팥죽,37.56515059,127.0187575,restaurant,150,12,3.4499999999999997,restaurant,lodgement,
신대방닭갈비구이,37.48780958,126.9117965,restaurant,285,3,4.733333333333333,restaurant,,
신대성각,37.46846117,126.9369316,restaurant,365,2,4.1,restaurant,,
신도림전주관,37.5070442,126.8902294,restaurant,293,2,3.85,restaurant,,
신동궁감자탕뼈숯불구이 역삼직영점,37.49788595,127.0329082,restaurant,318,8,3.55,restaurant,,
신생루,37.49587755,126.8441146,restaurant,299,1,3.0,restaurant,,
신선한우촌,37.61424703,127.1011807,restaurant,68,1,3.7,restaurant,,
신성각,37.54473422,126.9577335,restaurant,195,5,3.02,restaurant,lodgement,
신성,37.62878783,127.0572358,restaurant,65,1,3.6,restaurant,,
신승관,37.57077526,126.9797525,restaurant,184,33,3.590909090909091,restaurant,lodgement,
신신매운갈비찜,37.52665694,126.8979343,restaurant,270,17,4.047058823529412,restaurant,,
신안촌 경희궁점,37.57278551,126.9716367,restaurant,242,17,3.6176470588235294,restaurant,lodgement,
신양로스터스,37.51042368,127.1109394,restaurant,386,21,3.842857142857143,restaurant,lodgement,
신의주찹쌀순대,37.64092489,127.0274125,restaurant,36,2,3.55,restaurant,,
와우신내떡 노량진점,37.51181634,126.9451316,restaurant,360,10,3.81,restaurant,,
목동로데오패션거리,37.52788904,126.8627826,restaurant,261,3,3.6666666666666665,restaurant,,
신정,37.56718472,127.0011749,restaurant,146,11,3.772727272727273,restaurant,lodgement,
신촌수제비,37.55590152,126.9363713,restaurant,228,20,3.915,restaurant,lodgement,
신촌황소곱창 신촌본점,37.55845243,126.935063,restaurant,228,20,3.915,restaurant,lodgement,
신토불이떡볶이 본점,37.55256563,127.0904752,restaurant,90,6,4.016666666666667,restaurant,,
신토불이 장안직영점,37.57980766,127.0757999,restaurant,113,4,3.7249999999999996,restaurant,,
신화쭈꾸미,37.36010556,126.9321256,restaurant,302,1,4.1,restaurant,,
실크로드,37.57070649,127.0073283,restaurant,151,17,3.8176470588235296,restaurant,lodgement,
심원,37.64660871,127.0328399,restaurant,40,4,3.75,restaurant,,
쌍다리돼지불백 본점,37.59349908,126.9956882,restaurant,161,8,3.3499999999999996,restaurant,lodgement,
쌍대포,37.52178037,126.926579,restaurant,274,11,3.5727272727272723,restaurant,,
썬더버드 청담점,37.52612064,127.0417276,restaurant,349,26,3.773076923076923,restaurant,,
썬스마일,37.65788179,127.0152348,restaurant,30,3,3.6333333333333333,restaurant,,
썸띵어바웃커피,37.50282478,127.0277985,restaurant,321,12,3.625,restaurant,lodgement,
쎄쎄,37.63444046,127.0183444,restaurant,37,6,3.6333333333333333,restaurant,lodgement,
쎄콩데live,37.54655332,127.0423082,restaurant,78,48,3.8979166666666667,restaurant,,
쑥고개,37.50350454,126.8786492,restaurant,292,2,4.1,restaurant,,
CGV씨네드쉐프 압구정,37.52432057,127.0292748,restaurant,345,9,3.6333333333333337,restaurant,lodgement,
아구랑꽃게랑,37.56077763,127.0050818,restaurant,145,12,3.641666666666667,restaurant,lodgement,
아델라베일리,37.59516583,126.9701924,restaurant,120,9,3.6222222222222222,restaurant,lodgement,
아랜역물닭갈비 서울본점,37.55102184,127.0909634,restaurant,90,6,4.016666666666667,restaurant,,
아르모니움,37.53384237,127.001739,restaurant,174,7,3.5857142857142854,restaurant,,
아름다운차박물관,37.57237001,126.9858818,restaurant,158,57,3.7491228070175437,restaurant,lodgement,
아리랑,37.57015131,127.039786,restaurant,97,8,3.375,restaurant,,
아리랑,37.57015131,127.039786,restaurant,97,8,3.375,restaurant,,
아리수만찬,37.54532912,126.8936767,restaurant,254,1,3.8,restaurant,,
아리아,37.66062251,127.0745911,restaurant,22,1,5.0,restaurant,,
아리차이 신림점,37.4876153,126.9282723,restaurant,367,11,3.590909090909091,restaurant,,
아메리칸테이블,37.51579862,127.0657687,restaurant,335,2,3.25,restaurant,,
아방베이커리 서울숲점,37.54425146,127.044234,restaurant,78,48,3.8979166666666667,restaurant,,
아선재,37.50415093,127.0648718,restaurant,330,7,3.8428571428571425,restaurant,lodgement,
아소정 본점,37.54661901,126.9463893,restaurant,192,6,3.6833333333333336,restaurant,lodgement,
아승지,37.5078259,126.9112199,restaurant,277,6,4.166666666666667,restaurant,,
아시안쿠진 경복궁점,37.57645354,126.9719455,restaurant,246,25,3.68,restaurant,lodgement,
아시안테이블,37.58344045,126.9975093,restaurant,164,12,4.1000000000000005,restaurant,,
아야진생태찌개 본점,37.51177134,127.0547621,restaurant,336,26,3.784615384615385,restaurant,lodgement,
아야진생태찌개 역삼직영점,37.49453223,127.0393568,restaurant,316,3,3.3000000000000003,restaurant,,
아우네부대찌개&삼겹살 삼성본점,37.50929072,127.0570065,restaurant,336,26,3.784615384615385,restaurant,lodgement,
아우프글렛 금호점,37.54886635,127.02622,restaurant,169,4,3.725,restaurant,,
아이러브신당동,37.56313652,127.0148329,restaurant,150,12,3.4499999999999997,restaurant,lodgement,
아이오쓰리 에이스하이엔드성수타워점,37.54012492,127.0567788,restaurant,81,11,4.190909090909091,restaurant,,
아이해브어드림,37.49927804,127.0293431,restaurant,319,10,3.81,restaurant,lodgement,
아재왔소,37.68771149,127.0412863,restaurant,19,3,4.2,restaurant,,
아치 서울용산점,37.53198411,126.9728808,restaurant,200,9,3.3777777777777778,restaurant,,
아티초크0125,37.52372899,127.0557618,restaurant,337,7,4.228571428571429,restaurant,lodgement,
악어떡볶이,37.56066159,127.041044,restaurant,95,16,4.21875,lodgement,restaurant,
안남,37.48690128,127.0518629,restaurant,325,3,3.8000000000000003,restaurant,,
안녕브릭샌드 인사동점,37.57451499,126.9836253,restaurant,158,57,3.7491228070175437,restaurant,lodgement,
안동국시소람 인사동점,37.57358433,126.9841066,restaurant,158,57,3.7491228070175437,restaurant,lodgement,
안동반점,37.58705193,127.0189578,restaurant,139,5,3.7,restaurant,,
안동장,37.51188851,126.9174043,restaurant,276,5,3.78,restaurant,,
안동할매청국장,37.58894545,127.0046512,restaurant,163,10,4.07,restaurant,lodgement,
안씨네원조쭈꾸미 경희대직영점,37.59004109,127.054688,restaurant,110,12,3.975,restaurant,,
안짱,37.58787564,126.9426415,restaurant,248,2,4.05,restaurant,,
알라프리마,37.51353813,127.0260266,restaurant,340,4,4.15,restaurant,,
알마튜나 도곡점,37.48497024,127.0457356,restaurant,305,14,4.0285714285714285,restaurant,,
알천생태찌개,37.50896762,127.0797241,restaurant,380,27,3.559259259259259,lodgement,restaurant,
알페도,37.55378271,126.9205711,restaurant,231,17,3.7941176470588234,restaurant,lodgement,
암돼지오양식관,37.57083469,126.9856104,restaurant,158,57,3.7491228070175437,restaurant,lodgement,
암사민물장어 암사본점,37.55499397,127.1290711,restaurant,47,5,3.7399999999999998,restaurant,,
압구정곱창 본점,37.52700922,127.0356315,restaurant,347,24,3.6750000000000003,restaurant,,
압구정면옥,37.5264578,127.0290517,restaurant,346,10,4.01,restaurant,lodgement,
압구정변강쇠떡볶이,37.52095036,127.0373119,restaurant,343,21,3.7857142857142856,restaurant,lodgement,
애란궁,37.48483227,127.0978299,restaurant,387,6,3.3166666666666664,restaurant,,
애성회관,37.56240937,126.9789138,restaurant,187,22,3.772727272727273,restaurant,lodgement,
애월의밤,37.52664201,126.897337,restaurant,270,17,4.047058823529412,restaurant,,
앤트러사이트 연희점,37.5696713,126.9328528,restaurant,250,8,3.875,restaurant,,
앤헤이븐,37.51837527,127.0556764,restaurant,338,8,3.6,restaurant,,
엘리스리틀이태리,37.50863806,127.1048326,restaurant,385,10,3.9799999999999995,restaurant,,
야마토텐동,37.58609814,127.0302251,restaurant,100,9,3.822222222222222,restaurant,,
야바이,37.55807016,126.9346061,restaurant,228,20,3.915,restaurant,lodgement,
양반댁,37.5722619,126.9858864,restaurant,158,57,3.7491228070175437,restaurant,lodgement,
양연화로 종로직영점,37.56924904,126.9864937,restaurant,158,57,3.7491228070175437,restaurant,lodgement,
양인환대,37.53018322,126.9700475,restaurant,198,9,4.0,restaurant,lodgement,
양인환대,37.53018322,126.9700475,restaurant,198,9,4.0,restaurant,lodgement,
양재해장국,37.46815555,127.0409697,restaurant,309,4,3.325,restaurant,,
양지촌,37.59657557,126.8667172,restaurant,222,1,4.8,restaurant,,
양천뼈다귀 본점,37.52580903,126.8744816,restaurant,260,3,4.166666666666667,restaurant,,
양천옥설렁탕,37.53769412,126.8639029,restaurant,258,1,4.2,restaurant,,
양촌리 도곡점,37.48551166,127.0435876,restaurant,305,14,4.0285714285714285,restaurant,,
양평해장국,37.47941866,126.853103,restaurant,294,1,3.4,restaurant,,
양푼이포차,37.56440785,127.0206725,restaurant,149,4,3.925,restaurant,,
양화정,37.54939508,126.9119922,restaurant,238,7,3.814285714285714,restaurant,,
어가,37.4869817,126.8560167,restaurant,295,1,3.2,restaurant,,
어거스트힐 강남점,37.50337623,127.0276132,restaurant,321,12,3.625,restaurant,lodgement,
어글리베이커리,37.55502174,126.9060553,restaurant,240,5,3.9,restaurant,,
어니언 성수,37.5447824,127.0582081,restaurant,85,19,3.857894736842105,restaurant,,
어니언 안국,37.5776319,126.9865737,restaurant,155,14,3.7642857142857147,restaurant,lodgement,
어라운드데이,37.54686183,127.0412696,restaurant,78,48,3.8979166666666667,restaurant,,
어머니대성집,37.57741837,127.0285847,restaurant,99,8,3.5625,restaurant,lodgement,
어머니족발,37.51017344,127.0575523,restaurant,336,26,3.784615384615385,restaurant,lodgement,
어반클리프,37.54739865,126.9840579,restaurant,180,5,4.04,restaurant,,
어반플랜트 합정,37.54789417,126.9171881,restaurant,237,7,4.1,restaurant,,
어성,37.52573778,127.0329475,restaurant,346,10,4.01,restaurant,lodgement,
어썸로즈 가로수길점,37.52091456,127.0220043,restaurant,339,27,3.7629629629629626,restaurant,lodgement,
어양,37.51647545,127.1140646,restaurant,51,10,3.7600000000000002,restaurant,lodgement,
어페어커피,37.53669654,127.0550473,restaurant,81,11,4.190909090909091,restaurant,,
억조1978,37.51935556,126.8723454,restaurant,263,3,3.8666666666666667,restaurant,,
언구비육회 신논현점,37.50559211,127.0218845,restaurant,320,6,3.633333333333333,restaurant,lodgement,
언노운다이너,37.48418646,127.0454864,restaurant,305,14,4.0285714285714285,restaurant,,
언플러그드,37.55483318,126.9288972,restaurant,227,9,3.688888888888889,restaurant,lodgement,
얼스어스 연남,37.56412163,126.9232562,restaurant,236,15,3.9,restaurant,lodgement,
얼큰수제비,37.56275857,126.982032,restaurant,186,43,3.511627906976744,restaurant,lodgement,
엄마손떡볶이,37.57894178,126.9241636,restaurant,251,4,4.35,restaurant,,
엄마손칼국수,37.53005523,126.921068,restaurant,271,9,3.744444444444445,restaurant,lodgement,
업사이드커피 뚝섬점,37.54875222,127.045899,restaurant,77,19,4.005263157894737,restaurant,,
업사이드커피 뚝섬점,37.54875222,127.045899,restaurant,77,19,4.005263157894737,restaurant,,
에도긴,37.49688432,127.0318492,restaurant,318,8,3.55,restaurant,,
에드엣,37.52205352,127.0215047,restaurant,339,27,3.7629629629629626,restaurant,lodgement,
에르제 성수,37.54389455,127.0589316,restaurant,85,19,3.857894736842105,restaurant,,
에버그린,37.55948338,126.9082228,restaurant,241,9,3.744444444444445,restaurant,lodgement,
에베레스트,37.51598503,126.906093,restaurant,266,13,3.4615384615384617,restaurant,lodgement,
에베레스트커리월드 레스토랑,37.57208197,127.0115689,restaurant,151,17,3.8176470588235296,restaurant,lodgement,
에빗,37.5233834,127.0362339,restaurant,343,21,3.7857142857142856,restaurant,lodgement,
에이치커피로스터스,37.54918279,127.0505616,restaurant,77,19,4.005263157894737,restaurant,,
에페매스,37.51373578,126.8980695,restaurant,264,3,4.333333333333333,restaurant,,
에프터워크33,37.57655114,126.991179,restaurant,157,27,3.6037037037037036,restaurant,lodgement,
엔그릴,37.55127974,126.9882397,restaurant,179,4,3.6,restaurant,,
엘 샌드위치,37.57505081,126.981763,restaurant,156,15,3.5933333333333333,restaurant,lodgement,
엘더버거 성수,37.54631431,127.0429814,restaurant,78,48,3.8979166666666667,restaurant,,
엘림들깨수제비칼국수,37.63999496,127.011806,restaurant,33,1,4.4,restaurant,,
엘몰리노,37.547434,127.0411692,restaurant,78,48,3.8979166666666667,restaurant,,
엠브로돈까스 신촌점,37.55786307,126.9382167,restaurant,228,20,3.915,restaurant,lodgement,
여기가전집,37.53710221,127.0652171,restaurant,87,3,4.0,restaurant,lodgement,
여기가좋겠네,37.59261865,127.0531047,restaurant,110,12,3.975,restaurant,,
여수오동도,37.5021541,127.0583423,restaurant,331,10,3.75,restaurant,lodgement,
여의도양꼬치,37.52159298,126.9265973,restaurant,274,11,3.5727272727272723,restaurant,,
여의도생고기 내곡점,37.45823531,127.0825457,restaurant,377,1,4.0,restaurant,,
호텔부티크나인,37.57638985,127.0268126,restaurant,99,8,3.5625,restaurant,lodgement,
여진곱,37.57307846,126.9882702,restaurant,157,27,3.6037037037037036,restaurant,lodgement,
역삼동북어집,37.49859121,127.0367308,restaurant,323,10,3.7399999999999998,restaurant,,
역전회관,37.54292158,126.9470075,restaurant,191,8,3.9375,restaurant,lodgement,
역촌왕돈까스 역촌본점,37.60763262,126.9236453,restaurant,130,13,3.8076923076923075,lodgement,restaurant,
연경 연희점,37.57056463,126.9336331,restaurant,250,8,3.875,restaurant,,
더티캐디,37.56630045,126.9208509,restaurant,235,6,4.283333333333334,restaurant,lodgement,
연남서식당,37.53913943,127.1279463,restaurant,57,6,3.8166666666666664,restaurant,,
연남장,37.56432979,126.9275831,restaurant,236,15,3.9,restaurant,lodgement,
연남토마 성수점,37.54703446,127.0422994,restaurant,78,48,3.8979166666666667,restaurant,,
연변냉면,37.49301657,126.897383,restaurant,286,5,3.78,restaurant,,
연변냉면 대림2호점,37.49266923,126.895832,restaurant,286,5,3.78,restaurant,,
미스터연지동순두부,37.57148427,127.0013086,restaurant,144,20,3.595,restaurant,,
연천왕소갈비,37.61372474,126.9103059,restaurant,126,2,3.6,restaurant,,
연화산,37.50729912,127.0613571,restaurant,331,10,3.75,restaurant,lodgement,
연희김밥 본점,37.56806011,126.929403,restaurant,249,8,3.85,restaurant,,
연희동칼국수 본점,37.56822399,126.9307487,restaurant,249,8,3.85,restaurant,,
열빈,37.5208642,126.9313129,restaurant,274,11,3.5727272727272723,restaurant,,
열정도쭈꾸미,37.53900824,126.9689634,restaurant,199,2,3.95,restaurant,,
영동교집 청담직영점,37.52264318,127.0405413,restaurant,349,26,3.773076923076923,restaurant,,
영동장어,37.52031666,127.0353388,restaurant,343,21,3.7857142857142856,restaurant,lodgement,
영동설렁탕,37.51615083,127.017372,restaurant,341,6,3.6999999999999997,restaurant,lodgement,
영동올뱅이집,37.47773421,127.0480895,restaurant,308,5,4.1,restaurant,lodgement,
영동족발 4호점,37.48404478,127.0385192,restaurant,306,10,3.9299999999999997,restaurant,,
영등포복집,37.51854338,126.9066022,restaurant,266,13,3.4615384615384617,restaurant,lodgement,
영스낵,37.64984112,127.0763696,restaurant,23,1,3.7,restaurant,,
영양센타,37.52768363,127.0398245,restaurant,347,24,3.6750000000000003,restaurant,,
영일분식,37.5162916,126.889682,restaurant,265,7,3.6999999999999997,restaurant,,
영화장,37.59657923,127.0609434,restaurant,109,4,4.25,restaurant,,
예담한정식,37.50100371,127.0318917,restaurant,323,10,3.7399999999999998,restaurant,,
예쁜돼지,37.47932554,126.8844577,restaurant,290,3,3.9333333333333336,restaurant,,
옛골토성,37.43045828,127.0709127,restaurant,378,1,4.0,restaurant,,
옛날소머리국밥집,37.49254104,127.0162369,restaurant,315,9,3.511111111111111,restaurant,lodgement,
옛날연길냉면,37.57024947,127.0102216,restaurant,151,17,3.8176470588235296,restaurant,lodgement,
옛날중국집,37.50006999,126.8822872,restaurant,292,2,4.1,restaurant,,
옛날집,37.54851154,126.8639217,restaurant,257,3,3.4666666666666663,restaurant,,
옛날집낙원아구찜,37.57348388,126.9880098,restaurant,157,27,3.6037037037037036,restaurant,lodgement,
옛날집참숯구이,37.55652958,126.9256757,restaurant,232,10,4.0,restaurant,lodgement,
옛맛서울불고기,37.54690335,126.9317111,restaurant,230,1,3.5,restaurant,,
옛찻집,37.57353765,126.9854333,restaurant,158,57,3.7491228070175437,restaurant,lodgement,
오거트 아현점,37.55687441,126.9511082,restaurant,193,7,4.271428571428571,restaurant,lodgement,
오계절남원추어탕,37.58095255,126.9359085,restaurant,252,3,4.3,restaurant,lodgement,
오곰커피 한강성심병원점,37.52291794,126.9103321,restaurant,267,11,3.4,restaurant,lodgement,
오구반점,37.56652477,126.9898729,restaurant,142,29,3.706896551724138,restaurant,lodgement,
오근내7닭갈비 성수낙낙점,37.54662616,127.0661556,restaurant,79,9,3.988888888888889,restaurant,lodgement,
오근내2닭갈비,37.52507698,126.9627811,restaurant,197,4,3.825,restaurant,,
오금버드나무집,37.50306842,127.1378076,restaurant,393,2,3.95,restaurant,,
오늘손칼국수앤찜 강동본점,37.52913994,127.1345973,restaurant,58,3,3.9333333333333336,restaurant,,
오다리집,37.56143161,126.9834754,restaurant,186,43,3.511627906976744,restaurant,lodgement,
오뜨로 성수,37.54409113,127.0464585,restaurant,78,48,3.8979166666666667,restaurant,,
오라이등심,37.57017963,127.0013991,restaurant,144,20,3.595,restaurant,,
오레노라멘 합정본점,37.54725762,126.9178372,restaurant,237,7,4.1,restaurant,,
오레노카츠 성수본점,37.5447359,127.0495176,restaurant,83,28,3.8535714285714286,restaurant,,
오로라베이커리 성수점,37.54349855,127.0580543,restaurant,85,19,3.857894736842105,restaurant,,
오리지널팬케이크하우스 가로수길점,37.52092273,127.0216638,restaurant,339,27,3.7629629629629626,restaurant,lodgement,
오리지널팬케이크하우스 도곡점,37.48749705,127.0470544,restaurant,305,14,4.0285714285714285,restaurant,,
오리지널팬케이크하우스 이태원점,37.53467383,126.9935113,restaurant,170,20,3.8850000000000002,restaurant,lodgement,
오만지아,37.53397352,127.0098568,restaurant,176,10,4.0,restaurant,,
오모리찌개 잠실본점,37.50801159,127.1041214,restaurant,385,10,3.9799999999999995,restaurant,,
오미가,37.52283065,127.0278964,restaurant,345,9,3.6333333333333337,restaurant,lodgement,
오박사네왕돈까스 본점,37.59259996,126.9989628,restaurant,162,7,3.1285714285714286,restaurant,,
오발탄 송파점,37.50902009,127.1334211,restaurant,394,2,3.6,restaurant,,
오버도즈도넛앤커피,37.54664359,127.0466355,restaurant,78,48,3.8979166666666667,restaurant,,
오버스토리,37.59868977,126.9996716,restaurant,162,7,3.1285714285714286,restaurant,,
오복함흥냉면,37.54348538,126.9728755,restaurant,202,11,3.6727272727272724,restaurant,lodgement,
오선채,37.48477274,127.0386778,restaurant,306,10,3.9299999999999997,restaurant,,
오소리순대 본점,37.59055787,127.0371745,restaurant,136,3,3.033333333333333,restaurant,lodgement,
오스테리아 오르조 한남,37.53488536,127.0094926,restaurant,176,10,4.0,restaurant,,
오아시스 잠실점,37.51748444,127.1034446,restaurant,384,8,3.5375,restaurant,,
오아시스 한남점,37.53659762,126.9979634,restaurant,175,15,3.533333333333333,restaurant,lodgement,
오양회참치,37.56887613,126.9758218,restaurant,184,33,3.590909090909091,restaurant,lodgement,
오엔 카페앤레스토랑,37.52770254,127.0176643,restaurant,177,1,2.4,restaurant,,
오엔엘커뮤니케이션,37.52380303,127.0471281,restaurant,348,17,3.841176470588235,restaurant,lodgement,
오우가,37.56187896,126.9870971,restaurant,186,43,3.511627906976744,restaurant,lodgement,
오우가,37.56187896,126.9870971,restaurant,186,43,3.511627906976744,restaurant,lodgement,
오장동함흥냉면,37.56427091,126.9998778,restaurant,146,11,3.772727272727273,restaurant,lodgement,
오코노미스토리,37.51216402,126.9376549,restaurant,360,10,3.81,restaurant,,
투오프커피,37.49528627,127.033866,restaurant,318,8,3.55,restaurant,,
오향가 가락본점,37.49675775,127.1214123,restaurant,400,7,3.585714285714286,restaurant,lodgement,
오향족발,37.48496958,127.1216985,restaurant,392,6,4.083333333333333,restaurant,,
옥경이네건생선,37.56609471,127.0195365,restaurant,149,4,3.925,restaurant,,
옥돌현옥,37.50151139,127.1240754,restaurant,396,3,3.3000000000000003,restaurant,lodgement,
옥동식 서교점,37.55267657,126.9145211,restaurant,231,17,3.7941176470588234,restaurant,lodgement,
옥류헌릴렉스,37.6699827,127.0077847,restaurant,28,3,3.0,restaurant,lodgement,
옥소반 마곡본점,37.56054841,126.832715,restaurant,204,5,4.2,restaurant,lodgement,
옥수해물찜칼국수,37.54162027,127.0178238,restaurant,167,5,3.44,restaurant,,
옥인피자,37.51356225,127.1035794,restaurant,384,8,3.5375,restaurant,,
옥정,37.54350549,127.015543,restaurant,167,5,3.44,restaurant,,
옥천매운족발 본점,37.57317758,127.0115577,restaurant,151,17,3.8176470588235296,restaurant,lodgement,
온량,37.5080242,127.1100932,restaurant,385,10,3.9799999999999995,restaurant,,
온마을,37.5866718,126.9815598,restaurant,160,18,3.322222222222222,restaurant,lodgement,
온정돈까스 본점,37.48354757,126.9091072,restaurant,284,2,3.45,restaurant,,
온정텐동,37.5593011,126.9257635,restaurant,236,15,3.9,restaurant,lodgement,
온천집 익선,37.57409672,126.9897892,restaurant,157,27,3.6037037037037036,restaurant,lodgement,
올드델리 수유점,37.63930059,127.0266437,restaurant,36,2,3.55,restaurant,,
올드페리도넛 연남점,37.55900399,126.9232942,restaurant,233,9,3.8666666666666663,restaurant,lodgement,
올로지,37.56612241,127.0208925,restaurant,149,4,3.925,restaurant,,
옳음,37.53720466,126.9634313,restaurant,201,6,4.033333333333333,restaurant,,
옷살 서울대입구본점,37.47976372,126.9529991,restaurant,371,5,3.7600000000000002,restaurant,,
옹근달,37.54271255,127.0529901,restaurant,83,28,3.8535714285714286,restaurant,,
와가리피순대 본점,37.57811771,127.027908,restaurant,99,8,3.5625,restaurant,lodgement,
한강와이키키,37.55889622,126.8886606,restaurant,225,1,3.9,restaurant,,
완산정,37.48165968,126.9535948,restaurant,371,5,3.7600000000000002,restaurant,,
완차이,37.55871422,126.9393908,restaurant,228,20,3.915,restaurant,lodgement,
왕대박지지미촌 본점,37.55900184,126.9791706,restaurant,188,13,3.523076923076923,restaurant,lodgement,
왕돈까스&왕냉면,37.50346144,126.9214104,restaurant,281,2,3.5,restaurant,lodgement,
왕돈까스 왕냉면,37.4835512,127.0379762,restaurant,306,10,3.9299999999999997,restaurant,,
왕비집 종로직영점,37.56893546,126.9861858,restaurant,158,57,3.7491228070175437,restaurant,lodgement,
왕뼈해장국 고척점,37.50641737,126.8598202,restaurant,296,2,2.9,restaurant,,
왕스덕 논현점,37.51713646,127.0230201,restaurant,339,27,3.7629629629629626,restaurant,lodgement,
왕의장어,37.5093091,127.0861397,restaurant,380,27,3.559259259259259,lodgement,restaurant,
외고집설렁탕,37.51101489,127.0539019,restaurant,336,26,3.784615384615385,restaurant,lodgement,
외래향 서울대점,37.48182055,126.9503838,restaurant,371,5,3.7600000000000002,restaurant,,
외양간,37.54729493,126.9237612,restaurant,229,8,3.7625,restaurant,,
요리하는남자,37.48215128,126.940719,restaurant,370,2,4.0,restaurant,,
용금옥,37.56766245,126.9805084,restaurant,184,33,3.590909090909091,restaurant,lodgement,
용두동복집,37.57747714,127.0313311,restaurant,99,8,3.5625,restaurant,lodgement,
용두동쭈꾸미 본점,37.57718529,127.0310683,restaurant,99,8,3.5625,restaurant,lodgement,
용두동쭈꾸미 본점,37.57718529,127.0310683,restaurant,99,8,3.5625,restaurant,lodgement,
용마해장국,37.59457747,127.102283,restaurant,70,2,4.55,restaurant,,
용문집,37.53435481,127.0672739,restaurant,87,3,4.0,restaurant,lodgement,
용호야채곱창,37.53863839,126.9613351,restaurant,201,6,4.033333333333333,restaurant,,
우가,37.47155139,126.9331984,restaurant,365,2,4.1,restaurant,,
우가육회불고기,37.57033101,126.9996038,restaurant,144,20,3.595,restaurant,,
우뇽파스타뚝배기스파게티,37.51199784,126.9440479,restaurant,360,10,3.81,restaurant,,
우다움 신용산점,37.5300347,126.9706302,restaurant,198,9,4.0,restaurant,lodgement,
우돈청,37.52666289,127.0367672,restaurant,347,24,3.6750000000000003,restaurant,,
우동카덴 연희점,37.57240343,126.9350238,restaurant,250,8,3.875,restaurant,,
우드멜로우,37.56305721,127.1550972,restaurant,45,3,3.6999999999999997,restaurant,,
우들목 서초점,37.49128408,127.0302547,restaurant,317,10,4.05,restaurant,lodgement,
우래옥 본점,37.56821186,126.9987187,restaurant,143,6,3.633333333333333,restaurant,lodgement,
우리강산,37.51315125,127.1225518,restaurant,395,6,3.516666666666667,restaurant,,
우리밀국시,37.59266122,126.9984555,restaurant,162,7,3.1285714285714286,restaurant,,
우리바다수산,37.55772159,126.908947,restaurant,241,9,3.744444444444445,restaurant,lodgement,
우리설렁탕,37.24440918,127.2118432,restaurant,15,1,3.5,restaurant,,
우리집떡볶이,37.56266078,127.0149358,restaurant,150,12,3.4499999999999997,restaurant,lodgement,
우리회포차 사당점,37.47828752,126.9806277,restaurant,350,7,3.8857142857142857,restaurant,,
우마이도 건대점,37.54304056,127.0716891,restaurant,88,12,4.083333333333333,restaurant,,
우묵배미 신림점,37.48288806,126.9217316,restaurant,366,2,3.65,restaurant,,
투뿔한우우미옥,37.56330598,126.9857658,restaurant,186,43,3.511627906976744,restaurant,lodgement,
우성갈비,37.55319713,127.0111586,restaurant,165,7,3.357142857142857,restaurant,lodgement,
우성식당,37.47433856,127.0312055,restaurant,310,4,4.0,restaurant,,
우앤,37.52244014,127.0328556,restaurant,344,8,4.1875,restaurant,,
우오보,37.4818895,127.0438795,restaurant,305,14,4.0285714285714285,restaurant,,
우정,37.53837521,126.9610886,restaurant,201,6,4.033333333333333,restaurant,,
우정낙지,37.65326396,127.059078,restaurant,24,4,3.5,restaurant,,
우정양곱창,37.51843321,127.0301073,restaurant,344,8,4.1875,restaurant,,
우주제빵소,37.57150878,126.8383651,restaurant,203,3,3.1999999999999997,restaurant,,
우진가더챔버스 역삼점,37.50321851,127.0375881,restaurant,324,15,3.5266666666666664,restaurant,lodgement,
우참판 서래본점,37.4970652,126.9980866,restaurant,354,12,3.8166666666666664,restaurant,,
우천식육식당 청담본점,37.52381737,127.0516169,restaurant,337,7,4.228571428571429,restaurant,lodgement,
우첼로 더케이서울호텔,37.46625336,127.0327948,restaurant,303,1,5.0,restaurant,,
우텐더 서울점,37.52696952,127.0358125,restaurant,347,24,3.6750000000000003,restaurant,,
운산,37.54841839,127.0608521,restaurant,79,9,3.988888888888889,restaurant,lodgement,
울프강스테이크하우스,37.52439983,127.0414156,restaurant,349,26,3.773076923076923,restaurant,,
워킹온더클라우드,37.52646936,127.0330791,restaurant,346,10,4.01,restaurant,lodgement,
웍셔너리 도산,37.52387824,127.0384967,restaurant,347,24,3.6750000000000003,restaurant,,
원강,37.5107211,127.0240802,restaurant,342,4,3.875,restaurant,,
원곱창,37.56504095,127.0367498,restaurant,95,16,4.21875,lodgement,restaurant,
원기옥,37.54639385,127.0658895,restaurant,79,9,3.988888888888889,restaurant,lodgement,
원당감자탕 명동2호점 (휴업중),37.56116124,126.9829865,restaurant,186,43,3.511627906976744,restaurant,lodgement,
원대구탕,37.57273544,126.9732804,restaurant,242,17,3.6176470588235294,restaurant,lodgement,
원두막,37.56409232,126.9932315,restaurant,141,17,3.552941176470588,restaurant,lodgement,
원마산아구찜 홍제점,37.58440051,126.9484952,restaurant,248,2,4.05,restaurant,,
원양참치 영등포구청점,37.52645473,126.897482,restaurant,270,17,4.047058823529412,restaurant,,
원조수구레,37.56087608,126.8202508,restaurant,218,4,4.125,restaurant,,
원조조박집 본관,37.53997206,126.9438663,restaurant,190,10,3.62,restaurant,,
원조남산왕돈까스,37.55738107,126.9861065,restaurant,185,19,3.621052631578947,lodgement,restaurant,
원조남산왕돈까스 명동본점,37.56468964,126.9836331,restaurant,183,27,3.596296296296296,restaurant,lodgement,
원조닭한마리,37.53962052,126.9474568,restaurant,190,10,3.62,restaurant,,
미소복 원조양평해장국 직영점,37.61693836,126.9187426,restaurant,125,2,3.85,restaurant,,
원조할머니두부집,37.60817589,126.9576161,restaurant,121,4,3.7,restaurant,,
원조할아버지손두부,37.5540575,127.0941619,restaurant,90,6,4.016666666666667,restaurant,,
원조호수삼계탕 본점,37.50260015,126.9043964,restaurant,279,2,3.4,restaurant,,
원조홍어전문 본점,37.51069148,126.9117413,restaurant,277,6,4.166666666666667,restaurant,,
월래순교자관,37.4802731,126.8898107,restaurant,289,2,3.35,restaurant,,
월순철판동태찜,37.56721927,126.9290518,restaurant,249,8,3.85,restaurant,,
웨스틴조선서울 홍연,37.56444042,126.9800972,restaurant,183,27,3.596296296296296,restaurant,lodgement,
배제현의웰빙 낙지한마리수제비 강남신사본점,37.51751616,127.0209717,restaurant,339,27,3.7629629629629626,restaurant,lodgement,
위대한밥상영광,37.50320773,127.0235191,restaurant,320,6,3.633333333333333,restaurant,lodgement,
유니네고깃간 강남역점,37.50061644,127.0276823,restaurant,321,12,3.625,restaurant,lodgement,
유닭스토리 닭한마리 신촌점,37.55707876,126.9373685,restaurant,228,20,3.915,restaurant,lodgement,
유래회관,37.5664489,127.0315664,restaurant,96,3,4.133333333333334,restaurant,,
유미식당 본점,37.54464128,126.9688999,restaurant,202,11,3.6727272727272724,restaurant,lodgement,
유스커피,33.48443727,126.5401313,restaurant,3,1,4.3,restaurant,,
유어네이키드치즈,37.54668375,127.0453104,restaurant,78,48,3.8979166666666667,restaurant,,
유정식당,37.54874061,126.8672822,restaurant,257,3,3.4666666666666663,restaurant,,
유즈라멘 만리동점,37.55681539,126.9682384,restaurant,182,8,3.7,restaurant,lodgement,
유즈풀아뜰리에,37.54698644,127.0404662,restaurant,78,48,3.8979166666666667,restaurant,,
유진막국수,37.52843793,126.992393,restaurant,170,20,3.8850000000000002,restaurant,lodgement,
유진식당,37.57204232,126.9883179,restaurant,157,27,3.6037037037037036,restaurant,lodgement,
유천냉면 본점,37.52851676,127.1155899,restaurant,54,1,3.3,restaurant,,
유타로 논현점,37.50834611,127.0347032,restaurant,322,6,3.733333333333333,restaurant,lodgement,
육병장,37.51032748,127.0820047,restaurant,380,27,3.559259259259259,lodgement,restaurant,
육영토종한우 본점,37.52866273,126.8981182,restaurant,270,17,4.047058823529412,restaurant,,
육회자매집 본점1호점,37.57055085,126.9998868,restaurant,144,20,3.595,restaurant,,
윤공,37.47720167,126.9798649,restaurant,350,7,3.8857142857142857,restaurant,,
윤화돈까스,37.49340649,127.0430336,restaurant,316,3,3.3000000000000003,restaurant,,
으뜸청담맛집,37.51829968,127.0424393,restaurant,334,10,3.8800000000000003,restaurant,,
으뜸회,37.54386336,127.1428818,restaurant,44,2,3.7,restaurant,,
은성회집,37.57040309,127.0001494,restaurant,144,20,3.595,restaurant,,
은애마당,37.51211732,126.9148117,restaurant,277,6,4.166666666666667,restaurant,,
은&정명동닭갈비,37.5646316,126.9842291,restaurant,183,27,3.596296296296296,restaurant,lodgement,
은주정,37.56867047,126.9997566,restaurant,143,6,3.633333333333333,restaurant,lodgement,
은하곱창,37.57812914,127.0564453,restaurant,107,3,3.966666666666667,restaurant,,
은호식당 남대문본점,37.55901225,126.9770021,restaurant,188,13,3.523076923076923,restaurant,lodgement,
을밀대컵냉면 역삼점,37.49817767,127.0336456,restaurant,318,8,3.55,restaurant,,
을밀대 잠실점,37.5128179,127.108735,restaurant,386,21,3.842857142857143,restaurant,lodgement,
을밀대 본점,37.54748717,126.9455287,restaurant,192,6,3.6833333333333336,restaurant,lodgement,
을지다방,37.56616181,126.9917802,restaurant,142,29,3.706896551724138,restaurant,lodgement,
원형들,37.56251931,126.9963215,restaurant,141,17,3.552941176470588,restaurant,lodgement,
응순가재골수제비,37.67443353,127.0606216,restaurant,18,3,3.233333333333333,restaurant,,
불광천왕돈까스,37.59443212,126.915574,restaurant,133,4,3.4,restaurant,,
이가네가마솥설렁탕,37.60751796,126.924676,restaurant,130,13,3.8076923076923075,lodgement,restaurant,
이가면옥,37.57647478,126.9703946,restaurant,246,25,3.68,restaurant,lodgement,
이가바지락칼국수,37.57460794,127.0153231,restaurant,148,9,3.688888888888889,restaurant,lodgement,
이강순실비집 본점,37.56857324,126.986032,restaurant,158,57,3.7491228070175437,restaurant,lodgement,
이공김밥 안암본점,37.58236756,127.0284847,restaurant,100,9,3.822222222222222,restaurant,,
이끼롤까스 가로수길본점,37.51874626,127.0244561,restaurant,339,27,3.7629629629629626,restaurant,lodgement,
이닝,37.52240145,127.0412855,restaurant,349,26,3.773076923076923,restaurant,,
이대포사골부대찌개,37.55526902,126.9270305,restaurant,227,9,3.688888888888889,restaurant,lodgement,
이랑칼국수,37.50681463,127.1085985,restaurant,385,10,3.9799999999999995,restaurant,,
이모네순대국전문,37.54861864,127.0214014,restaurant,169,4,3.725,restaurant,,
이모집,37.55134788,126.9561817,restaurant,194,4,4.325,restaurant,,
이문설농탕,37.57273376,126.9839076,restaurant,158,57,3.7491228070175437,restaurant,lodgement,
이봉,37.50653701,127.0628041,restaurant,331,10,3.75,restaurant,lodgement,
이북만두,37.56725486,126.9785571,restaurant,184,33,3.590909090909091,restaurant,lodgement,
이설함흥냉면 수유본점,37.64733638,127.0096633,restaurant,32,3,3.1666666666666665,restaurant,,
이성원쉐프의청년감자탕순대국 방이동본점,37.51029435,127.1133528,restaurant,386,21,3.842857142857143,restaurant,lodgement,
이솔라,37.51174879,126.9949656,restaurant,359,1,3.4,restaurant,,
이수족발,37.47744747,126.9846561,restaurant,350,7,3.8857142857142857,restaurant,,
이엔갤러리,37.61316415,126.9707606,restaurant,122,2,4.8,restaurant,,
이요이요스시 공덕1호점,37.55014283,126.9527648,restaurant,194,4,4.325,restaurant,,
이이요,37.55518592,127.0789042,restaurant,89,3,4.133333333333333,restaurant,,
이조,37.4847417,127.017765,restaurant,313,5,3.94,restaurant,,
이조면옥,37.5683947,126.8421808,restaurant,203,3,3.1999999999999997,restaurant,,
이조칼국수,37.55756501,126.968211,restaurant,182,8,3.7,restaurant,lodgement,
이채카페,37.57867338,126.9859123,restaurant,155,14,3.7642857142857147,restaurant,lodgement,
이촌동면옥 이촌직영점,37.52055536,126.9675887,restaurant,196,4,4.125,restaurant,,
이치에,37.52537236,127.0376806,restaurant,347,24,3.6750000000000003,restaurant,,
이태리차차,37.5435171,127.0510557,restaurant,83,28,3.8535714285714286,restaurant,,
이포크,37.5845463,127.0518875,restaurant,108,7,4.114285714285715,restaurant,lodgement,
이한스시,37.52159913,126.8903507,restaurant,265,7,3.6999999999999997,restaurant,,
원조 이화감자국,37.587454,126.9169258,restaurant,132,5,2.88,restaurant,,
이화만두,37.5032612,127.0392845,restaurant,324,15,3.5266666666666664,restaurant,lodgement,
익선동그집,37.57411111,126.9894768,restaurant,157,27,3.6037037037037036,restaurant,lodgement,
인더매스 왕십리,37.56526068,127.0398649,restaurant,95,16,4.21875,lodgement,restaurant,
인더베이글,37.59230609,127.0508761,restaurant,110,12,3.975,restaurant,,
인량 훠궈,37.51401662,127.0212286,restaurant,341,6,3.6999999999999997,restaurant,lodgement,
옥정,37.54350549,127.015543,restaurant,167,5,3.44,restaurant,,
인사동촌,37.5179413,127.0217184,restaurant,339,27,3.7629629629629626,restaurant,lodgement,
인사동그집,37.57451783,126.9846113,restaurant,158,57,3.7491228070175437,restaurant,lodgement,
인사동마늘보쌈,37.5739522,126.9861713,restaurant,158,57,3.7491228070175437,restaurant,lodgement,
사과나무,37.51208561,127.0841839,restaurant,380,27,3.559259259259259,lodgement,restaurant,
초당다실,37.5739447,126.9838937,restaurant,158,57,3.7491228070175437,restaurant,lodgement,
큰집식품,37.56481781,126.9996401,restaurant,146,11,3.772727272727273,restaurant,lodgement,
인생한우,37.57014823,127.0382013,restaurant,97,8,3.375,restaurant,,
대충유원지 인왕산,37.58009367,126.9688218,restaurant,245,12,3.475,restaurant,lodgement,
더숲초소책방,37.58594884,126.9642679,restaurant,247,1,3.5,restaurant,,
인천집,37.56780943,126.9812554,restaurant,184,33,3.590909090909091,restaurant,lodgement,
인크커피 가산점,37.47933984,126.8780732,restaurant,290,3,3.9333333333333336,restaurant,,
일등식당,37.56054708,126.9043394,restaurant,241,9,3.744444444444445,restaurant,lodgement,
일미간장게장,37.57086353,127.0713965,restaurant,104,7,3.685714285714286,restaurant,lodgement,
일미리금계찜닭 명동점,37.56552757,126.9836556,restaurant,183,27,3.596296296296296,restaurant,lodgement,
일미원,37.4860417,127.0996632,restaurant,387,6,3.3166666666666664,restaurant,,
일미장어,37.55215781,126.9743142,restaurant,178,9,4.066666666666666,restaurant,lodgement,
일방통행국물즉석떡볶이&화덕피자,37.52831676,127.1244309,restaurant,53,6,3.9166666666666665,restaurant,lodgement,
일송칼국수,37.58657408,126.9967755,restaurant,164,12,4.1000000000000005,restaurant,,
일식신태평양,37.49436032,127.0150963,restaurant,315,9,3.511111111111111,restaurant,lodgement,
일심정,37.54627393,127.0574194,restaurant,85,19,3.857894736842105,restaurant,,
일품당프리미엄,37.57276084,126.9740456,restaurant,242,17,3.6176470588235294,restaurant,lodgement,
일품당프리미엄,37.57276084,126.9740456,restaurant,242,17,3.6176470588235294,restaurant,lodgement,
임현숙의이화김치찌개,37.60132872,127.0744458,restaurant,74,2,4.0,restaurant,,
입큰오리 대림본점,37.49250682,126.8966012,restaurant,286,5,3.78,restaurant,,
잇쇼우,37.50661133,127.0484745,restaurant,332,6,3.5,restaurant,,
잇텐고,37.54924974,126.909247,restaurant,238,7,3.814285714285714,restaurant,,
자연석돌구이,37.52064463,127.0353299,restaurant,343,21,3.7857142857142856,restaurant,lodgement,
자연의길,37.46607792,127.0406577,restaurant,309,4,3.325,restaurant,,
원조자원대구탕,37.53472073,126.9741267,restaurant,200,9,3.3777777777777778,restaurant,,
자인뭉티기,37.48518196,127.0321337,restaurant,306,10,3.9299999999999997,restaurant,,
자코비버거 이태원점,37.54179755,126.9874219,restaurant,171,5,3.54,restaurant,,
자하손만두,37.59312126,126.9660445,restaurant,120,9,3.6222222222222222,restaurant,lodgement,
자하싸리집,37.60681177,126.9601345,restaurant,121,4,3.7,restaurant,,
작당모의,37.56060913,126.9254181,restaurant,236,15,3.9,restaurant,lodgement,
작은공간,37.60316159,127.0648467,restaurant,76,2,4.0,restaurant,,
잘루스,37.56560961,127.0064065,restaurant,152,19,3.9,restaurant,lodgement,
잘빠진메밀 서촌점,37.57966895,126.970982,restaurant,245,12,3.475,restaurant,lodgement,
잠두봉더나인,37.54508203,126.9084769,restaurant,238,7,3.814285714285714,restaurant,,
잡어향기,37.52617914,127.0530915,restaurant,337,7,4.228571428571429,restaurant,lodgement,
장군갈비,37.55476131,127.0881522,restaurant,90,6,4.016666666666667,restaurant,,
장군보쌈,37.50643877,126.9070776,restaurant,278,2,4.65,restaurant,,
장금이전집,37.56176373,126.9880886,restaurant,186,43,3.511627906976744,restaurant,lodgement,
장꼬방묵은김치찌개전문,37.48688687,127.0236542,restaurant,313,5,3.94,restaurant,,
장미삼계탕 태릉본점,37.625859,127.0800017,restaurant,60,2,4.4,restaurant,,
장수갈비,37.5311424,127.0753128,restaurant,86,3,3.533333333333333,restaurant,,
장수마늘보쌈,37.63574707,127.0338072,restaurant,41,2,4.3,restaurant,,
24시장수설렁탕해장국,37.5054946,127.0831405,restaurant,380,27,3.559259259259259,lodgement,restaurant,
장수원,37.53465445,126.817389,restaurant,219,1,2.8,restaurant,,
장수촌풍천장어,37.56326539,126.9986406,restaurant,146,11,3.772727272727273,restaurant,lodgement,
먹깨비,37.56868952,127.0697317,restaurant,104,7,3.685714285714286,restaurant,lodgement,
장안문,37.56742653,126.9813834,restaurant,184,33,3.590909090909091,restaurant,lodgement,
장안삼계탕,37.56368672,126.9775032,restaurant,187,22,3.772727272727273,restaurant,lodgement,
장안정,37.52028215,127.1131609,restaurant,51,10,3.7600000000000002,restaurant,lodgement,
장위기사식당 장위점,37.61852147,127.0460551,restaurant,72,2,4.0,restaurant,,
장인미역 잠실본점,37.50650628,127.0895069,restaurant,379,7,3.9571428571428577,restaurant,lodgement,
장충족발,37.56004148,127.0060416,restaurant,145,12,3.641666666666667,restaurant,lodgement,
장칼집,37.49916093,127.1031931,restaurant,381,2,3.9000000000000004,restaurant,,
장털보설렁탕 본점,37.50739315,127.1331761,restaurant,394,2,3.6,restaurant,,
잼배옥,37.56254798,126.9737164,restaurant,187,22,3.772727272727273,restaurant,lodgement,
쟈니덤플링 본관,37.5338259,126.9921299,restaurant,170,20,3.8850000000000002,restaurant,lodgement,
쟝블랑제리,37.47715762,126.9619682,restaurant,369,2,3.4,restaurant,lodgement,
전골떡볶이 덕미가 이대본점,37.55798944,126.9460326,restaurant,193,7,4.271428571428571,restaurant,lodgement,
전라도별장순대,37.48327635,126.9287875,restaurant,367,11,3.590909090909091,restaurant,,
전민규의황제누룽지탕 노원직영점,37.65472958,127.0596424,restaurant,24,4,3.5,restaurant,,
전자방,37.54832365,127.0537205,restaurant,84,10,3.9299999999999997,restaurant,,
전주감자탕뼈해장국,37.52833233,127.0371244,restaurant,347,24,3.6750000000000003,restaurant,,
전주골숯불구이,37.57141189,126.991397,restaurant,142,29,3.706896551724138,restaurant,lodgement,
전주식당,37.48844593,127.1223124,restaurant,401,8,3.675,restaurant,,
전주식당,37.48844593,127.1223124,restaurant,401,8,3.675,restaurant,,
전주식당,37.48844593,127.1223124,restaurant,401,8,3.675,restaurant,,
전주유할머니비빔밥집,37.56297779,126.9783421,restaurant,187,22,3.772727272727273,restaurant,lodgement,
전주전집,37.49367501,127.0315663,restaurant,317,10,4.05,restaurant,lodgement,
전주집,37.5654085,126.9906665,restaurant,142,29,3.706896551724138,restaurant,lodgement,
전주콩나물해장국,37.65227087,127.0497747,restaurant,26,1,4.4,restaurant,,
전주회관,37.56262014,126.9785539,restaurant,187,22,3.772727272727273,restaurant,lodgement,
경인미술관,37.57442063,126.9854422,restaurant,158,57,3.7491228070175437,restaurant,lodgement,
정감어린,37.54625444,126.9786808,restaurant,180,5,4.04,restaurant,,
정담은보쌈 신림점,37.48520831,126.9354024,restaurant,367,11,3.590909090909091,restaurant,,
마포정대포 본점,37.54195028,126.951127,restaurant,191,8,3.9375,restaurant,lodgement,
졍동국시,37.56784763,126.9699135,restaurant,244,7,3.5142857142857147,restaurant,,
정목누룽지백숙,37.51257823,127.1225373,restaurant,395,6,3.516666666666667,restaurant,,
정선곤드레쌈밥,37.61002725,126.9762989,restaurant,124,4,3.625,restaurant,,
만족오향족발 명동점,37.56270029,126.9840501,restaurant,186,43,3.511627906976744,restaurant,lodgement,
만족오향족발 명동점,37.56270029,126.9840501,restaurant,186,43,3.511627906976744,restaurant,lodgement,
정식당,37.54504803,126.967053,restaurant,202,11,3.6727272727272724,restaurant,lodgement,
정애쿠키,37.58064666,126.9868199,restaurant,155,14,3.7642857142857147,restaurant,lodgement,
정원,37.54169645,127.0582475,restaurant,85,19,3.857894736842105,restaurant,,
제로카페 홍대점,37.55407537,126.9273044,restaurant,227,9,3.688888888888889,restaurant,lodgement,
제비다방,37.54661695,126.923101,restaurant,229,8,3.7625,restaurant,,
제스티살룬 성수,37.54756419,127.0424469,restaurant,78,48,3.8979166666666667,restaurant,,
제스티살룬 연남,37.56171284,126.9268522,restaurant,236,15,3.9,restaurant,lodgement,
제일콩집,37.61947797,127.0776536,restaurant,61,4,3.975,restaurant,,
제일한우촌,37.57976618,127.0149075,restaurant,147,6,3.8833333333333333,restaurant,lodgement,
제주국수,37.54539529,127.0577672,restaurant,85,19,3.857894736842105,restaurant,,
제주미항 롯데백화점 영등포점,37.51602614,126.9068123,restaurant,266,13,3.4615384615384617,restaurant,lodgement,
돌쇠감자탕순대국,37.54694596,126.8698372,restaurant,256,2,4.3,restaurant,,
젠제로,37.51527922,127.0432452,restaurant,334,10,3.8800000000000003,restaurant,,
조금,37.49179937,127.0092226,restaurant,314,6,3.3166666666666664,restaurant,lodgement,
조선갈비,37.56444042,126.9800972,restaurant,183,27,3.596296296296296,restaurant,lodgement,
조선김밥,37.57862242,126.9822138,restaurant,156,15,3.5933333333333333,restaurant,lodgement,
조선옥,37.56678992,126.9936387,restaurant,142,29,3.706896551724138,restaurant,lodgement,
조선화로구이,37.59908197,127.0190152,restaurant,138,4,3.9,restaurant,,
죠셉의커피나무,37.59459331,126.9885975,restaurant,159,5,3.04,restaurant,,
조수정한지그림갤러리,37.50702712,127.0611476,restaurant,331,10,3.75,restaurant,lodgement,
조양관,37.49518071,127.02747,restaurant,319,10,3.81,restaurant,lodgement,
조연탄,37.53078815,126.8632864,restaurant,261,3,3.6666666666666665,restaurant,,
늘조은한우 구의직영점,37.53752404,127.082272,restaurant,94,1,4.7,restaurant,,
조인바이트,37.51128697,127.0498574,restaurant,332,6,3.5,restaurant,,
족의한수 종로본점,37.56958088,126.9891616,restaurant,142,29,3.706896551724138,restaurant,lodgement,
종가집,37.57200601,126.9859,restaurant,158,57,3.7491228070175437,restaurant,lodgement,
종각한우,37.57055792,126.9843619,restaurant,158,57,3.7491228070175437,restaurant,lodgement,
종로명태덕장,37.56998821,126.9900977,restaurant,142,29,3.706896551724138,restaurant,lodgement,
종로불돼지,37.56884162,126.9850992,restaurant,158,57,3.7491228070175437,restaurant,lodgement,
종로설렁탕,37.5699161,126.9897558,restaurant,142,29,3.706896551724138,restaurant,lodgement,
창신육회 4호점,37.57070041,127.0006509,restaurant,144,20,3.595,restaurant,,
종로족빨,37.56932077,126.9837,restaurant,158,57,3.7491228070175437,restaurant,lodgement,
종로할머니칼국수,37.50688203,127.0594363,restaurant,331,10,3.75,restaurant,lodgement,
종점,37.58912876,127.0187273,restaurant,139,5,3.7,restaurant,,
종점숯불갈비,37.52637126,127.0019685,restaurant,173,7,3.3857142857142857,restaurant,,
주문진,37.56471599,127.0017748,restaurant,146,11,3.772727272727273,restaurant,lodgement,
주사부,37.53482901,126.9748598,restaurant,200,9,3.3777777777777778,restaurant,,
주영이네 실내포차,37.578365,127.0568621,restaurant,107,3,3.966666666666667,restaurant,,
주은감자탕,37.50368036,127.0968264,restaurant,382,8,3.6875,restaurant,lodgement,
죽변항,37.05810091,129.4218713,restaurant,10,2,3.3,restaurant,,
죽변항,37.05810091,129.4218713,restaurant,10,2,3.3,restaurant,,
준수방키친,37.57971575,126.9707692,restaurant,245,12,3.475,restaurant,lodgement,
줄라이,37.51705223,126.9032615,restaurant,266,13,3.4615384615384617,restaurant,lodgement,
중국관,37.53859209,127.0553791,restaurant,81,11,4.190909090909091,restaurant,,
중림장,37.56025345,126.967713,restaurant,181,4,3.6,restaurant,,
중식당 청 한남점,37.53533131,127.0100018,restaurant,176,10,4.0,restaurant,,
중앙식당,37.50485777,126.9532446,restaurant,363,2,3.7,restaurant,,
중앙감속기,37.54557497,127.0510842,restaurant,83,28,3.8535714285714286,restaurant,,
중앙식당,37.50485777,126.9532446,restaurant,363,2,3.7,restaurant,,
중앙해장,37.5082736,127.0654725,restaurant,330,7,3.8428571428571425,restaurant,lodgement,
중화원,37.60996933,126.9317203,restaurant,129,3,3.5666666666666664,restaurant,,
중화일상,37.50724254,127.1096464,restaurant,385,10,3.9799999999999995,restaurant,,
쥬에,37.53747272,127.0128081,restaurant,176,10,4.0,restaurant,,
지금여기가맨앞,37.56567276,126.9952461,restaurant,142,29,3.706896551724138,restaurant,lodgement,
전통찻집지대방,37.57348631,126.9855499,restaurant,158,57,3.7491228070175437,restaurant,lodgement,
지리산왕재봉흑돼지,37.55050453,127.126361,restaurant,47,5,3.7399999999999998,restaurant,,
지아니스나폴리 역삼점,37.50267071,127.0375561,restaurant,324,15,3.5266666666666664,restaurant,lodgement,
지화자,37.53299164,127.0801932,restaurant,86,3,3.533333333333333,restaurant,,
진가,37.50356792,127.0542732,restaurant,328,13,3.869230769230769,restaurant,lodgement,
진고개,37.56309399,126.992815,restaurant,141,17,3.552941176470588,restaurant,lodgement,
진국설렁탕,37.50923243,126.9399228,restaurant,360,10,3.81,restaurant,,
진남포면옥,37.55342427,127.0101582,restaurant,165,7,3.357142857142857,restaurant,lodgement,
진남회집,37.51511689,126.9381705,restaurant,360,10,3.81,restaurant,,
진달래식당,37.56611418,126.993684,restaurant,142,29,3.706896551724138,restaurant,lodgement,
진달래장국,37.49291586,126.8965837,restaurant,286,5,3.78,restaurant,,
울돌목 가는 길,37.48979922,127.0080283,restaurant,314,6,3.3166666666666664,restaurant,lodgement,
진돈부리,37.55695341,126.942457,restaurant,193,7,4.271428571428571,restaurant,lodgement,
진미식당,37.48599506,126.9826587,restaurant,351,2,3.8499999999999996,restaurant,lodgement,
진미양꼬치,37.53921407,127.065374,restaurant,88,12,4.083333333333333,restaurant,,
진미평양냉면 별관,37.51613579,127.0360472,restaurant,333,5,3.7,restaurant,,
진사댁,37.56346164,126.9840465,restaurant,186,43,3.511627906976744,restaurant,lodgement,
진성한우곱창,37.56484467,127.0158961,restaurant,150,12,3.4499999999999997,restaurant,lodgement,
진수사,37.41090489,127.1322077,restaurant,373,1,4.3,restaurant,,
진영면옥,37.47155084,126.9004171,restaurant,288,4,3.55,restaurant,lodgement,
진옥화할매원조닭한마리 본점,37.57033808,127.005696,restaurant,144,20,3.595,restaurant,,
진원조닭한마리,37.56573846,127.006428,restaurant,152,19,3.9,restaurant,lodgement,
진원조닭한마리,37.56573846,127.006428,restaurant,152,19,3.9,restaurant,lodgement,
진이네떡볶이,37.55139504,127.1548399,restaurant,43,3,4.133333333333333,restaurant,,
진작다이닝,37.52885207,126.968618,restaurant,198,9,4.0,restaurant,lodgement,
진주집,37.52059128,126.9269501,restaurant,274,11,3.5727272727272723,restaurant,,
진주회관,37.56247878,126.9745313,restaurant,187,22,3.772727272727273,restaurant,lodgement,
진지아,37.50757179,127.108249,restaurant,385,10,3.9799999999999995,restaurant,,
진진만두 국회점,37.52989469,126.9208261,restaurant,271,9,3.744444444444445,restaurant,lodgement,
일품진진수라 광화문점,37.57063574,126.9805438,restaurant,184,33,3.590909090909091,restaurant,lodgement,
진평925,37.55783322,126.9065181,restaurant,241,9,3.744444444444445,restaurant,lodgement,
진향족발,37.57131124,127.0035363,restaurant,144,20,3.595,restaurant,,
짱이네산곰장어,37.50939046,127.0373729,restaurant,322,6,3.733333333333333,restaurant,lodgement,
쪼매매운떡볶이 공릉점,37.62818232,127.0777952,restaurant,60,2,4.4,restaurant,,
쭈꾸미와매운갈비찜 충무로점,37.56329394,126.9917601,restaurant,141,17,3.552941176470588,restaurant,lodgement,
쮸즈,37.51951298,127.0246192,restaurant,339,27,3.7629629629629626,restaurant,lodgement,
찜집 본점,37.57845371,127.085959,restaurant,114,2,4.15,restaurant,,
원조차돌박힌쭈꾸미 본점,37.56908307,126.9849452,restaurant,158,57,3.7491228070175437,restaurant,lodgement,
차돌집,37.56410846,126.8119046,restaurant,216,6,3.65,restaurant,lodgement,
차만다 서울숲점,37.54660409,127.0414132,restaurant,78,48,3.8979166666666667,restaurant,,
차이나린찐,37.52339798,127.1304783,restaurant,52,4,3.625,restaurant,,
차이나플레인 서울숲점,37.5436452,127.0463032,restaurant,78,48,3.8979166666666667,restaurant,,
차차티클럽 창신한옥,37.57107828,127.011365,restaurant,151,17,3.8176470588235296,restaurant,lodgement,
찬양집,37.57282636,126.9902535,restaurant,157,27,3.6037037037037036,restaurant,lodgement,
참누렁소,37.63488662,127.0705117,restaurant,64,3,2.6666666666666665,restaurant,,
참만나,37.61826054,127.0765854,restaurant,61,4,3.975,restaurant,,
참숯골,37.5673199,126.9795078,restaurant,184,33,3.590909090909091,restaurant,lodgement,
참숯골,37.5673199,126.9795078,restaurant,184,33,3.590909090909091,restaurant,lodgement,
참조은순대국전문점 구로직영점,37.49390694,126.8895792,restaurant,291,3,3.966666666666667,restaurant,,
참치마을,37.48436718,126.8998122,restaurant,287,6,3.483333333333333,restaurant,lodgement,
창신동매운족발 본점,37.5730082,127.0115419,restaurant,151,17,3.8176470588235296,restaurant,lodgement,
채미가,37.49408044,127.012276,restaurant,315,9,3.511111111111111,restaurant,lodgement,
오세계향,37.57466657,126.9852407,restaurant,158,57,3.7491228070175437,restaurant,lodgement,
챔프커피 2작업실,37.53248165,126.9928134,restaurant,170,20,3.8850000000000002,restaurant,lodgement,
챠크라,37.53449972,127.0096895,restaurant,176,10,4.0,restaurant,,
천하제일솥뚜껑,37.54150039,127.0536964,restaurant,83,28,3.8535714285714286,restaurant,,
천호낙지,37.57883848,127.0679196,restaurant,113,4,3.7249999999999996,restaurant,,
천호쭈꾸미,37.53691751,127.1263211,restaurant,57,6,3.8166666666666664,restaurant,,
철계단집,37.59039149,127.0567852,restaurant,110,12,3.975,restaurant,,
철길왕갈비살,37.55460142,126.9316124,restaurant,227,9,3.688888888888889,restaurant,lodgement,
청계산곤드레집,37.44540155,127.057792,restaurant,375,3,3.3666666666666667,restaurant,,
청기와타운 영등포본점,37.51837817,126.9084881,restaurant,267,11,3.4,restaurant,lodgement,
청담25,37.52518947,127.0498101,restaurant,348,17,3.841176470588235,restaurant,lodgement,
청담고수 청담2호점,37.52507284,127.0486222,restaurant,348,17,3.841176470588235,restaurant,lodgement,
청담고수 청담점,37.52223737,127.0415615,restaurant,349,26,3.773076923076923,restaurant,,
청담골,37.52274667,127.0434215,restaurant,349,26,3.773076923076923,restaurant,,
청담나인,37.51663807,127.0518631,restaurant,338,8,3.6,restaurant,,
청담동포장마차,37.55750259,126.9380608,restaurant,228,20,3.915,restaurant,lodgement,
청담영양센터,37.51924051,127.0510753,restaurant,338,8,3.6,restaurant,,
청담제주물항 청담점,37.52574242,127.052512,restaurant,337,7,4.228571428571429,restaurant,lodgement,
청담초밥 문정점,37.48296143,127.1215019,restaurant,392,6,4.083333333333333,restaurant,,
청도양꼬치,37.49601555,126.9855298,restaurant,357,5,3.7399999999999998,restaurant,,
청량리함흥냉면,37.58252243,127.0435762,restaurant,102,3,3.466666666666667,restaurant,,
청송함흥냉면전문점 본관,37.56589375,126.9287825,restaurant,249,8,3.85,restaurant,,
청송옥,37.56344432,126.9730607,restaurant,187,22,3.772727272727273,restaurant,lodgement,
청수당 베이커리,37.57388139,126.9897847,restaurant,157,27,3.6037037037037036,restaurant,lodgement,
청수,37.56860469,126.9988726,restaurant,143,6,3.633333333333333,restaurant,lodgement,
청수장,37.57103706,126.9912295,restaurant,142,29,3.706896551724138,restaurant,lodgement,
청수정,37.58359583,126.9817043,restaurant,160,18,3.322222222222222,restaurant,lodgement,
청수횟집,37.50128216,127.0349476,restaurant,323,10,3.7399999999999998,restaurant,,
청아라생선구이 망원점,37.5567182,126.9025742,restaurant,240,5,3.9,restaurant,,
청어람 망원점,37.55810517,126.9074696,restaurant,241,9,3.744444444444445,restaurant,lodgement,
청와옥 본점,37.51539273,127.1174484,restaurant,51,10,3.7600000000000002,restaurant,lodgement,
청진생등심,37.55287585,127.128135,restaurant,47,5,3.7399999999999998,restaurant,,
청진옥,37.57171765,126.9794489,restaurant,184,33,3.590909090909091,restaurant,lodgement,
박씨화로숯불구이,37.56234614,126.978065,restaurant,187,22,3.772727272727273,restaurant,lodgement,
청춘극장,37.65413474,127.0384392,restaurant,38,3,3.533333333333333,restaurant,,
청파맨션,37.54564992,126.9671523,restaurant,202,11,3.6727272727272724,restaurant,lodgement,
청하,37.56639257,127.0639251,restaurant,105,2,4.449999999999999,restaurant,,
청학동흑염소,37.51456117,126.9178165,restaurant,276,5,3.78,restaurant,,
청해진,37.51523265,126.939004,restaurant,360,10,3.81,restaurant,,
청해진,37.51523265,126.939004,restaurant,360,10,3.81,restaurant,,
청화원,37.58312242,126.9995483,restaurant,154,22,3.8045454545454547,restaurant,,
청화초밥,37.51337327,127.1093206,restaurant,386,21,3.842857142857143,restaurant,lodgement,
체다앤올리,37.54572186,127.041863,restaurant,78,48,3.8979166666666667,restaurant,,
체부동잔치집,37.5765228,126.9714677,restaurant,246,25,3.68,restaurant,lodgement,
체부동잔치집돼지갈비 5호점,37.57654792,126.9710511,restaurant,246,25,3.68,restaurant,lodgement,
초록뜰,37.58853869,127.0628232,restaurant,112,1,4.6,restaurant,,
초롱이고모부대찌개,37.54990899,127.1288451,restaurant,47,5,3.7399999999999998,restaurant,,
초류향,37.56747864,126.9804405,restaurant,184,33,3.590909090909091,restaurant,lodgement,
초승달,37.53962559,126.9913724,restaurant,172,6,3.85,restaurant,lodgement,
초원,37.57145129,127.0820116,restaurant,115,1,4.5,restaurant,,
초원의집,37.46199347,127.1557755,restaurant,402,1,4.2,restaurant,,
촛불1978,37.55677911,126.9853098,restaurant,185,19,3.621052631578947,lodgement,restaurant,
최고집숯불닭갈비,37.56290947,126.9851638,restaurant,186,43,3.511627906976744,restaurant,lodgement,
최대감네,37.57403869,126.9861215,restaurant,158,57,3.7491228070175437,restaurant,lodgement,
최수사 대게마을,37.49920008,127.0374187,restaurant,323,10,3.7399999999999998,restaurant,,
최우영스시,37.48356515,126.8954998,restaurant,287,6,3.483333333333333,restaurant,lodgement,
쵸이닷,37.52441594,127.0465515,restaurant,348,17,3.841176470588235,restaurant,lodgement,
추남,37.55023167,127.1443199,restaurant,44,2,3.7,restaurant,,
춘보만두,37.62191793,127.0718293,restaurant,62,7,3.3000000000000003,restaurant,,
춘천옥,37.4778547,126.8897023,restaurant,289,2,3.35,restaurant,,
춘천집닭갈비막국수 신촌,37.55702222,126.9361146,restaurant,228,20,3.915,restaurant,lodgement,
춘향미엔 별관,37.56099203,127.0331453,restaurant,95,16,4.21875,lodgement,restaurant,
충남식당,37.53589976,127.1365023,restaurant,59,4,3.8249999999999997,restaurant,,
충무로뚝배기,37.56454278,126.9926428,restaurant,141,17,3.552941176470588,restaurant,lodgement,
충무로 부산복집,37.56226321,126.9919481,restaurant,141,17,3.552941176470588,restaurant,lodgement,
취만루,37.50768079,126.9031401,restaurant,278,2,4.65,restaurant,,
취영루 송파본점,37.49261303,127.124954,restaurant,401,8,3.675,restaurant,,
취영루 송파본점,37.49261303,127.124954,restaurant,401,8,3.675,restaurant,,
취향원양꼬치구이전문 영등포구청점,37.52674312,126.8975676,restaurant,270,17,4.047058823529412,restaurant,,
치즈플로 한남점,37.53698057,126.9994422,restaurant,175,15,3.533333333333333,restaurant,lodgement,
치킨마루 대방역점,37.51378329,126.9269352,restaurant,275,5,3.78,restaurant,lodgement,
친구네정육식당,37.47698276,126.7952622,restaurant,301,1,1.0,restaurant,,
친니,37.57262064,126.975721,restaurant,242,17,3.6176470588235294,restaurant,lodgement,
칠형제감자탕,37.62114433,127.0741801,restaurant,62,7,3.3000000000000003,restaurant,,
카나디안 랍스터 서초점,37.48024823,127.0115909,restaurant,312,5,3.12,restaurant,,
카덴,37.57249355,126.9350463,restaurant,250,8,3.875,restaurant,,
카멜커피 10호점,37.50528771,127.0043203,restaurant,355,8,3.5999999999999996,restaurant,lodgement,
카사블랑카,37.54163533,126.9871278,restaurant,171,5,3.54,restaurant,,
카와카츠 본점,37.55474105,126.9161959,restaurant,231,17,3.7941176470588234,restaurant,lodgement,
카토멘 대치본점,37.50423008,127.0544444,restaurant,328,13,3.869230769230769,restaurant,lodgement,
카툰한식,37.52252732,126.898596,restaurant,269,2,4.75,restaurant,,
카페마나랑,37.50631808,127.1005666,restaurant,382,8,3.6875,restaurant,lodgement,
카페모뜨,37.61171275,126.9750786,restaurant,124,4,3.625,restaurant,,
카페보아즈,37.5113007,126.8425703,restaurant,300,1,4.7,restaurant,,
카페산아래,37.66681644,127.0104989,restaurant,28,3,3.0,restaurant,lodgement,
카페숲,37.59121417,127.003929,restaurant,163,10,4.07,restaurant,lodgement,
에필로그카페 성수점,37.54764461,127.0549818,restaurant,84,10,3.9299999999999997,restaurant,,
토다베이글 본점,37.46752797,127.0226307,restaurant,304,1,3.7,restaurant,,
카페폭포,37.58130275,126.9370493,restaurant,252,3,4.3,restaurant,lodgement,
카페&펍 연무장 성수점,37.54286738,127.0533093,restaurant,83,28,3.8535714285714286,restaurant,,
카페1953위드오드리,37.51189691,126.8920773,restaurant,264,3,4.333333333333333,restaurant,,
카페252,37.54625448,126.9414875,restaurant,192,6,3.6833333333333336,restaurant,lodgement,
카페413프로젝트 역삼점,37.50235449,127.0344708,restaurant,323,10,3.7399999999999998,restaurant,,
그레도제빵사,37.6134361,127.0621838,restaurant,75,2,3.75,restaurant,,
낭만적,37.55662579,126.9297771,restaurant,227,9,3.688888888888889,restaurant,lodgement,
카페드파리,37.51770921,127.0407807,restaurant,334,10,3.8800000000000003,restaurant,,
카페마마스 여의도IFC몰점,37.52507766,126.9259581,restaurant,273,12,3.858333333333333,restaurant,lodgement,
카페미우,37.53918343,126.9585117,restaurant,201,6,4.033333333333333,restaurant,,
카페브릭,37.5675301,126.8424509,restaurant,203,3,3.1999999999999997,restaurant,,
카페블랙,37.52303665,126.8917852,restaurant,265,7,3.6999999999999997,restaurant,,
카페플레노,37.51929857,127.0408042,restaurant,334,10,3.8800000000000003,restaurant,,
엘빈,37.58556862,127.0005842,restaurant,164,12,4.1000000000000005,restaurant,,
카페엠,37.51656603,127.0517726,restaurant,338,8,3.6,restaurant,,
카페 코스,37.54175183,127.06602,restaurant,88,12,4.083333333333333,restaurant,,
코인 명동점,37.56288771,126.9840862,restaurant,186,43,3.511627906976744,restaurant,lodgement,
카페코인 명동2호점,37.56507173,126.9841718,restaurant,183,27,3.596296296296296,restaurant,lodgement,
칵테일&드림,37.55756617,126.9356388,restaurant,228,20,3.915,restaurant,lodgement,
칼스토랑,37.55512332,126.8185523,restaurant,218,4,4.125,restaurant,,
바넷리,37.54668973,127.0437816,restaurant,78,48,3.8979166666666667,restaurant,,
커피몽타주,37.52949346,127.1218511,restaurant,53,6,3.9166666666666665,restaurant,lodgement,
커피생각,37.53977852,127.1333899,restaurant,57,6,3.8166666666666664,restaurant,,
커피친구,37.57241989,126.9816504,restaurant,158,57,3.7491228070175437,restaurant,lodgement,
커피한약방,37.56656429,126.9886017,restaurant,142,29,3.706896551724138,restaurant,lodgement,
컴오프로스터스,37.54602316,127.0457106,restaurant,78,48,3.8979166666666667,restaurant,,
컴투레스트,37.591209,127.0542065,restaurant,110,12,3.975,restaurant,,
컴플리트커피,37.59828777,127.0568003,restaurant,109,4,4.25,restaurant,,
케냐키암부,37.57481766,126.9915494,restaurant,157,27,3.6037037037037036,restaurant,lodgement,
케르반레스토랑 이태원 본점,37.53434505,126.9953499,restaurant,170,20,3.8850000000000002,restaurant,lodgement,
코끼리베이글,37.57356556,126.9852771,restaurant,158,57,3.7491228070175437,restaurant,lodgement,
코너룸,37.54978754,127.0479706,restaurant,77,19,4.005263157894737,restaurant,,
코리아하우스,37.63857392,127.1039895,restaurant,66,1,3.6,restaurant,,
코사이어티 서울숲점,37.54480144,127.0456227,restaurant,78,48,3.8979166666666667,restaurant,,
코스모스 분식,37.54213142,127.0852858,restaurant,93,3,3.3666666666666667,restaurant,,
코지인무르무르,37.59145329,127.0519399,restaurant,110,12,3.975,restaurant,,
코코몽키즈랜드 송파점,37.47782483,127.1257592,restaurant,391,2,3.9499999999999997,restaurant,,
제스트 콘래드서울점,37.52556829,126.9267472,restaurant,273,12,3.858333333333333,restaurant,lodgement,
콤바크,37.55502032,126.9671992,restaurant,182,8,3.7,restaurant,lodgement,
콩나물장수,37.58243308,127.0043565,restaurant,154,22,3.8045454545454547,restaurant,,
콩예원,37.55146967,127.1109447,restaurant,49,6,3.15,restaurant,lodgement,
콴안다오,37.51848915,127.0215014,restaurant,339,27,3.7629629629629626,restaurant,lodgement,
쿠나,37.61383278,126.96454,restaurant,122,2,4.8,restaurant,,
쿠촐로테라짜,37.52453918,127.0422732,restaurant,349,26,3.773076923076923,restaurant,,
쿠캔비어,37.57090357,126.9895044,restaurant,157,27,3.6037037037037036,restaurant,lodgement,
크랩회피쉬 장충동본점,37.56066591,127.0051667,restaurant,145,12,3.641666666666667,restaurant,lodgement,
크레미엘,37.47577783,127.0390938,restaurant,310,4,4.0,restaurant,,
크레이지카츠,37.55044752,126.909705,restaurant,238,7,3.814285714285714,restaurant,,
크레이트커피,37.53526727,127.0108572,restaurant,176,10,4.0,restaurant,,
큰대문집,37.59631734,127.0360949,restaurant,137,2,3.6500000000000004,restaurant,,
큰손흑돼지,37.50950519,127.1103714,restaurant,386,21,3.842857142857143,restaurant,lodgement,
클라스카 커피랩,37.54271493,127.0593606,restaurant,85,19,3.857894736842105,restaurant,,
클럽에스프레소,37.59268876,126.9659586,restaurant,120,9,3.6222222222222222,restaurant,lodgement,
키다리아저씨,37.55844375,126.9107253,restaurant,239,5,4.14,restaurant,,
키미아트,37.61299559,126.9742899,restaurant,124,4,3.625,restaurant,,
키친숲,37.56131908,127.006225,restaurant,145,12,3.641666666666667,restaurant,lodgement,
타마린드 신세계백화점 강남점,37.50508949,127.0044391,restaurant,355,8,3.5999999999999996,restaurant,lodgement,
JW메리어트동대문스퀘어서울 타볼로24,37.57044781,127.0087387,restaurant,151,17,3.8176470588235296,restaurant,lodgement,
타워차이 본점,37.48775514,127.0525329,restaurant,325,3,3.8000000000000003,restaurant,,
타이가든 명동성당점,37.56420693,126.9853491,restaurant,186,43,3.511627906976744,restaurant,lodgement,
타지펠리스,37.53369994,126.9955151,restaurant,170,20,3.8850000000000002,restaurant,lodgement,
타코마이너,37.54325817,127.0538516,restaurant,83,28,3.8535714285714286,restaurant,,
타쿠미곤 주차장,37.52239965,127.04129,restaurant,349,26,3.773076923076923,restaurant,,
탐광,37.54317095,127.0554119,restaurant,83,28,3.8535714285714286,restaurant,,
탐라도야지,37.51107713,127.0557026,restaurant,336,26,3.784615384615385,restaurant,lodgement,
태극당,37.55432214,126.9710009,restaurant,182,8,3.7,restaurant,lodgement,
태림산채정식,37.64996177,127.0342613,restaurant,40,4,3.75,restaurant,,
태문네,37.57138039,126.8205912,restaurant,211,2,3.05,restaurant,,
태양정육식당,37.51900423,126.8922933,restaurant,265,7,3.6999999999999997,restaurant,,
태양커피 방배점,37.49017139,126.9928853,restaurant,353,5,4.08,restaurant,,
태조대림감자국,37.58721958,126.9166962,restaurant,132,5,2.88,restaurant,,
태향,37.55316249,126.9746454,restaurant,178,9,4.066666666666666,restaurant,lodgement,
터방내,37.50800773,126.9608035,restaurant,364,2,4.199999999999999,restaurant,,
터치더스카이,37.51989236,126.9402231,restaurant,272,4,3.875,restaurant,,
텅 성수스페이스,37.54226041,127.0565428,restaurant,85,19,3.857894736842105,restaurant,,
텅앤그루브조인트,37.53408553,126.994533,restaurant,170,20,3.8850000000000002,restaurant,lodgement,
테니,37.54108781,127.0591896,restaurant,85,19,3.857894736842105,restaurant,,
테디스오븐,37.52483326,126.9241822,restaurant,273,12,3.858333333333333,restaurant,lodgement,
테라스룸,37.52464265,127.0426714,restaurant,349,26,3.773076923076923,restaurant,,
테르트르,37.57822499,127.0112472,restaurant,147,6,3.8833333333333333,restaurant,lodgement,
테이블포포,37.53466037,127.0052385,restaurant,174,7,3.5857142857142854,restaurant,,
테이스티버거,37.54822635,126.9207048,restaurant,229,8,3.7625,restaurant,,
텍사스데브라질 센트럴시티점,37.50388386,127.0061931,restaurant,355,8,3.5999999999999996,restaurant,lodgement,
텐동식당,37.58609814,127.0302251,restaurant,100,9,3.822222222222222,restaurant,,
텐동요츠야,37.47843879,126.9565521,restaurant,368,3,3.866666666666667,restaurant,,
텐바,37.54333548,127.0542329,restaurant,83,28,3.8535714285714286,restaurant,,
토담골,37.52118836,126.8612949,restaurant,262,2,4.15,restaurant,,
토라카츠,37.6049931,127.0437297,restaurant,73,1,4.6,restaurant,,
남도음식토말 본점,37.51373655,127.0411609,restaurant,334,10,3.8800000000000003,restaurant,,
토속정,37.56920357,126.9832473,restaurant,158,57,3.7491228070175437,restaurant,lodgement,
토속촌삼계탕,37.57772293,126.9714945,restaurant,246,25,3.68,restaurant,lodgement,
톡톡,37.56884542,127.0132391,restaurant,151,17,3.8176470588235296,restaurant,lodgement,
톤앤업피부과의원,37.50477692,126.9994176,restaurant,355,8,3.5999999999999996,restaurant,lodgement,
톰볼라 서래점,37.49883836,126.9974714,restaurant,354,12,3.8166666666666664,restaurant,,
통나무집,37.51231679,126.9218309,restaurant,275,5,3.78,restaurant,lodgement,
통돼지두루치기&김치찌개전문점,37.56417425,127.0531479,restaurant,103,2,2.9000000000000004,restaurant,,
국빈관,37.57663507,126.9738224,restaurant,246,25,3.68,restaurant,lodgement,
통일집,37.56282373,126.993613,restaurant,141,17,3.552941176470588,restaurant,lodgement,
툇마루밥상,37.48141999,127.122197,restaurant,392,6,4.083333333333333,restaurant,,
투뿔등심 논현본점,37.52105526,127.0360586,restaurant,343,21,3.7857142857142856,restaurant,lodgement,
툭툭누들타이,37.56518892,126.9240553,restaurant,236,15,3.9,restaurant,lodgement,
튜토리얼,37.5480435,126.9221444,restaurant,229,8,3.7625,restaurant,,
트레비아,37.54084203,126.9469004,restaurant,190,10,3.62,restaurant,,
트레스드,37.50976783,127.0847287,restaurant,380,27,3.559259259259259,lodgement,restaurant,
티룸,37.56913241,126.9311146,restaurant,250,8,3.875,restaurant,,
티테라피 행랑점,37.57918483,126.9835439,restaurant,156,15,3.5933333333333333,restaurant,lodgement,
팀호완 삼성점,37.51142707,127.0568475,restaurant,336,26,3.784615384615385,restaurant,lodgement,
파고,37.56813555,127.0121874,restaurant,151,17,3.8176470588235296,restaurant,lodgement,
파라디,37.53868604,127.0567596,restaurant,81,11,4.190909090909091,restaurant,,
파롤앤랑그 연남본점,37.56498993,126.9228557,restaurant,236,15,3.9,restaurant,lodgement,
파르코,37.52099471,127.1266053,restaurant,52,4,3.625,restaurant,,
파불라 주차장,37.52720933,127.0458213,restaurant,348,17,3.841176470588235,restaurant,lodgement,
파스타얼론,37.59773006,127.0331672,restaurant,137,2,3.6500000000000004,restaurant,,
파시0914,37.52323598,127.0350868,restaurant,343,21,3.7857142857142856,restaurant,lodgement,
파씨오네,37.52544834,127.0367485,restaurant,347,24,3.6750000000000003,restaurant,,
남도보쌈파전,37.57430265,127.0713602,restaurant,113,4,3.7249999999999996,restaurant,,
파주감악산 대학로점,37.58251603,127.0021828,restaurant,154,22,3.8045454545454547,restaurant,,
파크하얏트 서울 코너스톤,37.50859867,127.0641789,restaurant,330,7,3.8428571428571425,restaurant,lodgement,
파툼,37.58321028,126.9821754,restaurant,160,18,3.322222222222222,restaurant,lodgement,
파티세리아모니,37.55143673,127.0470606,restaurant,77,19,4.005263157894737,restaurant,,
Pak India Restaurant,37.53372501,126.9924252,restaurant,170,20,3.8850000000000002,restaurant,lodgement,
팔레드신,37.55973352,126.9795371,restaurant,188,13,3.523076923076923,restaurant,lodgement,
853,37.57472692,126.9851025,restaurant,158,57,3.7491228070175437,restaurant,lodgement,
팔팔국내산민물장어나라,37.5529089,126.8516156,restaurant,206,5,3.38,restaurant,lodgement,
팜티진쌀국수,37.54258245,127.0451756,restaurant,78,48,3.8979166666666667,restaurant,,
패션5 한남점,37.53878886,127.0020095,restaurant,175,15,3.533333333333333,restaurant,lodgement,
퍼스트플러스에이드,37.52333712,126.9234484,restaurant,273,12,3.858333333333333,restaurant,lodgement,
퍼퓰러,37.56597721,127.006565,restaurant,152,19,3.9,restaurant,lodgement,
펄쉘 청담점,37.52658944,127.0409077,restaurant,349,26,3.773076923076923,restaurant,,
페넬로페,37.51594364,127.0267627,restaurant,340,4,4.15,restaurant,,
페르바코,37.54473159,127.0748229,restaurant,92,2,4.15,restaurant,,
페르시안궁전,37.58491628,126.997559,restaurant,164,12,4.1000000000000005,restaurant,,
페어링룸,37.52538311,127.0478214,restaurant,348,17,3.841176470588235,restaurant,lodgement,
페트라,37.50564788,127.0903473,restaurant,379,7,3.9571428571428577,restaurant,lodgement,
페페그라노,37.62204809,127.0796091,restaurant,62,7,3.3000000000000003,restaurant,,
평래옥,37.56491022,126.9903655,restaurant,142,29,3.706896551724138,restaurant,lodgement,
평안도만두집,37.52378079,126.9268893,restaurant,273,12,3.858333333333333,restaurant,lodgement,
평안도족발집,37.56028474,127.0060665,restaurant,145,12,3.641666666666667,restaurant,lodgement,
평양면옥,37.56324809,127.006696,restaurant,145,12,3.641666666666667,restaurant,lodgement,
평양집,37.53488648,126.9739773,restaurant,200,9,3.3777777777777778,restaurant,,
평양칼국수,37.52831879,127.0371957,restaurant,347,24,3.6750000000000003,restaurant,,
평이담백뼈칼국수 성수점,37.54936363,127.0490453,restaurant,77,19,4.005263157894737,restaurant,,
평창동북악정,37.61134207,126.9777425,restaurant,124,4,3.625,restaurant,,
포담 서촌본점,37.57637009,126.9734466,restaurant,246,25,3.68,restaurant,lodgement,
포도집,37.55494517,126.8509155,restaurant,206,5,3.38,restaurant,lodgement,
포도원삼계탕 신림본점,37.48223202,126.9301905,restaurant,367,11,3.590909090909091,restaurant,,
포레스트 성수키친,37.54726964,127.0422317,restaurant,78,48,3.8979166666666667,restaurant,,
포르시따 빠네빠네,37.56221487,127.0324735,restaurant,95,16,4.21875,lodgement,restaurant,
포레스트 성수키친,37.54726964,127.0422317,restaurant,78,48,3.8979166666666667,restaurant,,
포브라더스 도곡점,37.48399911,127.0453302,restaurant,305,14,4.0285714285714285,restaurant,,
포크랜드 피케이월드직영점,37.58381889,127.0002717,restaurant,154,22,3.8045454545454547,restaurant,,
포폴라리타,37.49769229,126.9978061,restaurant,354,12,3.8166666666666664,restaurant,,
폴인레미유 성수점,37.54831907,127.0475849,restaurant,77,19,4.005263157894737,restaurant,,
푸드2900 논현시티점,37.52135758,127.0374207,restaurant,343,21,3.7857142857142856,restaurant,lodgement,
푸드떼,37.57797898,126.9813661,restaurant,156,15,3.5933333333333333,restaurant,lodgement,
푸주옥,37.52624508,126.9640702,restaurant,197,4,3.825,restaurant,,
품 서울,37.53996789,126.8923695,restaurant,253,2,3.8,restaurant,,
풍년뼈다귀해장국,37.62993882,127.0682889,restaurant,64,3,2.6666666666666665,restaurant,,
풍류사랑,37.57388913,126.9862347,restaurant,158,57,3.7491228070175437,restaurant,lodgement,
풍미연,37.6556909,127.0648221,restaurant,25,5,4.0,restaurant,,
풍천장어마을 즉석숯불구이,37.4752165,127.1281922,restaurant,391,2,3.9499999999999997,restaurant,,
프라자손칼국수,37.49294905,127.1340438,restaurant,399,2,3.65,restaurant,,
프로간장게장 신사본점,37.51455757,127.0191566,restaurant,341,6,3.6999999999999997,restaurant,lodgement,
프로퍼커피바 2호점,37.50728702,127.1230308,restaurant,396,3,3.3000000000000003,restaurant,lodgement,
프롤라,37.54126712,127.0609436,restaurant,80,2,4.5,restaurant,,
프리퍼커피,37.55318388,126.921064,restaurant,231,17,3.7941176470588234,restaurant,lodgement,
프릳츠 양재점,37.48535313,127.0322016,restaurant,306,10,3.9299999999999997,restaurant,,
플디 성수점,37.54792946,127.0485193,restaurant,77,19,4.005263157894737,restaurant,,
플랜트 이태원,37.53313766,126.9942299,restaurant,170,20,3.8850000000000002,restaurant,lodgement,
플레어비 도곡점 주차장,37.48351541,127.0449806,restaurant,305,14,4.0285714285714285,restaurant,,
플레이버타운,37.54695133,127.0429444,restaurant,78,48,3.8979166666666667,restaurant,,
피아노카페,37.55395196,126.9244741,restaurant,232,10,4.0,restaurant,lodgement,
피양콩할마니,37.50409454,127.0552699,restaurant,328,13,3.869230769230769,restaurant,lodgement,
피어커피 성수,37.54891777,127.0548752,restaurant,84,10,3.9299999999999997,restaurant,,
롯데호텔서울 피에르가니에르서울,37.56534516,126.9809572,restaurant,183,27,3.596296296296296,restaurant,lodgement,
피오니,37.52454038,127.128901,restaurant,52,4,3.625,restaurant,,
더와인,37.56804679,127.0067497,restaurant,152,19,3.9,restaurant,lodgement,
피터팬1978 본점,37.56933821,126.9317664,restaurant,250,8,3.875,restaurant,,
필경재,37.484856,127.095261,restaurant,387,6,3.3166666666666664,restaurant,,
필동면옥,37.56039838,126.9969396,restaurant,141,17,3.552941176470588,restaurant,lodgement,
필로베이커리,37.55555573,126.9244725,restaurant,232,10,4.0,restaurant,lodgement,
하나면옥,37.56999567,126.9936837,restaurant,142,29,3.706896551724138,restaurant,lodgement,
하나샤부정,37.51233842,127.0559546,restaurant,336,26,3.784615384615385,restaurant,lodgement,
하나유키 마포점,37.53936345,126.9448557,restaurant,190,10,3.62,restaurant,,
하나일식,37.4786626,126.9527895,restaurant,371,5,3.7600000000000002,restaurant,,
하남돼지집 동대문점,37.56677008,127.0067552,restaurant,152,19,3.9,restaurant,lodgement,
하니칼국수,37.54681668,127.0415525,restaurant,78,48,3.8979166666666667,restaurant,,
하단,37.590005,127.0050284,restaurant,163,10,4.07,restaurant,lodgement,
하림각,37.59708012,126.9627248,restaurant,119,3,3.533333333333333,restaurant,,
하모,37.54596482,127.0496383,restaurant,83,28,3.8535714285714286,restaurant,,
하오아,37.54938004,126.8770109,restaurant,255,3,4.0,lodgement,restaurant,
하오차이,37.48411165,127.0126181,restaurant,311,7,3.742857142857143,restaurant,lodgement,
하이라인,37.53901078,127.0499211,restaurant,82,8,4.2125,restaurant,,
하츠베이커리,37.54336063,127.0543936,restaurant,83,28,3.8535714285714286,restaurant,,
하카타분코,37.54889152,126.9237957,restaurant,229,8,3.7625,restaurant,,
하하,37.51997486,127.0261691,restaurant,339,27,3.7629629629629626,restaurant,lodgement,
학림다방,37.58195022,127.0016574,restaurant,154,22,3.8045454545454547,restaurant,,
한가람,37.50587643,127.0596029,restaurant,331,10,3.75,restaurant,lodgement,
한강껍데기,37.55667831,126.90228,restaurant,240,5,3.9,restaurant,,
한강집생태,37.53575843,126.973022,restaurant,200,9,3.3777777777777778,restaurant,,
한강파라다이스 요트선착장,37.52268985,126.9417808,restaurant,272,4,3.875,restaurant,,
한강회관,37.52038404,126.9743624,restaurant,196,4,4.125,restaurant,,
한교방서울면옥,37.5167253,127.038105,restaurant,333,5,3.7,restaurant,,
한국관,37.59051452,127.0184842,restaurant,139,5,3.7,restaurant,,
한국순대 본점,37.51607399,127.0404733,restaurant,334,10,3.8800000000000003,restaurant,,
한국의집,37.56034335,126.9947484,restaurant,141,17,3.552941176470588,restaurant,lodgement,
한국회관,37.5728646,127.000643,restaurant,144,20,3.595,restaurant,,
한그릇,37.54297668,126.9493566,restaurant,191,8,3.9375,restaurant,lodgement,
한남동감자탕 본점,37.53336109,127.0061639,restaurant,174,7,3.5857142857142854,restaurant,,
한남북엇국,37.57446723,126.983554,restaurant,158,57,3.7491228070175437,restaurant,lodgement,
한남작업실,37.53652556,126.9987328,restaurant,175,15,3.533333333333333,restaurant,lodgement,
한냄비,37.53245651,127.0056524,restaurant,174,7,3.5857142857142854,restaurant,,
한라산 청담점,37.52712465,127.0457771,restaurant,348,17,3.841176470588235,restaurant,lodgement,
예언의집,37.53812773,126.9870379,restaurant,171,5,3.54,restaurant,,
한모네순대국,37.53787409,127.0866659,restaurant,91,3,3.8666666666666667,restaurant,,
한미옥 청담본점,37.52525621,127.0401717,restaurant,347,24,3.6750000000000003,restaurant,,
한방족발,37.50903622,127.0847234,restaurant,380,27,3.559259259259259,lodgement,restaurant,
한상차림밥상,37.57786047,127.0259358,restaurant,99,8,3.5625,restaurant,lodgement,
한성돈까스,37.5147468,127.0190967,restaurant,341,6,3.6999999999999997,restaurant,lodgement,
한스 잠실새내점,37.51139606,127.0845733,restaurant,380,27,3.559259259259259,lodgement,restaurant,
한아람,37.51577076,127.1160181,restaurant,51,10,3.7600000000000002,restaurant,lodgement,
한암동 여의도점,37.52386015,126.924138,restaurant,273,12,3.858333333333333,restaurant,lodgement,
한암동 정동점,37.56784967,126.970853,restaurant,244,7,3.5142857142857147,restaurant,,
한양코다리,37.55060715,126.9741325,restaurant,178,9,4.066666666666666,restaurant,lodgement,
한옥갈비,37.5722316,126.9890424,restaurant,157,27,3.6037037037037036,restaurant,lodgement,
한옥달,37.57692026,126.9719849,restaurant,246,25,3.68,restaurant,lodgement,
한옥카페 선운각,37.65572673,126.9998323,restaurant,31,1,3.2,restaurant,,
함평한우 솥뚜껑 김치생삼겹,37.57098359,127.0647486,restaurant,105,2,4.449999999999999,restaurant,,
한일관 광화문점,37.57470438,126.9790349,restaurant,156,15,3.5933333333333333,restaurant,lodgement,
한일관 영등포타임스퀘어점,37.51741065,126.9041456,restaurant,266,13,3.4615384615384617,restaurant,lodgement,
한일옥,37.56954128,126.9896902,restaurant,142,29,3.706896551724138,restaurant,lodgement,
한입소반 숙대본점,37.54409924,126.9703078,restaurant,202,11,3.6727272727272724,restaurant,lodgement,
대문,37.48885119,127.1462664,restaurant,397,3,3.6333333333333333,restaurant,,
한쿡 N서울타워점,37.5513338,126.9882035,restaurant,179,4,3.6,restaurant,,
한티옥,37.49701576,127.0562859,restaurant,327,3,3.733333333333333,restaurant,,
할랄가이즈 이태원점,37.53470903,126.9947864,restaurant,170,20,3.8850000000000002,restaurant,lodgement,
할랄가이즈 홍대점,37.55500677,126.9226804,restaurant,232,10,4.0,restaurant,lodgement,
할머니냉면,37.55343372,127.0206015,restaurant,168,2,4.05,restaurant,,
할머니의레시피,37.54617282,127.0430865,restaurant,78,48,3.8979166666666667,restaurant,,
할머니집,37.56040909,127.0058447,restaurant,145,12,3.641666666666667,restaurant,lodgement,
할머니추어탕 잠실점,37.50758782,127.0890671,restaurant,379,7,3.9571428571428577,restaurant,lodgement,
할범탕수육 본점,37.54853572,126.8653701,restaurant,257,3,3.4666666666666663,restaurant,,
함경도찹쌀순대,37.49473239,127.121314,restaurant,400,7,3.585714285714286,restaurant,lodgement,
함경면옥,35.54351548,129.3246569,restaurant,5,1,3.6,restaurant,,
함초간장게장,37.56200143,126.9865629,restaurant,186,43,3.511627906976744,restaurant,lodgement,
함흥곰보냉면,37.57158515,126.9970104,restaurant,143,6,3.633333333333333,restaurant,lodgement,
함흥냉면,37.48568713,126.9938401,restaurant,353,5,4.08,restaurant,,
함흥냉면,37.48568713,126.9938401,restaurant,353,5,4.08,restaurant,,
함흥면옥 압구정점,37.52222502,127.0285297,restaurant,345,9,3.6333333333333337,restaurant,lodgement,
함흥본가면옥 건대점,37.54518059,127.0798623,restaurant,92,2,4.15,restaurant,,
함흥에겨울냉면,37.56018928,127.0052289,restaurant,145,12,3.641666666666667,restaurant,lodgement,
합정옥,37.54953362,126.9105096,restaurant,238,7,3.814285714285714,restaurant,,
해남낙지,37.53886563,127.1261784,restaurant,57,6,3.8166666666666664,restaurant,,
해담채 강남점,37.49777526,127.0324218,restaurant,318,8,3.55,restaurant,,
해담채 남부터미널점,37.48586653,127.0151014,restaurant,311,7,3.742857142857143,restaurant,lodgement,
해담채 시청점,37.5600818,126.9730269,restaurant,189,6,3.5500000000000003,restaurant,lodgement,
해담채 여의도점,37.52819931,126.9226561,restaurant,271,9,3.744444444444445,restaurant,lodgement,
해랑,37.53852563,127.0901312,restaurant,91,3,3.8666666666666667,restaurant,,
해몽,37.57214573,126.986389,restaurant,158,57,3.7491228070175437,restaurant,lodgement,
해방촌 혼고,37.54568604,126.9854818,restaurant,180,5,4.04,restaurant,,
해봉정육 본점,37.5077468,127.0665601,restaurant,330,7,3.8428571428571425,restaurant,lodgement,
심리상담센터해심,37.48494896,127.1162215,restaurant,392,6,4.083333333333333,restaurant,,
해안반점,37.55268336,127.1294836,restaurant,47,5,3.7399999999999998,restaurant,,
봉평메밀막국수,37.52845266,126.9078196,restaurant,268,4,3.7,restaurant,lodgement,
해우담 본점,37.4938955,127.029073,restaurant,317,10,4.05,restaurant,lodgement,
해주냉면,37.50965235,127.0797746,restaurant,380,27,3.559259259259259,lodgement,restaurant,
해품장 팔팔장어 본점,37.63743158,127.0795258,restaurant,63,3,3.1666666666666665,restaurant,,
행복한콩이야기,37.56916999,126.9887938,restaurant,142,29,3.706896551724138,restaurant,lodgement,
행운돈까스,37.54461966,127.0593237,restaurant,85,19,3.857894736842105,restaurant,,
향림,37.6394218,127.0755035,restaurant,63,3,3.1666666666666665,restaurant,,
향토,37.56128739,126.9662491,restaurant,181,4,3.6,restaurant,,
허머스키친 삼성점,37.50919151,127.060809,restaurant,336,26,3.784615384615385,restaurant,lodgement,
허형만의압구정커피집,37.52565325,127.0249335,restaurant,345,9,3.6333333333333337,restaurant,lodgement,
헤리티지클럽,37.57376806,126.9924733,restaurant,157,27,3.6037037037037036,restaurant,lodgement,
헤이더그린,37.54245055,126.7942244,restaurant,220,1,3.5,restaurant,,
헤키,37.55524089,126.9097898,restaurant,239,5,4.14,restaurant,,
현대칼국수,37.5628478,126.9770032,restaurant,187,22,3.772727272727273,restaurant,lodgement,
현래장,37.52310287,126.9106317,restaurant,267,11,3.4,restaurant,lodgement,
현복집 강남본점,37.52151257,127.037371,restaurant,343,21,3.7857142857142856,restaurant,lodgement,
현우동,37.51700736,127.0242881,restaurant,339,27,3.7629629629629626,restaurant,lodgement,
현해,37.56206501,126.8524814,restaurant,208,1,4.3,restaurant,,
형제갈비,37.60982747,126.9310137,restaurant,129,3,3.5666666666666664,restaurant,,
형제꼬치집,37.5128372,126.9186113,restaurant,276,5,3.78,restaurant,,
혜성칼국수,37.58337445,127.0489771,restaurant,108,7,4.114285714285715,restaurant,lodgement,
혜장국,37.50345657,127.0226755,restaurant,320,6,3.633333333333333,restaurant,lodgement,
혜화양육관,37.5825629,127.0008016,restaurant,154,22,3.8045454545454547,restaurant,,
혜화도담,37.58302421,127.0004347,restaurant,154,22,3.8045454545454547,restaurant,,
혜화칼국수,37.58657925,127.001503,restaurant,164,12,4.1000000000000005,restaurant,,
호남식당,37.63418206,127.0658276,restaurant,64,3,2.6666666666666665,restaurant,,
호남집,37.56467635,127.0005433,restaurant,146,11,3.772727272727273,restaurant,lodgement,
호랑도,37.54807136,127.0575656,restaurant,84,10,3.9299999999999997,restaurant,,
호랑이,37.56746575,126.9954497,restaurant,142,29,3.706896551724138,restaurant,lodgement,
호랑이초밥,37.54633918,127.0547319,restaurant,84,10,3.9299999999999997,restaurant,,
안동국시 호면정,37.5693925,126.9813908,restaurant,184,33,3.590909090909091,restaurant,lodgement,
호무랑,37.52332306,127.0441187,restaurant,349,26,3.773076923076923,restaurant,,
호밀밭,37.55891842,126.9405246,restaurant,228,20,3.915,restaurant,lodgement,
호박식당 약수본점,37.55712176,127.0122343,restaurant,165,7,3.357142857142857,restaurant,lodgement,
호수집 원조닭꼬치,37.5590608,126.9686812,restaurant,181,4,3.6,restaurant,,
호야초밥참치 본점,37.54345148,127.070077,restaurant,88,12,4.083333333333333,restaurant,,
호재래양꼬치,37.5571392,127.0776681,restaurant,89,3,4.133333333333333,restaurant,,
호족반 청담,37.52544834,127.0367395,restaurant,347,24,3.6750000000000003,restaurant,,
호호식당 대학로점,37.58190338,127.0000091,restaurant,154,22,3.8045454545454547,restaurant,,
호호식당 성수동점,37.54717624,127.0438634,restaurant,78,48,3.8979166666666667,restaurant,,
혼가츠,37.58338461,127.0002627,restaurant,154,22,3.8045454545454547,restaurant,,
홈수끼 방이본점,37.51204095,127.1262283,restaurant,395,6,3.516666666666667,restaurant,,
홍가네풍천장어,37.66319238,127.0199201,restaurant,30,3,3.6333333333333333,restaurant,,
홍능갈비 본점,37.58687279,127.0425711,restaurant,102,3,3.466666666666667,restaurant,,
홍대조폭떡볶이,37.55526907,126.9285844,restaurant,227,9,3.688888888888889,restaurant,lodgement,
반지만들기공방 홍대반지카페,37.55212627,126.9212971,restaurant,231,17,3.7941176470588234,restaurant,lodgement,
홍루몽,37.48482524,127.0127404,restaurant,311,7,3.742857142857143,restaurant,lodgement,
홍명,37.57006743,127.0106721,restaurant,151,17,3.8176470588235296,restaurant,lodgement,
홍미닭발 신사본점,37.51705316,127.0203325,restaurant,339,27,3.7629629629629626,restaurant,lodgement,
홍미닭발 화곡본점,37.55133304,126.8516074,restaurant,206,5,3.38,restaurant,lodgement,
홍백집,37.57051018,127.005318,restaurant,144,20,3.595,restaurant,,
홍어명가 본점,37.51067861,126.911393,restaurant,277,6,4.166666666666667,restaurant,,
홍영재장수청국장 삼성점,37.50750289,127.0644675,restaurant,330,7,3.8428571428571425,restaurant,lodgement,
홍원,37.52763806,127.1313194,restaurant,58,3,3.9333333333333336,restaurant,,
홍이네옛날떡볶이,37.60171235,127.1033957,restaurant,71,1,3.2,restaurant,,
홍제동30년 우동국수,37.61631765,126.9078019,restaurant,126,2,3.6,restaurant,,
홍차이나,37.36615459,127.1054152,restaurant,374,1,3.7,restaurant,,
홍천집,37.57231254,127.0191589,restaurant,148,9,3.688888888888889,restaurant,lodgement,
홍콩반점0410 명동점,37.56324647,126.9853708,restaurant,186,43,3.511627906976744,restaurant,lodgement,
홍팥집 오금점,37.50164077,127.138203,restaurant,393,2,3.95,restaurant,,
홍화돈,37.54697527,127.0463506,restaurant,78,48,3.8979166666666667,restaurant,,
화곡영양족발,37.54325865,126.8435023,restaurant,210,3,3.4333333333333336,restaurant,lodgement,
화니 신세계백화점 강남점,37.5051796,127.0041054,restaurant,355,8,3.5999999999999996,restaurant,lodgement,
화담,37.59549763,127.0617261,restaurant,109,4,4.25,restaurant,,
화떡,37.56299398,126.9837919,restaurant,186,43,3.511627906976744,restaurant,lodgement,
화목순대국,37.51925139,126.9312917,restaurant,274,11,3.5727272727272723,restaurant,,
화진포막국수 강동구청점,37.52844097,127.1245544,restaurant,53,6,3.9166666666666665,restaurant,lodgement,
화춘옥 청담점,37.52148363,127.0377104,restaurant,343,21,3.7857142857142856,restaurant,lodgement,
화포식당 시청점,37.56178744,126.9776124,restaurant,187,22,3.772727272727273,restaurant,lodgement,
화해당 여의도점,37.52693668,126.9168662,restaurant,271,9,3.744444444444445,restaurant,lodgement,
화화담 성수,37.54323068,127.054853,restaurant,83,28,3.8535714285714286,restaurant,,
화화,37.50524831,127.0352095,restaurant,322,6,3.733333333333333,restaurant,lodgement,
황금목장 명동성당점,37.56284825,126.9855441,restaurant,186,43,3.511627906976744,restaurant,lodgement,
황금소 본점,37.4942669,127.1236031,restaurant,400,7,3.585714285714286,restaurant,lodgement,
황금오리농장,37.60089164,126.9212378,restaurant,131,2,4.05,restaurant,,
황금정원,37.6628864,127.0177258,restaurant,30,3,3.6333333333333333,restaurant,,
황금콩밭,37.55096606,126.9567342,restaurant,194,4,4.325,restaurant,,
황도바지락칼국수,37.50424007,127.1060501,restaurant,385,10,3.9799999999999995,restaurant,,
황생가칼국수,37.58006016,126.980641,restaurant,156,15,3.5933333333333333,restaurant,lodgement,
황선생수학교습소,37.55856274,126.8247291,restaurant,218,4,4.125,restaurant,,
구월산,37.52679412,126.8981965,restaurant,270,17,4.047058823529412,restaurant,,
횡성한우,37.60170242,127.0165652,restaurant,138,4,3.9,restaurant,,
효뜨,37.49505942,127.0297938,restaurant,317,10,4.05,restaurant,lodgement,
효자바베,37.57675312,126.9701047,restaurant,246,25,3.68,restaurant,lodgement,
후라토식당 본점,37.57202208,126.9742926,restaurant,242,17,3.6176470588235294,restaurant,lodgement,
후암편백,37.5510204,126.9769706,restaurant,178,9,4.066666666666666,restaurant,lodgement,
훈카츠,37.55784773,126.9435654,restaurant,193,7,4.271428571428571,restaurant,lodgement,
훔볼트,37.54009845,127.055602,restaurant,81,11,4.190909090909091,restaurant,,
훼미리손칼국수보쌈,37.54955908,127.0446785,restaurant,77,19,4.005263157894737,restaurant,,
휴135,37.53666251,126.9991084,restaurant,175,15,3.533333333333333,restaurant,lodgement,
흑돈가 명동점,37.56482299,126.9836874,restaurant,183,27,3.596296296296296,restaurant,lodgement,
흑돈가 삼성역점,37.51250582,127.056328,restaurant,336,26,3.784615384615385,restaurant,lodgement,
흑돈가 명동점,37.56482299,126.9836874,restaurant,183,27,3.596296296296296,restaurant,lodgement,
흥부골숯불돼지왕갈비,37.52053659,126.9045907,restaurant,266,13,3.4615384615384617,restaurant,lodgement,
흥부보쌈,37.52977,126.9647427,restaurant,198,9,4.0,restaurant,lodgement,
희극지왕,37.52664201,126.897337,restaurant,270,17,4.047058823529412,restaurant,,
희락갈치,37.55989345,126.9771037,restaurant,188,13,3.523076923076923,restaurant,lodgement,
희래등,37.49469396,127.0194715,restaurant,315,9,3.511111111111111,restaurant,lodgement,
희릿,37.54266045,127.0484412,restaurant,82,8,4.2125,restaurant,,
희죽희죽,37.56174931,126.9879573,restaurant,186,43,3.511627906976744,restaurant,lodgement,
히노야마,37.51740157,126.8653016,restaurant,263,3,3.8666666666666667,restaurant,,
히메시야,37.54867183,126.9212837,restaurant,229,8,3.7625,restaurant,,
힐스앤유로파,37.54164254,126.9871119,restaurant,171,5,3.54,restaurant,,
1012하우스 남산,37.5576281,126.984068,lodgement,185,19,3.621052631578947,lodgement,restaurant,
24게스트하우스 서울역점,37.5527099,126.9747177,lodgement,178,9,4.066666666666666,restaurant,lodgement,
24게스트하우스 잠실점,37.5020382,127.088663,lodgement,379,7,3.9571428571428577,restaurant,lodgement,
24게스트하우스 동대문시장점,37.5660169,126.9808193,lodgement,183,27,3.596296296296296,restaurant,lodgement,
투유원룸호스텔,37.5686601,126.9982154,lodgement,143,6,3.633333333333333,restaurant,lodgement,
사월호텔,37.5018974,127.0421303,lodgement,324,15,3.5266666666666664,restaurant,lodgement,
비마이게스트하우스,37.5584486,126.9838608,lodgement,185,19,3.621052631578947,lodgement,restaurant,
세븐일레븐 숭인IBC호텔점,37.5719612,127.0233559,lodgement,148,9,3.688888888888889,restaurant,lodgement,
JW 메리어트 동대문 스퀘어 서울,37.5703683,127.0088222,lodgement,151,17,3.8176470588235296,restaurant,lodgement,
JW 메리어트 호텔 서울,37.5041078,127.0040297,lodgement,355,8,3.5999999999999996,restaurant,lodgement,
L7 홍대바이롯데,37.5540161,126.919782,lodgement,231,17,3.7941176470588234,restaurant,lodgement,
MK리버티하우스 서울역본점,37.554709,126.9684376,lodgement,182,8,3.7,restaurant,lodgement,
MW호텔,37.5072462,127.0844294,lodgement,380,27,3.559259259259259,lodgement,restaurant,
호텔엔유 종합운동장점,37.5083623,127.081665,lodgement,380,27,3.559259259259259,lodgement,restaurant,
부띠크 호텔SB,37.5175164,126.9084851,lodgement,267,11,3.4,restaurant,lodgement,
홈스위트홈 잠실점,37.5283606,126.9057287,lodgement,268,4,3.7,restaurant,lodgement,
와이즈하우스,37.5598873,126.9254959,lodgement,236,15,3.9,restaurant,lodgement,
써클호텔 합정점,37.5590594,126.9210272,lodgement,233,9,3.8666666666666663,restaurant,lodgement,
가락관광호텔,37.5524559,126.9195565,lodgement,231,17,3.7941176470588234,restaurant,lodgement,
강남아르누보씨티,37.4945055,127.1204267,lodgement,400,7,3.585714285714286,restaurant,lodgement,
강남패밀리호텔,37.4934031,127.0281179,lodgement,317,10,4.05,restaurant,lodgement,
호텔갤럭시,37.5136217,127.056755,lodgement,336,26,3.784615384615385,restaurant,lodgement,
게스트하우스 몽자,37.5286707,126.9079258,lodgement,268,4,3.7,restaurant,lodgement,
게스트하우스강남,37.531993,126.9957181,lodgement,170,20,3.8850000000000002,restaurant,lodgement,
골든서울호텔,37.5263529,127.0306863,lodgement,346,10,4.01,restaurant,lodgement,
골든호텔,37.5478537,126.8781777,lodgement,255,3,4.0,lodgement,restaurant,
국제청소년센터 유스호스텔,37.5600285,126.8300028,lodgement,204,5,4.2,restaurant,lodgement,
그랜드워커힐서울,37.5687737,126.8116963,lodgement,212,2,4.3,restaurant,lodgement,
그랜드인터컨티넨탈 서울파르나스,37.5553271,127.1101533,lodgement,49,6,3.15,restaurant,lodgement,
그랜드 하얏트 서울,37.5090726,127.0607194,lodgement,336,26,3.784615384615385,restaurant,lodgement,
그린파크모텔,37.5394909,126.997681,lodgement,172,6,3.85,restaurant,lodgement,
나루하우스,37.5728887,127.0167961,lodgement,148,9,3.688888888888889,restaurant,lodgement,
나무호텔,37.5518796,126.9180092,lodgement,231,17,3.7941176470588234,restaurant,lodgement,
나비호스텔,37.5470766,127.1070849,lodgement,50,1,4.3,lodgement,,
나이아가라호텔 정문,37.5579912,126.9247562,lodgement,233,9,3.8666666666666663,restaurant,lodgement,
나인브릭호텔 주차장,37.5477666,126.879678,lodgement,255,3,4.0,lodgement,restaurant,
나인트리 프리미어 로카우스 호텔 서울 용산,37.5535928,126.9206167,lodgement,231,17,3.7941176470588234,restaurant,lodgement,
나인트리 바이 파르나스 서울 동대문,37.5297072,126.9669297,lodgement,198,9,4.0,restaurant,lodgement,
나인트리바이파르나스 서울명동1,37.5667347,127.0028485,lodgement,146,11,3.772727272727273,restaurant,lodgement,
낙원힐하우스,37.5615126,126.9860783,lodgement,186,43,3.511627906976744,restaurant,lodgement,
남산하이드아웃,37.547649,126.9436612,lodgement,192,6,3.6833333333333336,restaurant,lodgement,
남산게스트하우스,37.5581074,126.9847475,lodgement,185,19,3.621052631578947,lodgement,restaurant,
남현당,37.5580135,126.9845937,lodgement,185,19,3.621052631578947,lodgement,restaurant,
노보텔 앰배서더 서울 강남,37.569237,126.987619,lodgement,142,29,3.706896551724138,restaurant,lodgement,
노보텔 앰배서더 서울 동대문 호텔 & 레지던스,37.5051522,127.028929,lodgement,321,12,3.625,restaurant,lodgement,
노스텔지어,37.5660169,126.9808193,lodgement,183,27,3.596296296296296,restaurant,lodgement,
누하당,37.5823259,126.9843457,lodgement,160,18,3.322222222222222,restaurant,lodgement,
뉴서울 호텔,37.5786848,126.9689709,lodgement,246,25,3.68,restaurant,lodgement,
뉴천지호텔,37.5679878,126.9781607,lodgement,184,33,3.590909090909091,restaurant,lodgement,
스웨터코리아,37.565717,127.0035262,lodgement,146,11,3.772727272727273,restaurant,lodgement,
다산하우스,37.5540848,126.9186078,lodgement,231,17,3.7941176470588234,restaurant,lodgement,
다자연 한옥게스트하우스,37.5591068,126.8111235,lodgement,216,6,3.65,restaurant,lodgement,
더플라자호텔 블랑제리,37.5750258,126.9913709,lodgement,157,27,3.6037037037037036,restaurant,lodgement,
더 리버사이드호텔,37.5646228,126.9780753,lodgement,187,22,3.772727272727273,restaurant,lodgement,
셀란,37.5185714,127.0180161,lodgement,339,27,3.7629629629629626,restaurant,lodgement,
더캡슐 반포,37.5740734,127.0349161,lodgement,98,3,4.033333333333333,lodgement,restaurant,
호텔데님,37.5043003,127.0198336,lodgement,320,6,3.633333333333333,restaurant,lodgement,
두리하우스,37.4761134,127.0466724,lodgement,308,5,4.1,restaurant,lodgement,
둥글하우스,37.5916765,127.037081,lodgement,136,3,3.033333333333333,restaurant,lodgement,
호텔드어반,37.4769515,126.9657197,lodgement,369,2,3.4,restaurant,lodgement,
디비 하우스 A동,37.5296325,126.8471496,lodgement,259,4,3.875,lodgement,,
딜라이트호텔,37.6034806,126.9248913,lodgement,130,13,3.8076923076923075,lodgement,restaurant,
라마다바이윈덤 서울동대문,37.5155822,127.1141604,lodgement,51,10,3.7600000000000002,restaurant,lodgement,
라바호텔,37.5681683,127.0021461,lodgement,146,11,3.772727272727273,restaurant,lodgement,
라이즈 오토그래프 컬렉션,37.4862281,127.0134833,lodgement,311,7,3.742857142857143,restaurant,lodgement,
라이프스타일호텔,37.5542951,126.9212674,lodgement,231,17,3.7941176470588234,restaurant,lodgement,
라자호텔,37.5173637,126.9112823,lodgement,267,11,3.4,restaurant,lodgement,
레드버튼 강남점,37.5155822,127.1141604,lodgement,51,10,3.7600000000000002,restaurant,lodgement,
레스케이프호텔,37.5584119,126.984818,lodgement,185,19,3.621052631578947,lodgement,restaurant,
레인보우호텔,37.5597397,126.9794267,lodgement,188,13,3.523076923076923,restaurant,lodgement,
렉스관광호텔,37.5404248,126.9720661,lodgement,202,11,3.6727272727272724,restaurant,lodgement,
서울렉스호텔,37.5143622,127.0204912,lodgement,341,6,3.6999999999999997,restaurant,lodgement,
로사나부띠끄호텔 뷔페,37.5586621,126.9805931,lodgement,188,13,3.523076923076923,restaurant,lodgement,
로얄스퀘어호텔,37.5048362,127.0971969,lodgement,382,8,3.6875,restaurant,lodgement,
로얄호텔서울,37.5608281,126.8103747,lodgement,216,6,3.65,restaurant,lodgement,
롯데시티호텔 구로,37.5638349,126.9849971,lodgement,186,43,3.511627906976744,restaurant,lodgement,
롯데시티호텔 김포공항,37.4845924,126.8963929,lodgement,287,6,3.483333333333333,restaurant,lodgement,
롯데시티호텔 마포,37.5632147,126.8031098,lodgement,215,2,3.1,restaurant,lodgement,
롯데시티호텔 명동,37.544521,126.9507401,lodgement,191,8,3.9375,restaurant,lodgement,
L7 강남바이롯데,37.5651597,126.9808499,lodgement,183,27,3.596296296296296,restaurant,lodgement,
L7 명동바이롯데,37.5057026,127.0517173,lodgement,328,13,3.869230769230769,restaurant,lodgement,
롯데호텔 월드,37.5612297,126.9868853,lodgement,186,43,3.511627906976744,restaurant,lodgement,
롯데호텔 서울,37.5114987,127.0982387,lodgement,383,2,4.0,restaurant,lodgement,
르메르디앙 서울명동,37.5652555,126.9806254,lodgement,183,27,3.596296296296296,restaurant,lodgement,
르아브르,37.5612962,126.9832412,lodgement,186,43,3.511627906976744,restaurant,lodgement,
리버사이드게스트하우스,37.5528262,126.8539114,lodgement,206,5,3.38,restaurant,lodgement,
리제,37.536265,127.0647137,lodgement,87,3,4.0,restaurant,lodgement,
리치다이아몬드호텔,37.5639332,127.0098497,lodgement,152,19,3.9,restaurant,lodgement,
리치웰호텔,37.6364159,127.0172621,lodgement,37,6,3.6333333333333333,restaurant,lodgement,
맹그로브 동대문,37.5043221,127.0401127,lodgement,324,15,3.5266666666666664,restaurant,lodgement,
맹그로브 신설,37.5574295,126.9761428,lodgement,189,6,3.5500000000000003,restaurant,lodgement,
머큐어 앰배서더 서울 홍대,37.5815205,127.0469248,lodgement,108,7,4.114285714285715,restaurant,lodgement,
메리어트 이그제큐티브아파트먼트 서울,37.5552548,126.9223997,lodgement,232,10,4.0,restaurant,lodgement,
메이플레이스 호텔 서울 동대문,37.527274,126.9272604,lodgement,273,12,3.858333333333333,restaurant,lodgement,
메이필드호텔 서울,37.57612,126.9988248,lodgement,153,4,3.8249999999999997,restaurant,lodgement,
메트로호텔,37.5632859,126.8137674,lodgement,216,6,3.65,restaurant,lodgement,
모노홈스튜디오,37.5651025,126.9836916,lodgement,183,27,3.596296296296296,restaurant,lodgement,
목시 서울 명동,37.5568082,126.9299441,lodgement,227,9,3.688888888888889,restaurant,lodgement,
미담한옥게스트하우스,37.5612962,126.9832412,lodgement,186,43,3.511627906976744,restaurant,lodgement,
바론드호텔,37.5802628,126.9856262,lodgement,155,14,3.7642857142857147,restaurant,lodgement,
반얀트리클럽앤스파서울,37.557329,126.9387267,lodgement,228,20,3.915,restaurant,lodgement,
발리관광호텔,37.5500945,127.0003194,lodgement,166,2,3.15,restaurant,lodgement,
베스트웨스턴프리미어 강남호텔,37.5332366,127.1224266,lodgement,53,6,3.9166666666666665,restaurant,lodgement,
보라보라,37.5136217,127.056755,lodgement,336,26,3.784615384615385,restaurant,lodgement,
보보스모텔,37.5331704,126.9937452,lodgement,170,20,3.8850000000000002,restaurant,lodgement,
보안스테이,37.5241262,126.9086689,lodgement,267,11,3.4,restaurant,lodgement,
부티크호텔K 동대문점,37.5781604,126.9739379,lodgement,246,25,3.68,restaurant,lodgement,
인우 한옥 게스트하우스,37.5740734,127.0349161,lodgement,98,3,4.033333333333333,lodgement,restaurant,
북촌빈관by락고재,37.5799385,126.9850315,lodgement,155,14,3.7642857142857147,restaurant,lodgement,
브라운스위트호텔 신촌센트럴,37.5823259,126.9843457,lodgement,160,18,3.322222222222222,restaurant,lodgement,
비바라비다,37.553735,126.9345735,lodgement,228,20,3.915,restaurant,lodgement,
비스타워커힐서울 피자힐,37.57552,127.0012401,lodgement,153,4,3.8249999999999997,restaurant,lodgement,
빅존스플레이스,37.5553271,127.1101533,lodgement,49,6,3.15,restaurant,lodgement,
사당이층집,37.5040449,127.0252382,lodgement,321,12,3.625,restaurant,lodgement,
코리아게스트하우스,37.4819907,126.9765013,lodgement,351,2,3.8499999999999996,restaurant,lodgement,
스테이인명동게스트하우스,37.582034,126.982006,lodgement,160,18,3.322222222222222,restaurant,lodgement,
션샤인호텔서울 일마레,37.5603827,126.9873363,lodgement,186,43,3.511627906976744,restaurant,lodgement,
서울엔호스텔,37.521407,127.0336791,lodgement,343,21,3.7857142857142856,restaurant,lodgement,
서울신라호텔,37.5651368,127.0022647,lodgement,146,11,3.772727272727273,restaurant,lodgement,
서울앤호텔 동대문,37.5571712,127.0077263,lodgement,165,7,3.357142857142857,restaurant,lodgement,
R게스트하우스,37.573587,127.0213125,lodgement,148,9,3.688888888888889,restaurant,lodgement,
서울올림픽파크텔,37.5537809,126.9670969,lodgement,182,8,3.7,restaurant,lodgement,
서울큐브이화,37.5221984,127.1164983,lodgement,51,10,3.7600000000000002,restaurant,lodgement,
서울프린스호텔,37.5561113,126.9479916,lodgement,193,7,4.271428571428571,restaurant,lodgement,
서촌 영락재,37.5640616,127.0089762,lodgement,152,19,3.9,restaurant,lodgement,
석촌별채,37.5805853,126.9668948,lodgement,245,12,3.475,restaurant,lodgement,
선음재,37.5121878,127.1120518,lodgement,386,21,3.842857142857143,restaurant,lodgement,
세연재,37.5849769,126.9855348,lodgement,160,18,3.322222222222222,restaurant,lodgement,
세종호텔,37.6403569,126.939427,lodgement,116,7,2.8428571428571425,lodgement,restaurant,
센트럴호텔,37.5614065,126.9880007,lodgement,186,43,3.511627906976744,restaurant,lodgement,
소담소담,37.5692172,126.9967142,lodgement,143,6,3.633333333333333,restaurant,lodgement,
소담스테이 미아점,37.5909125,127.0091525,lodgement,163,10,4.07,restaurant,lodgement,
소라모텔,37.5473827,126.9577369,lodgement,195,5,3.02,restaurant,lodgement,
소테츠 프레사 인 서울 명동,37.5564114,126.9398343,lodgement,228,20,3.915,restaurant,lodgement,
소테츠호텔즈 더 스프라지르 서울동대문,37.5628575,126.9851914,lodgement,186,43,3.511627906976744,restaurant,lodgement,
소테츠 호텔즈 더 스프라지르 서울 명동,37.5680753,127.0091046,lodgement,152,19,3.9,restaurant,lodgement,
소피텔 앰배서더 서울 호텔 & 서비스드 레지던스,37.5619717,126.9788346,lodgement,187,22,3.772727272727273,restaurant,lodgement,
스위스그랜드호텔(구 그랜드힐튼호텔) 전기차충전소,37.5140396,127.1065213,lodgement,386,21,3.842857142857143,restaurant,lodgement,
마이스윗서울,37.5793101,126.9335731,lodgement,252,3,4.3,restaurant,lodgement,
스타리아호스텔,37.5065277,127.0822373,lodgement,380,27,3.559259259259259,lodgement,restaurant,
스탠포드호텔 명동,37.5584974,126.9861758,lodgement,185,19,3.621052631578947,lodgement,restaurant,
스테이256,37.5820411,126.887077,lodgement,224,3,3.6333333333333333,restaurant,lodgement,
스테이넉넉,37.5830669,126.9809319,lodgement,160,18,3.322222222222222,restaurant,lodgement,
스페이스휴,37.5772545,127.0268868,lodgement,99,8,3.5625,restaurant,lodgement,
신영모텔,37.5063324,127.1218722,lodgement,396,3,3.3000000000000003,restaurant,lodgement,
써미트호텔 로터스커피,37.5183415,126.906708,lodgement,266,13,3.4615384615384617,restaurant,lodgement,
CS에비뉴호텔,37.5680753,127.0091046,lodgement,152,19,3.9,restaurant,lodgement,
CL호텔,37.5990939,126.9364056,lodgement,128,2,3.8,restaurant,lodgement,
아담한옥,37.5284315,126.8438911,lodgement,259,4,3.875,lodgement,,
호텔아르고,37.5812218,126.9686876,lodgement,245,12,3.475,restaurant,lodgement,
아름다운황토집,37.5247975,127.1457171,lodgement,55,3,4.266666666666667,restaurant,lodgement,
아리랑힐호텔 동대문,37.6259072,126.9211393,lodgement,127,1,4.5,lodgement,,
명동아리하우스,37.5935757,127.0165735,lodgement,140,6,3.4166666666666665,restaurant,lodgement,
아만티호텔서울,37.5605946,126.9864383,lodgement,186,43,3.511627906976744,restaurant,lodgement,
아모렉스관광호텔,37.567488,126.9095194,lodgement,234,2,2.75,restaurant,lodgement,
아임그린게스트하우스,37.5639159,127.0354744,lodgement,95,16,4.21875,lodgement,restaurant,
안테룸 서울 주차장,37.5923864,126.9930074,lodgement,161,8,3.3499999999999996,restaurant,lodgement,
야코리아호스텔 강남점,37.5190242,127.026117,lodgement,339,27,3.7629629629629626,restaurant,lodgement,
업플로 서초,37.5045345,127.0437906,lodgement,324,15,3.5266666666666664,restaurant,lodgement,
SR 호텔 마곡,37.4931569,127.0174599,lodgement,315,9,3.511111111111111,restaurant,lodgement,
H에비뉴호텔 건대점,37.561109,126.8394918,lodgement,205,7,3.4,restaurant,lodgement,
H에비뉴 성신여대점,37.5474021,127.0674375,lodgement,79,9,3.988888888888889,restaurant,lodgement,
엔트라호텔 테이블마운틴,37.5923769,127.0144504,lodgement,140,6,3.4166666666666665,restaurant,lodgement,
연당,37.5240175,127.0484645,lodgement,348,17,3.841176470588235,restaurant,lodgement,
영빈호텔,37.5826381,126.9872194,lodgement,160,18,3.322222222222222,restaurant,lodgement,
예포게스트하우스,37.5617501,127.005708,lodgement,145,12,3.641666666666667,restaurant,lodgement,
오늘스테이,37.567299,126.9208983,lodgement,235,6,4.283333333333334,restaurant,lodgement,
오늘스테이 동대문점,37.5000278,126.9145897,lodgement,281,2,3.5,restaurant,lodgement,
오렌지큐브하우스,37.5771284,127.0370118,lodgement,101,2,3.95,restaurant,lodgement,
오롯이한옥,37.5546012,126.913746,lodgement,231,17,3.7941176470588234,restaurant,lodgement,
오리엔스호텔&레지던스,37.5800909,126.9681186,lodgement,245,12,3.475,restaurant,lodgement,
오월호텔,37.5600616,126.9912064,lodgement,141,17,3.552941176470588,restaurant,lodgement,
오케이빌 게스트하우스,37.5010225,127.0417976,lodgement,324,15,3.5266666666666664,restaurant,lodgement,
오크우드프리미어 코엑스센터,37.5112404,126.9285068,lodgement,275,5,3.78,restaurant,lodgement,
와이즈하우스,37.5110213,127.0581061,lodgement,336,26,3.784615384615385,restaurant,lodgement,
욜로게스트하우스,37.5598873,126.9254959,lodgement,236,15,3.9,restaurant,lodgement,
웨스턴 코업호텔&레지던스,37.5590594,126.9210272,lodgement,233,9,3.8666666666666663,restaurant,lodgement,
웨스틴조선 서울,37.558999,126.985558,lodgement,185,19,3.621052631578947,lodgement,restaurant,
웰컴미스테익스하우스,37.5664239,127.0050439,lodgement,152,19,3.9,restaurant,lodgement,
위고인호스텔,37.5650076,126.9796693,lodgement,183,27,3.596296296296296,restaurant,lodgement,
인휴당,37.5917434,126.9632319,lodgement,120,9,3.6222222222222222,restaurant,lodgement,
이비스 스타일 앰배서더 서울 강남,37.6413028,126.9391729,lodgement,116,7,2.8428571428571425,lodgement,restaurant,
이비스 앰배서더 서울 명동,37.5584889,126.986296,lodgement,185,19,3.621052631578947,lodgement,restaurant,
이비스 앰배서더 서울 인사동,37.5027964,127.0587391,lodgement,331,10,3.75,restaurant,lodgement,
호텔이사벨,37.5643473,126.9829236,lodgement,183,27,3.596296296296296,restaurant,lodgement,
이호소락,37.5742045,126.9885488,lodgement,157,27,3.6037037037037036,restaurant,lodgement,
이화한옥 사직루,37.4748185,126.8938093,lodgement,288,4,3.55,restaurant,lodgement,
인게스트하우스,37.5802421,126.9818694,lodgement,156,15,3.5933333333333333,restaurant,lodgement,
스파크플러스 코엑스점,37.5799564,126.9686534,lodgement,245,12,3.475,restaurant,lodgement,
임피리얼팰리스 부티크호텔,37.5602372,126.9070586,lodgement,241,9,3.744444444444445,restaurant,lodgement,
자이언트호텔,37.5128251,127.0572645,lodgement,336,26,3.784615384615385,restaurant,lodgement,
자자백팩커스,37.5352908,126.9982368,lodgement,175,15,3.533333333333333,restaurant,lodgement,
자함헌,37.5136217,127.056755,lodgement,336,26,3.784615384615385,restaurant,lodgement,
호텔상주,37.5588171,126.9864491,lodgement,185,19,3.621052631578947,lodgement,restaurant,
제리스플래닛호텔,37.6431297,126.9393014,lodgement,116,7,2.8428571428571425,lodgement,restaurant,
지유,37.5088303,127.0806179,lodgement,380,27,3.559259259259259,lodgement,restaurant,
청향재,37.4990496,127.0285218,lodgement,319,10,3.81,restaurant,lodgement,
고디바 광화문점,37.5741704,127.0192111,lodgement,148,9,3.688888888888889,restaurant,lodgement,
카파쓰 관광호텔,37.6416067,126.9401819,lodgement,116,7,2.8428571428571425,lodgement,restaurant,
칼튼호텔,37.5287774,126.84585,lodgement,259,4,3.875,lodgement,,
캄스테이,37.5018974,127.0421303,lodgement,324,15,3.5266666666666664,restaurant,lodgement,
캘리포니아관광호텔,37.5410653,126.8382476,lodgement,210,3,3.4333333333333336,restaurant,lodgement,
케이팝호텔,37.5084454,127.085308,lodgement,380,27,3.559259259259259,lodgement,restaurant,
코리아나호텔,37.4945055,127.1204267,lodgement,400,7,3.585714285714286,restaurant,lodgement,
코보스호텔,37.5547727,126.9741041,lodgement,182,8,3.7,restaurant,lodgement,
코트야드바이메리어트 서울남대문,37.5682306,126.9766528,lodgement,184,33,3.590909090909091,restaurant,lodgement,
코트야드 바이메리어트 서울타임스퀘어,37.529655,126.9208594,lodgement,271,9,3.744444444444445,restaurant,lodgement,
콘래드 서울,37.5611544,126.9770044,lodgement,187,22,3.772727272727273,restaurant,lodgement,
쿠즈호텔,37.5174567,126.9038878,lodgement,266,13,3.4615384615384617,restaurant,lodgement,
쿤하우스,37.5253892,126.9266335,lodgement,273,12,3.858333333333333,restaurant,lodgement,
큐브게스트하우스,37.5770315,126.9897482,lodgement,157,27,3.6037037037037036,restaurant,lodgement,
클래식고택,37.553428,126.9755728,lodgement,178,9,4.066666666666666,restaurant,lodgement,
토요코인호텔 서울강남점,37.535552,126.9921715,lodgement,170,20,3.8850000000000002,restaurant,lodgement,
톰지호텔,37.5798212,126.9681258,lodgement,245,12,3.475,restaurant,lodgement,
트레블로지 동대문호텔,37.5188362,127.0186753,lodgement,339,27,3.7629629629629626,restaurant,lodgement,
트레블로지 명동 시티홀 호텔,37.515408,127.1146225,lodgement,51,10,3.7600000000000002,restaurant,lodgement,
트리아관광호텔,37.5553292,127.0096061,lodgement,165,7,3.357142857142857,restaurant,lodgement,
티롤관광호텔,37.563036,126.9780453,lodgement,187,22,3.772727272727273,restaurant,lodgement,
파로스관광호텔,37.5032056,127.0390465,lodgement,324,15,3.5266666666666664,restaurant,lodgement,
파크 하얏트 서울,37.5151391,127.0170606,lodgement,341,6,3.6999999999999997,restaurant,lodgement,
파티오세븐,37.5083623,127.081665,lodgement,380,27,3.559259259259259,lodgement,restaurant,
퍼시픽호텔,37.5086027,127.0641785,lodgement,330,7,3.8428571428571425,restaurant,lodgement,
페어몬트 앰배서더 서울,37.5221386,127.0281592,lodgement,345,9,3.6333333333333337,restaurant,lodgement,
포레스타호텔,37.5596756,126.9854296,lodgement,185,19,3.621052631578947,lodgement,restaurant,
포레스타호텔,37.5259638,126.9284184,lodgement,273,12,3.858333333333333,restaurant,lodgement,
포레스타호텔,37.5098063,127.080863,lodgement,380,27,3.559259259259259,lodgement,restaurant,
미래에셋컨설팅 광화문미래에셋호텔,37.5626599,127.0345126,lodgement,95,16,4.21875,lodgement,restaurant,
포포인츠 바이쉐라톤 서울구로,37.6079542,126.9239776,lodgement,130,13,3.8076923076923075,lodgement,restaurant,
조선호텔 포포인츠바이쉐라톤 서울명동,37.5098063,127.080863,lodgement,380,27,3.559259259259259,lodgement,restaurant,
조선호텔 포포인츠바이쉐라톤 서울역,37.5626599,127.0345126,lodgement,95,16,4.21875,lodgement,restaurant,
프레이저플레이스 남대문서울,37.6079542,126.9239776,lodgement,130,13,3.8076923076923075,lodgement,restaurant,
프레이저플레이스 센트럴서울,37.5098063,127.080863,lodgement,380,27,3.559259259259259,lodgement,restaurant,
프레지던트호텔,37.5626599,127.0345126,lodgement,95,16,4.21875,lodgement,restaurant,
펠리체,37.6079542,126.9239776,lodgement,130,13,3.8076923076923075,lodgement,restaurant,
XYM프리미어호텔,37.5098063,127.080863,lodgement,380,27,3.559259259259259,lodgement,restaurant,
플랜에이호스텔,37.5626599,127.0345126,lodgement,95,16,4.21875,lodgement,restaurant,
필스테이 이화부띠끄,37.6079542,126.9239776,lodgement,130,13,3.8076923076923075,lodgement,restaurant,
하노크 북촌,37.5098063,127.080863,lodgement,380,27,3.559259259259259,lodgement,restaurant,
하얀모텔,37.5626599,127.0345126,lodgement,95,16,4.21875,lodgement,restaurant,
하이서울유스호스텔,37.6079542,126.9239776,lodgement,130,13,3.8076923076923075,lodgement,restaurant,
하이얀,37.5098063,127.080863,lodgement,380,27,3.559259259259259,lodgement,restaurant,
한미장펜션,37.5626599,127.0345126,lodgement,95,16,4.21875,lodgement,restaurant,
한스하우스,37.6079542,126.9239776,lodgement,130,13,3.8076923076923075,lodgement,restaurant,
한옥게스트하우스동촌재,37.5098063,127.080863,lodgement,380,27,3.559259259259259,lodgement,restaurant,
한옥에세이 서촌,37.5626599,127.0345126,lodgement,95,16,4.21875,lodgement,restaurant,
함경루,37.6079542,126.9239776,lodgement,130,13,3.8076923076923075,lodgement,restaurant,
해밀톤호텔,37.5098063,127.080863,lodgement,380,27,3.559259259259259,lodgement,restaurant,
핸드픽트호텔,37.5626599,127.0345126,lodgement,95,16,4.21875,lodgement,restaurant,
헤이마게스트하우스,37.6079542,126.9239776,lodgement,130,13,3.8076923076923075,lodgement,restaurant,
호스텔하루,37.5098063,127.080863,lodgement,380,27,3.559259259259259,lodgement,restaurant,
호스텔하루,37.5626599,127.0345126,lodgement,95,16,4.21875,lodgement,restaurant,
호텔 나루 서울 엠갤러리 앰배서더,37.6079542,126.9239776,lodgement,130,13,3.8076923076923075,lodgement,restaurant,
호텔더디자이너스 종로점,37.5706548,126.9753742,lodgement,242,17,3.6176470588235294,restaurant,lodgement,
호텔더디자이너스 청량리,37.4831594,126.8998387,lodgement,287,6,3.483333333333333,restaurant,lodgement,
레이크호텔,37.5506849,126.9726737,lodgement,178,9,4.066666666666666,restaurant,lodgement,
리베라호텔 청담,37.5613772,126.9765197,lodgement,187,22,3.772727272727273,restaurant,lodgement,
호텔볼,37.5569752,126.9726034,lodgement,189,6,3.5500000000000003,restaurant,lodgement,
호텔삼정 제1주차장,37.5652459,126.9909305,lodgement,142,29,3.706896551724138,restaurant,lodgement,
호텔스카이파크 센트럴명동점,37.4927615,127.0107048,lodgement,314,6,3.3166666666666664,restaurant,lodgement,
호텔이채3,37.5006569,127.0387441,lodgement,324,15,3.5266666666666664,restaurant,lodgement,
호텔카푸치노,37.5599621,127.0180821,lodgement,150,12,3.4499999999999997,restaurant,lodgement,
더프리마호텔 종로점,37.5591659,126.9446652,lodgement,193,7,4.271428571428571,restaurant,lodgement,
GMS호텔,37.583751,126.9841714,lodgement,160,18,3.322222222222222,restaurant,lodgement,
호텔PJ 명동,37.5693989,127.0698815,lodgement,104,7,3.685714285714286,restaurant,lodgement,
신촌호텔가을,37.5193138,126.901004,lodgement,266,13,3.4615384615384617,restaurant,lodgement,
호텔국도,37.5777643,127.0139794,lodgement,147,6,3.8833333333333333,restaurant,lodgement,
호텔더디자이너스 동대문,37.6679856,127.0087575,lodgement,28,3,3.0,restaurant,lodgement,
호텔더디자이너스 서울역점,37.5774641,126.9707029,lodgement,246,25,3.68,restaurant,lodgement,
호텔디아티스트 연신내점,37.5798566,126.9696031,lodgement,245,12,3.475,restaurant,lodgement,
호텔디아티스트 연신내점,37.5786168,126.9683592,lodgement,246,25,3.68,restaurant,lodgement,
호텔마누,37.6413029,126.9388684,lodgement,116,7,2.8428571428571425,lodgement,restaurant,
소설호텔,37.5348135,126.9937364,lodgement,170,20,3.8850000000000002,restaurant,lodgement,
호텔스타,37.5051304,126.9407772,lodgement,361,1,3.1,lodgement,,
호텔스타프리미어 역삼,37.5552731,126.9268144,lodgement,227,9,3.688888888888889,restaurant,lodgement,
호텔포코 성수,37.568925,126.9843489,lodgement,158,57,3.7491228070175437,restaurant,lodgement,
호텔아르누보서초 주차장,37.568925,126.9843489,lodgement,158,57,3.7491228070175437,restaurant,lodgement,
BLVD 오라비지니스호텔,37.568925,126.9843489,lodgement,158,57,3.7491228070175437,restaurant,lodgement,
호텔유리앤,37.568925,126.9843489,lodgement,158,57,3.7491228070175437,restaurant,lodgement,
컬리넌호텔 구로,37.568925,126.9843489,lodgement,158,57,3.7491228070175437,restaurant,lodgement,
호텔컬리넌 역삼,37.568925,126.9843489,lodgement,158,57,3.7491228070175437,restaurant,lodgement,
호텔컬리넌 왕십리,37.568925,126.9843489,lodgement,158,57,3.7491228070175437,restaurant,lodgement,
호텔케이월드,37.568925,126.9843489,lodgement,158,57,3.7491228070175437,restaurant,lodgement,
호텔크레센도 서울,37.5423405,126.9476288,lodgement,191,8,3.9375,restaurant,lodgement,
호텔토마스 명동,37.5694143,126.9891127,lodgement,142,29,3.706896551724138,restaurant,lodgement,
호텔페이토 삼성,37.5817246,127.0476563,lodgement,108,7,4.114285714285715,restaurant,lodgement,
호텔포코 성수,37.5131296,127.1103527,lodgement,386,21,3.842857142857143,restaurant,lodgement,
홀리데이 인 익스프레스 서울 홍대,37.5106311,127.1064158,lodgement,386,21,3.842857142857143,restaurant,lodgement,
홍대스타일게스트하우스,37.5238998,127.0542114,lodgement,337,7,4.228571428571429,restaurant,lodgement,
화이트테일,37.528807,126.8463384,lodgement,259,4,3.875,lodgement,,
회랑정,37.5063608,127.0312266,lodgement,322,6,3.733333333333333,restaurant,lodgement,
